tag	count	franchises
hatsune miku	75449	vocaloid
hakurei reimu	53738	touhou
kirisame marisa	44234	touhou
flandre scarlet	42857	touhou
remilia scarlet	37210	touhou
artoria pendragon (fate)	30855	fate (series), fate/grand order, fate/stay night
izayoi sakuya	30132	touhou
komeiji koishi	28509	touhou
cirno	25856	touhou
konpaku youmu	24801	touhou
patchouli knowledge	23201	touhou
kochiya sanae	22692	touhou
yakumo yukari	22361	touhou
alice margatroid	22250	touhou
admiral (kancolle)	21631	kantai collection
sensei (blue archive)	21003	blue archive
shameimaru aya	20938	touhou
fujiwara no mokou	20005	touhou
komeiji satori	19223	touhou
reisen udongein inaba	19130	touhou
inubashiri momiji	18030	touhou
ganyu (genshin impact)	17520	genshin impact
akemi homura	16576	mahou shoujo madoka magica, mahou shoujo madoka magica (anime), mahou shoujo madoka magica: hangyaku no monogatari
hong meiling	16410	touhou
kaname madoka	15972	mahou shoujo madoka magica, mahou shoujo madoka magica (anime), mahou shoujo madoka magica: hangyaku no monogatari
saigyouji yuyuko	15972	touhou
mash kyrielight	15840	fate (series), fate/grand order
warrior of light (ff14)	15587	final fantasy, final fantasy xiv, original
shimakaze (kancolle)	15230	kantai collection
kaenbyou rin	15188	touhou
raiden shogun	15051	genshin impact
yakumo ran	15031	touhou
lumine (genshin impact)	14718	genshin impact
reiuji utsuho	14192	touhou
konpaku youmu (ghost)	14087	touhou
rumia	13963	touhou
houshou marine	13829	hololive
kaga (kancolle)	13806	kantai collection
gawr gura	13514	hololive, hololive english
chen	13297	touhou
yuuka (blue archive)	13065	blue archive
shigure (kancolle)	13014	kantai collection
hibiki (kancolle)	12869	kantai collection
kazami yuuka	12695	touhou
souryuu asuka langley	12532	neon genesis evangelion, rebuild of evangelion, evangelion: 3.0 you can (not) redo
moriya suwako	12472	touhou
asuna (blue archive)	12466	blue archive
kagamine rin	12455	vocaloid
gotoh hitori	12269	bocchi the rock!
doodle sensei (blue archive)	12204	blue archive
hu tao (genshin impact)	11990	genshin impact
tatara kogasa	11873	touhou
hinanawi tenshi	11761	touhou
kawashiro nitori	11758	touhou
link	11732	the legend of zelda, the legend of zelda: breath of the wild, the legend of zelda: tears of the kingdom
tamamo (fate)	11726	fate (series), fate/grand order, fate/extra
fujimaru ritsuka (male)	11699	fate (series), fate/grand order
shirakami fubuki	11305	hololive
hina (blue archive)	11188	blue archive
saber (fate)	11173	fate (series), fate/stay night, fate/grand order
hoshimachi suisei	11168	hololive
jeanne d'arc alter (fate)	11159	fate (series), fate/grand order
fujimaru ritsuka (female)	11020	fate (series), fate/grand order
mystia lorelei	10903	touhou
shiroko (blue archive)	10659	blue archive
trailblazer (honkai: star rail)	10629	honkai (series), honkai: star rail
kamishirasawa keine	10533	touhou
princess zelda	10458	the legend of zelda, the legend of zelda: tears of the kingdom, the legend of zelda: breath of the wild
tifa lockhart	10403	final fantasy, final fantasy vii, final fantasy vii remake
miki sayaka	10363	mahou shoujo madoka magica, mahou shoujo madoka magica (anime)
koakuma	10344	touhou
houraisan kaguya	10263	touhou
inaba tewi	10158	touhou
ibuki suika	10152	touhou
abigail williams (fate)	9955	fate (series), fate/grand order
furina (genshin impact)	9867	genshin impact
yae miko	9852	genshin impact
firefly (honkai: star rail)	9580	honkai (series), honkai: star rail
nazrin	9386	touhou
hoshino (blue archive)	9341	blue archive
sakura kyoko	9264	mahou shoujo madoka magica, mahou shoujo madoka magica (anime)
2b (nier:automata)	9229	nier (series), nier:automata
nero claudius (fate)	9145	fate (series), fate/grand order, fate/extra
mika (blue archive)	9143	blue archive
aether (genshin impact)	9060	genshin impact
frieren	9002	sousou no frieren
yuudachi (kancolle)	8994	kantai collection
tomoe mami	8933	mahou shoujo madoka magica, mahou shoujo madoka magica (anime)
usada pekora	8865	hololive
hamakaze (kancolle)	8845	kantai collection
kongou (kancolle)	8749	kantai collection
ninomae ina'nis	8690	hololive, hololive english
mori calliope	8630	hololive, hololive english
houjuu nue	8571	touhou
manjuu (azur lane)	8554	azur lane
toki (blue archive)	8486	blue archive
rem (re:zero)	8323	re:zero kara hajimeru isekai seikatsu
inkling player character	8308	splatoon (series), splatoon 1, splatoon 3
kashima (kancolle)	8228	kantai collection
doctor (arknights)	8214	arknights
shigure kai ni (kancolle)	8204	kantai collection
jeanne d'arc alter (avenger) (fate)	8181	fate (series), fate/grand order
yor briar	8177	spy x family
minato aqua	8168	hololive
megumin	8156	kono subarashii sekai ni shukufuku wo!
inazuma (kancolle)	8153	kantai collection
scathach (fate)	8143	fate (series), fate/grand order
fubuki (kancolle)	8106	kantai collection
nekomata okayu	8035	hololive
hijiri byakuren	8018	touhou
gardevoir	7946	pokemon
scaramouche (genshin impact)	7898	genshin impact
amiya (arknights)	7844	arknights
ouro kronii	7831	hololive, hololive english
nahida (genshin impact)	7828	genshin impact
nanashi mumei	7785	hololive, hololive english
sakura miko	7673	hololive
illyasviel von einzbern	7647	fate (series), fate/kaleid liner prisma illya, fate/stay night
mona (genshin impact)	7530	genshin impact
imaizumi kagerou	7528	touhou
nishizumi miho	7527	girls und panzer
tokoyami towa	7505	hololive
rio (blue archive)	7501	blue archive
mizuhashi parsee	7488	touhou
yagokoro eirin	7470	touhou
zhongli (genshin impact)	7459	genshin impact
akemi homura (magical girl)	7453	mahou shoujo madoka magica, mahou shoujo madoka magica (anime)
inkling girl	7453	splatoon (series), splatoon 1, splatoon 3
haruna (kancolle)	7396	kantai collection
stelle (honkai: star rail)	7336	honkai (series), honkai: star rail
yasaka kanako	7253	touhou
mari (blue archive)	7239	blue archive
koharu (blue archive)	7204	blue archive
misaka mikoto	7200	toaru majutsu no index, toaru kagaku no railgun
takanashi kiara	7193	hololive, hololive english
yuudachi kai ni (kancolle)	7178	kantai collection
suzuya (kancolle)	7152	kantai collection
akagi (kancolle)	7143	kantai collection
tenryuu (kancolle)	7125	kantai collection
kisaki (blue archive)	7118	blue archive
megurine luka	7114	vocaloid
makima (chainsaw man)	7077	chainsaw man
keqing (genshin impact)	7067	genshin impact
akatsuki (kancolle)	7052	kantai collection
ikazuchi (kancolle)	6982	kantai collection
daiyousei	6980	touhou
aris (blue archive)	6904	blue archive
ayanami rei	6861	neon genesis evangelion, rebuild of evangelion
kagiyama hina	6794	touhou
jeanne d'arc (fate)	6783	fate (series), fate/grand order, fate/apocrypha
kazusa (blue archive)	6763	blue archive
trainer (umamusume)	6584	umamusume
texas (arknights)	6508	arknights
pikachu	6499	pokemon, pokemon (anime)
zuikaku (kancolle)	6493	kantai collection
toyosatomimi no miko	6486	touhou
shiki eiki	6474	touhou
agnes tachyon (umamusume)	6434	umamusume
kafuu chino	6420	gochuumon wa usagi desu ka?
okita souji (fate)	6420	fate (series), fate/grand order, koha-ace
lillie (pokemon)	6391	pokemon, pokemon sm, pokemon (anime)
shuten douji (fate)	6381	fate (series), fate/grand order
producer (idolmaster)	6370	idolmaster, idolmaster cinderella girls, idolmaster shiny colors
dawn (pokemon)	6329	pokemon, pokemon dppt, pokemon (anime)
pyra (xenoblade)	6314	xenoblade chronicles (series), xenoblade chronicles 2
gawr gura (1st costume)	6312	hololive, hololive english
kasane teto	6301	utau, synthesizer v, vocaloid
kagamine len	6279	vocaloid
tohsaka rin	6257	fate (series), fate/stay night
marnie (pokemon)	6253	pokemon, pokemon swsh
wriggle nightbug	6245	touhou
nakano azusa	6242	k-on!
hoshiguma yuugi	6210	touhou
kamisato ayaka	6196	genshin impact
kayoko (blue archive)	6188	blue archive
watson amelia	6179	hololive, hololive english
akiyama mio	6178	k-on!
yuzuki yukari	6164	voiceroid, vocaloid
byleth (fire emblem)	6162	fire emblem, fire emblem: three houses, fire emblem heroes
nagato (kancolle)	6150	kantai collection
shanghai doll	6148	touhou
serval (kemono friends)	6108	kemono friends
tamamo no mae (fate/extra)	6108	fate (series), fate/extra, fate/grand order
amatsukaze (kancolle)	6105	kantai collection
kita ikuyo	6071	bocchi the rock!
karin (blue archive)	6066	blue archive
matoi ryuuko	6053	kill la kill
rosa (pokemon)	6051	pokemon, pokemon bw2, pokemon bw
shibuya rin	6044	idolmaster, idolmaster cinderella girls
usami renko	6013	touhou
paimon (genshin impact)	6000	genshin impact
nishikino maki	5960	love live!, love live! school idol project
onozuka komachi	5905	touhou
venti (genshin impact)	5885	genshin impact
ookami mio	5869	hololive
murakumo (kancolle)	5849	kantai collection
nishikigi chisato	5815	lycoris recoil
astolfo (fate)	5803	fate (series), fate/grand order, fate/apocrypha
kafka (honkai: star rail)	5801	honkai (series), honkai: star rail
fern (sousou no frieren)	5786	sousou no frieren
mononobe no futo	5773	touhou
sakamata chloe	5767	hololive
tojo nozomi	5749	love live!, love live! school idol project
kaname madoka (magical girl)	5728	mahou shoujo madoka magica, mahou shoujo madoka magica (anime)
shirogane noel	5682	hololive
maribel hearn	5680	touhou
morichika rinnosuke	5674	touhou
oozora subaru	5665	hololive
inugami korone	5661	hololive
amane kanata	5657	hololive
suzumiya haruhi	5626	suzumiya haruhi no yuuutsu
yamato (kancolle)	5612	kantai collection
mythra (xenoblade)	5548	xenoblade chronicles (series), xenoblade chronicles 2, super smash bros.
ryuujou (kancolle)	5543	kantai collection
skadi (arknights)	5517	arknights
eula (genshin impact)	5515	genshin impact
asuna (bunny) (blue archive)	5513	blue archive
mordred (fate)	5486	fate (series), fate/apocrypha, fate/grand order
shenhe (genshin impact)	5473	genshin impact
may (pokemon)	5465	pokemon, pokemon oras, pokemon rse
atago (kancolle)	5449	kantai collection
yazawa nico	5449	love live!, love live! school idol project
klee (genshin impact)	5434	genshin impact
cloud strife	5417	final fantasy, final fantasy vii, final fantasy vii remake
chun-li	5405	street fighter, street fighter 6
aru (blue archive)	5389	blue archive
ellen joe	5337	zenless zone zero
daiwa scarlet (umamusume)	5333	umamusume
arona (blue archive)	5331	blue archive
clownpiece	5329	touhou
hanako (blue archive)	5295	blue archive
hirasawa yui	5278	k-on!
rice shower (umamusume)	5277	umamusume
sonoda umi	5272	love live!, love live! school idol project
darjeeling (girls und panzer)	5269	girls und panzer
plana (blue archive)	5263	blue archive
princess peach	5259	mario (series), super smash bros.
ayase eli	5254	love live!, love live! school idol project
suletta mercury	5242	gundam, gundam suisei no majo
manhattan cafe (umamusume)	5237	umamusume
himekaidou hatate	5214	touhou
samus aran	5198	metroid, super smash bros.
ibaraki kasen	5177	touhou
yukihana lamy	5169	hololive
oyama mahiro	5166	onii-chan wa oshimai!
hk416 (girls' frontline)	5165	girls' frontline
ijichi nijika	5164	bocchi the rock!
aerith gainsborough	5137	final fantasy, final fantasy vii, final fantasy vii remake
bb (fate)	5109	fate (series), fate/grand order, fate/extra
boo tao (genshin impact)	5100	genshin impact
nami (one piece)	5091	one piece
hata no kokoro	5082	touhou
hilda (pokemon)	5080	pokemon, pokemon bw, pokemon bw2
fate testarossa	5065	lyrical nanoha, mahou shoujo lyrical nanoha strikers, mahou shoujo lyrical nanoha
elysia (honkai impact)	5049	honkai (series), honkai impact 3rd
shishiro botan	5040	hololive
cynthia (pokemon)	5036	pokemon, pokemon dppt
march 7th (honkai: star rail)	5036	honkai: star rail, honkai (series)
acheron (honkai: star rail)	5032	honkai: star rail, honkai (series)
ako (blue archive)	5030	blue archive
kasodani kyouko	5025	touhou
houshou (kancolle)	5020	kantai collection
minamoto no raikou (fate)	5011	fate (series), fate/grand order
aqua (konosuba)	4995	kono subarashii sekai ni shukufuku wo!
houshou marine (1st costume)	4972	hololive
kinomoto sakura	4967	cardcaptor sakura
nanami chiaki	4928	danganronpa (series), danganronpa 2: goodbye despair, galaga
byleth (female) (fire emblem)	4907	fire emblem, fire emblem: three houses, fire emblem heroes
noa (blue archive)	4902	blue archive
asashio (kancolle)	4889	kantai collection
prinz eugen (kancolle)	4867	kantai collection
jeanne d'arc (ruler) (fate)	4854	fate (series), fate/apocrypha, fate/grand order
junko (touhou)	4849	touhou
kiana kaslana	4843	honkai (series), honkai impact 3rd
nilou (genshin impact)	4826	genshin impact
tomoe mami (magical girl)	4813	mahou shoujo madoka magica, mahou shoujo madoka magica (anime)
lappland (arknights)	4802	arknights
nishizumi maho	4800	girls und panzer
toki (bunny) (blue archive)	4783	blue archive
momoi (blue archive)	4779	blue archive
mejiro mcqueen (umamusume)	4778	umamusume
miki sayaka (magical girl)	4755	mahou shoujo madoka magica, mahou shoujo madoka magica (anime)
inoue takina	4723	lycoris recoil
ushio (kancolle)	4722	kantai collection
yukikaze (kancolle)	4694	kantai collection
higuchi madoka	4680	idolmaster, idolmaster shiny colors
kyubey	4664	mahou shoujo madoka magica, mahou shoujo madoka magica (anime)
morrigan aensland	4650	darkstalkers
hakos baelz	4643	hololive, hololive english
kaku seiga	4634	touhou
miorine rembran	4633	gundam, gundam suisei no majo
yumemi riamu	4614	idolmaster, idolmaster cinderella girls, idolmaster cinderella girls starlight stage
power (chainsaw man)	4611	chainsaw man
akebono (kancolle)	4596	kantai collection
gloria (pokemon)	4594	pokemon, pokemon swsh
ceres fauna	4571	hololive, hololive english
rensouhou-chan	4557	kantai collection
gold ship (umamusume)	4554	umamusume
anchovy (girls und panzer)	4546	girls und panzer
anya (spy x family)	4525	spy x family
bremerton (azur lane)	4504	azur lane
ooyodo (kancolle)	4504	kantai collection
xiao (genshin impact)	4492	genshin impact
taihou (azur lane)	4491	azur lane
mirko	4484	boku no hero academia
watanabe you	4467	love live!, love live! sunshine!!
ereshkigal (fate)	4455	fate (series), fate/grand order
itsumi erika	4446	girls und panzer
okita souji (koha-ace)	4446	fate (series), fate/grand order, koha-ace
suzuran (arknights)	4446	arknights, luo xiaohei zhanji
la+ darknesss	4445	hololive
yamada ryo	4436	bocchi the rock!
tokai teio (umamusume)	4417	umamusume
murasaki shion	4416	hololive
kijin seija	4405	touhou
shoukaku (kancolle)	4404	kantai collection
mordred (fate/apocrypha)	4383	fate (series), fate/apocrypha, fate/grand order
tartaglia (genshin impact)	4379	genshin impact
d.va (overwatch)	4376	overwatch, overwatch 1
kanna (blue archive)	4368	blue archive
baobhan sith (fate)	4366	fate/grand order, fate (series)
toramaru shou	4357	touhou
asuna (sao)	4356	sword art online
takao (kancolle)	4339	kantai collection
oshino shinobu	4338	monogatari (series), bakemonogatari, kizumonogatari
sekibanki	4331	touhou
hoshii miki	4324	idolmaster, idolmaster (classic), idolmaster million live!
kitagawa marin	4296	sono bisque doll wa koi wo suru
tainaka ritsu	4286	k-on!
shirasaka koume	4274	idolmaster, idolmaster cinderella girls
saori (blue archive)	4262	blue archive
musashi (kancolle)	4248	kantai collection
marcille donato	4246	dungeon meshi
medusa (fate)	4246	fate (series), fate/stay night, fate/grand order
meltryllis (fate)	4231	fate (series), fate/grand order, fate/extra
bismarck (kancolle)	4219	kantai collection
nero claudius (fate/extra)	4218	fate (series), fate/extra, fate/grand order
mutsu (kancolle)	4214	kantai collection
mutsuki (blue archive)	4207	blue archive
formidable (azur lane)	4200	azur lane
kaban (kemono friends)	4188	kemono friends
nagae iku	4185	touhou
miyu (blue archive)	4179	blue archive
aki minoriko	4164	touhou
ro-500 (kancolle)	4160	kantai collection
iowa (kancolle)	4150	kantai collection
sparkle (honkai: star rail)	4146	honkai (series), honkai: star rail
atago (azur lane)	4142	azur lane
nakiri ayame	4141	hololive
shiranui flare	4125	hololive
miyako yoshika	4124	touhou
minami kotori	4102	love live!, love live! school idol project
midori (blue archive)	4098	blue archive
miyamoto musashi (fate)	4097	fate (series), fate/grand order
iono (pokemon)	4076	pokemon, pokemon sv
kurodani yamame	4067	touhou
hecatia lapislazuli	4062	touhou
uruha rushia	4057	hololive
kal'tsit (arknights)	4037	arknights
prinz eugen (azur lane)	4036	azur lane
sagisawa fumika	4028	idolmaster, idolmaster cinderella girls, idolmaster cinderella girls starlight stage
sukuna shinmyoumaru	4025	touhou
hoshimi miyabi	4024	zenless zone zero
ishtar (fate)	4001	fate (series), fate/grand order
denji (chainsaw man)	4000	chainsaw man
karyl (princess connect!)	3999	princess connect!
matou sakura	3989	fate (series), fate/stay night, heaven's feel
murasa minamitsu	3981	touhou
tsukino usagi	3950	bishoujo senshi sailor moon, bishoujo senshi sailor moon s, bishoujo senshi sailor moon (first season)
saber alter	3935	fate (series), fate/grand order, fate/stay night
shijou takane	3930	idolmaster, idolmaster (classic), idolmaster million live!
hasumi (blue archive)	3923	blue archive
wanderer (genshin impact)	3919	genshin impact
c.c.	3918	code geass
kirby	3916	kirby (series), super smash bros., mario (series)
fu hua	3912	honkai (series), honkai impact 3rd
takamachi nanoha	3899	lyrical nanoha, mahou shoujo lyrical nanoha strikers, mahou shoujo lyrical nanoha
arlecchino (genshin impact)	3891	genshin impact
usada pekora (1st costume)	3891	hololive
kasumi (kancolle)	3884	kantai collection
sendai (kancolle)	3884	kantai collection
silence suzuka (umamusume)	3876	umamusume
soga no tojiko	3868	touhou
djeeta (granblue fantasy)	3867	granblue fantasy
serena (pokemon)	3861	pokemon, pokemon xy, pokemon (anime)
northern ocean princess	3855	kantai collection
yelan (genshin impact)	3849	genshin impact
emiya shirou	3813	fate (series), fate/stay night, fate/grand order
sakura kyoko (magical girl)	3809	mahou shoujo madoka magica, mahou shoujo madoka magica (anime)
akiyama yukari	3782	girls und panzer
kitakami (kancolle)	3774	kantai collection
sangonomiya kokomi	3769	genshin impact
takagaki kaede	3764	idolmaster, idolmaster cinderella girls
shiranui mai	3758	fatal fury, the king of fighters, street fighter
caelus (honkai: star rail)	3756	honkai (series), honkai: star rail
senketsu	3753	kill la kill
kotobuki tsumugi	3742	k-on!
commander (azur lane)	3725	azur lane
corrin (fire emblem)	3716	fire emblem, fire emblem fates, fire emblem heroes
morgan le fay (fate)	3705	fate (series), fate/grand order
edelgard von hresvelg	3682	fire emblem, fire emblem: three houses
raiden mei	3679	honkai (series), honkai impact 3rd
takarada rikka	3665	gridman universe, ssss.gridman, gridman universe (film)
hestia (danmachi)	3661	dungeon ni deai wo motomeru no wa machigatteiru darou ka
shimamura uzuki	3661	idolmaster, idolmaster cinderella girls, idolmaster cinderella girls starlight stage
seia (blue archive)	3656	blue archive
sirius (azur lane)	3654	azur lane
lucina (fire emblem)	3647	fire emblem, fire emblem awakening, fire emblem heroes
selene (pokemon)	3643	pokemon, pokemon sm, pokemon usum
shiori novella	3630	hololive, hololive english
cammy white	3617	street fighter, street fighter 6, street fighter zero (series)
ui (blue archive)	3611	blue archive
nakano nino	3608	go-toubun no hanayome
nerissa ravencroft	3605	hololive, hololive english
tachibana arisu	3604	idolmaster, idolmaster cinderella girls, idolmaster cinderella girls u149
belfast (azur lane)	3601	azur lane
aki shizuha	3586	touhou
son goku	3585	dragon ball, dragon ball z, dragon ball super
kiryu coco	3584	hololive
jougasaki mika	3569	idolmaster, idolmaster cinderella girls, idolmaster cinderella girls starlight stage
shirakami fubuki (1st costume)	3552	hololive
satono diamond (umamusume)	3550	umamusume
ch'en (arknights)	3549	arknights
fischl (genshin impact)	3542	genshin impact
neru (blue archive)	3533	blue archive
nagato yuki	3528	suzumiya haruhi no yuuutsu, suzumiya haruhi no shoushitsu
verniy (kancolle)	3514	kantai collection
irys (hololive)	3511	hololive, hololive english
bronya zaychik	3507	honkai (series), honkai impact 3rd
natsuiro matsuri	3507	hololive
surtr (arknights)	3503	arknights
ahri (league of legends)	3502	league of legends
hiiragi kagami	3491	lucky star
reisalin stout	3479	atelier (series), atelier ryza, atelier ryza 1
exusiai (arknights)	3477	arknights
kosaka honoka	3475	love live!, love live! school idol project
futatsuiwa mamizou	3472	touhou
chloe von einzbern	3465	fate (series), fate/kaleid liner prisma illya, fate/grand order
ichinose shiki	3455	idolmaster, idolmaster cinderella girls, idolmaster cinderella girls starlight stage
kiryuuin satsuki	3450	kill la kill
barbara (genshin impact)	3444	genshin impact
kikuchi makoto	3440	idolmaster, idolmaster (classic), idolmaster million live!
samidare (kancolle)	3429	kantai collection
kokkoro (princess connect!)	3428	princess connect!
robin (honkai: star rail)	3428	honkai: star rail, honkai (series)
yoko littner	3420	tengen toppa gurren lagann
hakui koyori	3408	hololive
jane doe (zenless zone zero)	3405	zenless zone zero
nonomi (blue archive)	3397	blue archive
w (arknights)	3388	arknights
kama (fate)	3384	fate (series), fate/grand order
nakano miku	3382	go-toubun no hanayome
hifumi (blue archive)	3378	blue archive
graf zeppelin (kancolle)	3375	kantai collection
izumi konata	3368	lucky star
jean (genshin impact)	3364	genshin impact
miyako (blue archive)	3364	blue archive
emilia (re:zero)	3363	re:zero kara hajimeru isekai seikatsu
mudrock (arknights)	3361	arknights
wakasagihime	3356	touhou
tatsuta (kancolle)	3351	kantai collection
tsushima yoshiko	3347	love live!, love live! sunshine!!
ump45 (girls' frontline)	3347	girls' frontline
fuwawa abyssgard	3340	hololive, hololive english
kisaragi chihaya	3336	idolmaster, idolmaster (classic), idolmaster million live!
letty whiterock	3330	touhou
kishin sagume	3327	touhou
souryuu (kancolle)	3315	kantai collection
silver wolf (honkai: star rail)	3309	honkai (series), honkai: star rail
unicorn (azur lane)	3305	azur lane
mococo abyssgard	3283	hololive, hololive english
ooi (kancolle)	3281	kantai collection
bowsette	3279	mario (series), new super mario bros. u deluxe
nice nature (umamusume)	3275	umamusume
mayuzumi fuyuko	3274	idolmaster, idolmaster shiny colors
kanzaki ranko	3272	idolmaster, idolmaster cinderella girls
tatsumaki	3272	one-punch man
minase iori	3260	idolmaster, idolmaster (classic)
shiranui (kancolle)	3254	kantai collection
stocking (psg)	3251	panty & stocking with garterbelt
narmaya (granblue fantasy)	3235	granblue fantasy
ultimate madoka	3230	mahou shoujo madoka magica, mahou shoujo madoka magica (anime), mahou shoujo madoka magica: hangyaku no monogatari
kumoi ichirin	3228	touhou
mario	3228	mario (series), new super mario bros. u deluxe, super smash bros.
akashi (kancolle)	3216	kantai collection
yoimiya (genshin impact)	3205	genshin impact
kaedehara kazuha	3196	genshin impact
florence nightingale (fate)	3182	fate (series), fate/grand order
shiroko (swimsuit) (blue archive)	3180	blue archive
kitasan black (umamusume)	3177	umamusume
yuuka (track) (blue archive)	3177	blue archive
amami haruka	3160	idolmaster, idolmaster (classic), idolmaster million live!
yamashiro (kancolle)	3155	kantai collection
medusa (rider) (fate)	3148	fate (series), fate/stay night, fate/grand order
ganaha hibiki	3135	idolmaster, idolmaster (classic)
meiko (vocaloid)	3127	vocaloid
shokuhou misaki	3119	toaru majutsu no index, toaru kagaku no railgun, toaru kagaku no mental out
sakurauchi riko	3117	love live!, love live! sunshine!!
yamakaze (kancolle)	3110	kantai collection
zuihou (kancolle)	3104	kantai collection
bridget (guilty gear)	3100	guilty gear, guilty gear strive, guilty gear xx
lily white	3097	touhou
midoriya izuku	3087	boku no hero academia
pecorine (princess connect!)	3077	princess connect!
nico robin	3075	one piece
karin (bunny) (blue archive)	3074	blue archive
don-chan (usada pekora)	3073	hololive
jack the ripper (fate/apocrypha)	3066	fate (series), fate/apocrypha, fate/grand order
corrin (female) (fire emblem)	3065	fire emblem, fire emblem fates, fire emblem heroes
kay (girls und panzer)	3059	girls und panzer
ayanami (azur lane)	3057	azur lane
archer (fate)	3046	fate (series), fate/stay night, fate/grand order
kazama iroha	3040	hololive
sazanami (kancolle)	3040	kantai collection
hoshizora rin	3039	love live!, love live! school idol project
twilight (spy x family)	3037	spy x family
oda nobunaga (fate)	3030	fate (series), fate/grand order, koha-ace
artoria caster (fate)	3014	fate (series), fate/grand order
kuroki tomoko	3007	watashi ga motenai no wa dou kangaetemo omaera ga warui!
gilgamesh (fate)	3005	fate (series), fate/grand order, fate/stay night
kaito (vocaloid)	3004	vocaloid, project sekai
amamiya ren	2999	persona, persona 5, persona 5 the royal
nitocris (fate)	2982	fate/grand order, fate (series)
octoling player character	2981	splatoon (series), splatoon 2, splatoon 3
iori (blue archive)	2972	blue archive
nessa (pokemon)	2971	pokemon, pokemon swsh
monster hunter (character)	2963	monster hunter (series), monster hunter: world
murasame (kancolle)	2959	kantai collection
hex maniac (pokemon)	2941	pokemon, pokemon xy, pokemon legends: z-a
hieda no akyuu	2938	touhou
izuna (blue archive)	2938	blue archive
artoria pendragon (lancer) (fate)	2914	fate (series), fate/grand order
hiei (kancolle)	2913	kantai collection
akari (pokemon)	2907	pokemon, pokemon legends: arceus
takodachi (ninomae ina'nis)	2904	hololive, hololive english
holo	2903	spice and wolf
naganami (kancolle)	2902	kantai collection
misty (pokemon)	2901	pokemon, pokemon (anime), pokemon (classic anime)
shimada arisu	2892	girls und panzer
bea (pokemon)	2886	pokemon, pokemon swsh
iseri nina	2881	girls band cry
ex-keine	2877	touhou
futaba anzu	2875	idolmaster, idolmaster cinderella girls
dark magician girl	2874	yu-gi-oh!
callie (splatoon)	2871	splatoon (series), splatoon 1, splatoon 2
ishmael (project moon)	2871	project moon, limbus company
hiroi kikuri	2870	bocchi the rock!
yuubari (kancolle)	2867	kantai collection
symboli rudolf (umamusume)	2856	umamusume
zero two (darling in the franxx)	2856	darling in the franxx
eevee	2849	pokemon, pokemon swsh
robin (fire emblem)	2847	fire emblem, fire emblem awakening, fire emblem heroes
shirai kuroko	2841	toaru majutsu no index, toaru kagaku no railgun
sailor moon	2840	bishoujo senshi sailor moon, bishoujo senshi sailor moon s, bishoujo senshi sailor moon (first season)
kiyohime (fate)	2831	fate (series), fate/grand order
anastasia (idolmaster)	2830	idolmaster, idolmaster cinderella girls
takebe saori	2829	girls und panzer
dusk (arknights)	2823	arknights
amber (genshin impact)	2822	genshin impact
gokou ruri	2813	ore no imouto ga konna ni kawaii wake ga nai
watson amelia (1st costume)	2813	hololive, hololive english
shiroko terror (blue archive)	2803	blue archive
nitta minami	2788	idolmaster, idolmaster cinderella girls, idolmaster cinderella girls starlight stage
falin touden	2781	dungeon meshi
omaru polka	2776	hololive
yorigami shion	2776	touhou
jougasaki rika	2774	idolmaster, idolmaster cinderella girls
monkey d. luffy	2772	one piece
yuzu (blue archive)	2767	blue archive
toga himiko	2760	boku no hero academia
elizabeth bathory (fate)	2757	fate (series), fate/grand order, fate/extra
march 7th (preservation) (honkai: star rail)	2750	honkai: star rail, honkai (series)
ruby rose	2747	rwby
doremy sweet	2745	touhou
atlanta (kancolle)	2744	kantai collection
belle (zenless zone zero)	2734	zenless zone zero
nicole demara	2733	zenless zone zero
wo-class aircraft carrier	2732	kantai collection
illustrious (azur lane)	2730	azur lane
miyu edelfelt	2727	fate (series), fate/kaleid liner prisma illya, fate/grand order
ikari shinji	2711	neon genesis evangelion, rebuild of evangelion
ninomae ina'nis (1st costume)	2706	hololive, hololive english
kirishima (kancolle)	2699	kantai collection
mercy (overwatch)	2699	overwatch, overwatch 1
han juri	2695	street fighter, street fighter 6, street fighter iv (series)
hoto cocoa	2685	gochuumon wa usagi desu ka?
koizumi hanayo	2679	love live!, love live! school idol project
nanashi mumei (1st costume)	2677	hololive, hololive english
izumi sagiri	2674	eromanga sensei
shu (arknights)	2673	arknights
katyusha (girls und panzer)	2671	girls und panzer
dan heng (honkai: star rail)	2663	honkai: star rail, honkai (series)
qiqi (genshin impact)	2661	genshin impact
special week (umamusume)	2661	umamusume
marie (splatoon)	2660	splatoon (series), splatoon 1, splatoon 2
tomoe gozen (fate)	2660	fate (series), fate/grand order
serika (blue archive)	2655	blue archive
cu chulainn (fate)	2654	fate (series), fate/grand order, fate/stay night
weiss schnee	2651	rwby
ibuki (blue archive)	2648	blue archive
tsunomaki watame	2648	hololive
ram (re:zero)	2635	re:zero kara hajimeru isekai seikatsu
kizuna akari	2632	voiceroid, vocaloid
nia (xenoblade)	2627	xenoblade chronicles (series), xenoblade chronicles 2, xenoblade chronicles 3
iroha (blue archive)	2619	blue archive
mostima (arknights)	2617	arknights
sakurai momoka	2617	idolmaster, idolmaster cinderella girls, idolmaster cinderella girls u149
wa2000 (girls' frontline)	2612	girls' frontline
nian (arknights)	2610	arknights
hanako (swimsuit) (blue archive)	2609	blue archive
rika (pokemon)	2607	pokemon, pokemon sv
ash ketchum	2606	pokemon, pokemon (anime), pokemon (classic anime)
arcueid brunestud	2603	tsukihime, tsukihime (remake), fate (series)
z3 max schultz (kancolle)	2600	kantai collection
don quixote (project moon)	2589	project moon, limbus company
furude rika	2588	higurashi no naku koro ni
kawaragi momoka	2588	girls band cry
i-19 (kancolle)	2584	kantai collection
medicine melancholy	2578	touhou
female admiral (kancolle)	2570	kantai collection
kanna kamui	2568	kobayashi-san chi no maidragon
sakamata chloe (1st costume)	2566	hololive
ouro kronii (1st costume)	2558	hololive, hololive english
super sonico	2558	nitroplus
yoshida yuuko (machikado mazoku)	2554	machikado mazoku
kisume	2549	touhou, subterranean animism
maekawa miku	2548	idolmaster, idolmaster cinderella girls
azusa (blue archive)	2535	blue archive
i-401 (kancolle)	2535	kantai collection
gojou satoru	2531	jujutsu kaisen
warspite (kancolle)	2531	kantai collection
red (pokemon)	2526	pokemon, pokemon frlg, pokemon rgby
ichika (blue archive)	2524	blue archive
laffey (azur lane)	2523	azur lane
shinosawa hiro	2516	gakuen idolmaster, idolmaster
sanya v. litvyak	2514	world witches series, strike witches
hayami kanade	2512	idolmaster, idolmaster cinderella girls, idolmaster cinderella girls starlight stage
sonic the hedgehog	2512	sonic (series), sonic the hedgehog (classic)
darkness (konosuba)	2505	kono subarashii sekai ni shukufuku wo!
rosalina	2500	mario (series), super mario galaxy, super smash bros.
jinx (league of legends)	2494	league of legends, arcane: league of legends
hibiki (blue archive)	2492	blue archive
kirigiri kyoko	2489	danganronpa (series), danganronpa: trigger happy havoc, danganronpa 2: goodbye despair
enoshima junko	2487	danganronpa (series), danganronpa: trigger happy havoc, danganronpa 2: goodbye despair
inugami korone (1st costume)	2486	hololive
diluc (genshin impact)	2482	genshin impact
mika (girls und panzer)	2480	girls und panzer
akai haato	2477	hololive
lana (pokemon)	2466	pokemon, pokemon sm, pokemon (anime)
star sapphire	2466	touhou
katsushika hokusai (fate)	2461	fate/grand order, fate (series)
kamado nezuko	2459	kimetsu no yaiba
mori calliope (1st costume)	2457	hololive, hololive english
satou kazuma	2453	kono subarashii sekai ni shukufuku wo!
nakano yotsuba	2451	go-toubun no hanayome
z1 leberecht maass (kancolle)	2450	kantai collection
eila ilmatar juutilainen	2440	world witches series, strike witches
seele vollerei	2431	honkai (series), honkai impact 3rd
tsukishiro yanagi	2428	zenless zone zero
alice (alice in wonderland)	2421	alice in wonderland, original
aventurine (honkai: star rail)	2417	honkai: star rail, honkai (series)
tsukino mito	2417	nijisanji
specter (arknights)	2413	arknights
boko (girls und panzer)	2411	girls und panzer
kirima syaro	2410	gochuumon wa usagi desu ka?
hikari (blue archive)	2407	blue archive
hatsuzuki (kancolle)	2405	kantai collection
seaport princess	2404	kantai collection
arima kana	2399	oshi no ko
gumi	2399	vocaloid
urakaze (kancolle)	2393	kantai collection
herta (honkai: star rail)	2388	honkai (series), honkai: star rail
koshimizu sachiko	2385	idolmaster, idolmaster cinderella girls
hiryuu (kancolle)	2380	kantai collection
yuki miku	2376	vocaloid
common raccoon (kemono friends)	2371	kemono friends
nozomi (blue archive)	2368	blue archive
taihou (kancolle)	2360	kantai collection
wise (zenless zone zero)	2360	zenless zone zero
momosuzu nene	2356	hololive
alhaitham (genshin impact)	2354	genshin impact
tokitsukaze (kancolle)	2354	kantai collection
asakura toru	2351	idolmaster, idolmaster shiny colors
black swan (honkai: star rail)	2351	honkai: star rail, honkai (series)
motoori kosuzu	2344	touhou
kokona (blue archive)	2342	blue archive
takami chika	2339	love live!, love live! sunshine!!
jeanne d'arc alter (swimsuit berserker) (fate)	2338	fate/grand order, fate (series)
black rock shooter (character)	2337	black rock shooter
peroro (blue archive)	2337	blue archive
angelina (arknights)	2335	arknights
takao (azur lane)	2332	azur lane
koseki bijou	2331	hololive, hololive english
hoshino (swimsuit) (blue archive)	2327	blue archive
ohtsuki yui	2325	idolmaster, idolmaster cinderella girls, idolmaster cinderella girls starlight stage
admire vega (umamusume)	2324	umamusume
laios touden	2323	dungeon meshi
maya (kancolle)	2323	kantai collection
haruno sakura	2317	naruto (series), naruto, naruto shippuuden
hachimiya meguru	2312	idolmaster, idolmaster shiny colors
saratoga (kancolle)	2311	kantai collection
yorigami jo'on	2310	touhou
enterprise (azur lane)	2308	azur lane
wakamo (blue archive)	2308	blue archive
mikasa ackerman	2307	shingeki no kyojin
juliana (pokemon)	2298	pokemon, pokemon sv
yukine chris	2296	senki zesshou symphogear
twin turbo (umamusume)	2292	umamusume
reze (chainsaw man)	2289	chainsaw man
hilda valentine goneril	2288	fire emblem, fire emblem: three houses, fire emblem heroes
clorinde (genshin impact)	2287	genshin impact
ningguang (genshin impact)	2283	genshin impact
takatsuki yayoi	2283	idolmaster, idolmaster (classic), idolmaster 1
zhu yuan	2282	zenless zone zero
chihaya anon	2281	bang dream!, bang dream! it's mygo!!!!!
sessyoin kiara	2281	fate (series), fate/grand order, fate/extra
higashiyama kobeni	2277	chainsaw man
nekomata okayu (1st costume)	2273	hololive
mash kyrielight (dangerous beast)	2271	fate (series), fate/grand order
ump9 (girls' frontline)	2270	girls' frontline
akagi (azur lane)	2269	azur lane
fennec (kemono friends)	2268	kemono friends
hoshimachi suisei (1st costume)	2264	hololive
aisaka taiga	2263	toradora!
luna child	2261	touhou
melusine (fate)	2261	fate/grand order, fate (series)
fairy (kancolle)	2255	kantai collection
saki (blue archive)	2253	blue archive
chouzetsusaikawa tenshi-chan	2252	needy girl overdose
reizei mako	2252	girls und panzer
skadi the corrupting heart (arknights)	2251	arknights
oma kokichi	2248	danganronpa (series), danganronpa v3: killing harmony
octoling girl	2247	splatoon (series), splatoon 2, splatoon 3
makise kurisu	2246	steins;gate
roronoa zoro	2246	one piece
kieran (pokemon)	2245	pokemon, pokemon sv
lum	2236	urusei yatsura
kaga (azur lane)	2233	azur lane
lize helesta	2231	nijisanji
mayano top gun (umamusume)	2223	umamusume
unryuu (kancolle)	2223	kantai collection
yahagi (kancolle)	2218	kantai collection
isokaze (kancolle)	2216	kantai collection
yoru (chainsaw man)	2216	chainsaw man
suigintou	2214	rozen maiden
usami sumireko	2212	touhou
takane lui	2211	hololive
lysithea von ordelia	2209	fire emblem, fire emblem: three houses, fire emblem heroes
natsu (blue archive)	2209	blue archive
yuuki makoto (persona 3)	2207	persona, persona 3, persona 3 portable
kiyoshimo (kancolle)	2184	kantai collection
akigumo (kancolle)	2179	kantai collection
la+ darknesss (1st costume)	2177	hololive
senjougahara hitagi	2176	monogatari (series), bakemonogatari
mihono bourbon (umamusume)	2174	umamusume
gran (granblue fantasy)	2172	granblue fantasy
yuki setsuna	2172	love live!, love live! nijigasaki high school idol club
dizzy (guilty gear)	2170	guilty gear, guilty gear xrd, guilty gear strive
miura azusa	2168	idolmaster, idolmaster (classic), idolmaster 1
curren chan (umamusume)	2166	umamusume
tippy (gochiusa)	2164	gochuumon wa usagi desu ka?
ashigara (kancolle)	2158	kantai collection
tamamo cat (fate)	2156	fate (series), fate/grand order, fate/extra
yang xiao long	2155	rwby
kochou shinobu	2154	kimetsu no yaiba
elysia (miss pink elf) (honkai impact)	2152	honkai (series), honkai impact 3rd
sunny milk	2152	touhou
bb (swimsuit mooncancer) (fate)	2149	fate (series), fate/grand order
oguri cap (umamusume)	2141	umamusume
hyuuga hinata	2140	naruto (series), naruto shippuuden, naruto
shiratsuyu (kancolle)	2140	kantai collection
matsuura kanan	2138	love live!, love live! sunshine!!
ranma-chan	2129	ranma 1/2
lunasa prismriver	2126	touhou
navia (genshin impact)	2125	genshin impact
rover (wuthering waves)	2125	wuthering waves
i-58 (kancolle)	2124	kantai collection
ibaraki douji (fate)	2124	fate/grand order, fate (series)
kudamaki tsukasa	2124	touhou
ayase momo	2118	dandadan
kaenbyou rin (cat)	2116	touhou
dodoco (genshin impact)	2112	genshin impact
oberon (fate)	2109	fate (series), fate/grand order
kicchou yachie	2106	touhou
narukami yuu	2106	persona, persona 4, persona 3
lilith (darkstalkers)	2103	darkstalkers
theresa apocalypse	2100	honkai (series), honkai impact 3rd
anastasia (fate)	2095	fate/grand order, fate (series)
makinami mari illustrious	2093	neon genesis evangelion, rebuild of evangelion, evangelion: 2.0 you can (not) advance
kasane teto (sv)	2088	utau, synthesizer v, vocaloid
bb (fate/extra)	2086	fate (series), fate/extra, fate/extra ccc
sonia (pokemon)	2085	pokemon, pokemon swsh
shinjou akane	2081	gridman universe, ssss.gridman
kumano (kancolle)	2079	kantai collection
naka (kancolle)	2079	kantai collection
satonaka chie	2076	persona, persona 4
fou (fate)	2075	fate (series), fate/grand order
taigei (kancolle)	2073	kantai collection
elysia (herrscher of human: ego) (honkai impact)	2067	honkai (series), honkai impact 3rd
hanekawa tsubasa	2067	monogatari (series), bakemonogatari, nekomonogatari
tighnari (genshin impact)	2067	genshin impact
lyn (fire emblem)	2063	fire emblem, fire emblem: the blazing blade, fire emblem heroes
pyonta	2063	touhou
matara okina	2062	touhou
ryuuguu rena	2059	higurashi no naku koro ni
uzuki (kancolle)	2058	kantai collection
neuvillette (genshin impact)	2057	genshin impact
saten ruiko	2055	toaru majutsu no index, toaru kagaku no railgun
citlali (genshin impact)	2054	genshin impact
kagari atsuko	2051	little witch academia
kousaka kirino	2048	ore no imouto ga konna ni kawaii wake ga nai
ushiwakamaru (fate)	2047	fate (series), fate/grand order
shinomiya kaguya	2041	kaguya-sama wa kokurasetai ~tensai-tachi no renai zunousen~
mari (track) (blue archive)	2033	blue archive
haruna (blue archive)	2032	blue archive
slime (genshin impact)	2031	genshin impact
shima rin	2028	yurucamp
blade (honkai: star rail)	2025	honkai: star rail, honkai (series)
akagi miria	2024	idolmaster, idolmaster cinderella girls
kujou sara	2024	genshin impact
changli (wuthering waves)	2022	wuthering waves
ak-12 (girls' frontline)	2020	girls' frontline
togawa sakiko	2020	bang dream!, bang dream! it's mygo!!!!!
adachi rei	2019	a.i. voice, utau, vocaloid
gotland (kancolle)	2015	kantai collection
nagasaki soyo	2014	bang dream!, bang dream! it's mygo!!!!!
harusame (kancolle)	2010	kantai collection
yuzuki choco	2010	hololive
eishin flash (umamusume)	2007	umamusume
chitanda eru	2006	hyouka
nero claudius (swimsuit caster) (fate)	2006	fate (series), fate/grand order, fate/extra
springfield (girls' frontline)	2006	girls' frontline
rotom	2003	pokemon, pokemon sv, pokemon swsh
android 18	2002	dragon ball, dragon ball z
shun (blue archive)	2001	blue archive
shirogane naoto	1997	persona, persona 4
kaeya (genshin impact)	1995	genshin impact
yu mei-ren (fate)	1994	fate (series), fate/grand order
morpeko	1991	pokemon, pokemon swsh
himemori luna	1990	hololive
kouzuki kallen	1988	code geass
albedo (genshin impact)	1985	genshin impact
kashiwazaki sena	1978	boku wa tomodachi ga sukunai
kasumi kai ni (kancolle)	1978	kantai collection
meltryllis (swimsuit lancer) (fate)	1976	fate (series), fate/grand order
oboro (kancolle)	1976	kantai collection
uzumaki naruto	1975	naruto (series), naruto, naruto shippuuden
tamamo no mae (swimsuit lancer) (fate)	1973	fate (series), fate/grand order, fate/extra
yanfei (genshin impact)	1972	genshin impact
kiso (kancolle)	1970	kantai collection
itadori yuuji	1965	jujutsu kaisen
touhoku kiritan	1962	voiceroid, vocaloid
kirito	1960	sword art online, sword art online: alicization
kurosawa dia	1960	love live!, love live! sunshine!!
kikyou (blue archive)	1955	blue archive
suzutsuki (kancolle)	1952	kantai collection
akizuki (kancolle)	1950	kantai collection
houjou satoko	1948	higurashi no naku koro ni
leonardo da vinci (fate)	1948	fate (series), fate/grand order
sakura futaba	1948	persona, persona 5
shirase sakuya	1947	idolmaster, idolmaster shiny colors
houshou marine (summer)	1946	hololive
hoshikawa sara	1943	nijisanji
lisa (genshin impact)	1940	genshin impact
amy rose	1939	sonic (series)
elira pendora	1939	nijisanji, nijisanji en
satsuki (kancolle)	1934	kantai collection
takanashi rikka	1934	chuunibyou demo koi ga shitai!
kanroji mitsuri	1932	kimetsu no yaiba
saria (arknights)	1930	arknights
bakugou katsuki	1929	boku no hero academia
erica hartmann	1927	world witches series, strike witches, strike witches: suomus misfits squadron
aoba (kancolle)	1925	kantai collection
hassan of serenity (fate)	1917	fate (series), fate/prototype, fate/prototype: fragments of blue and silver
faust (project moon)	1915	project moon, limbus company
jintsuu (kancolle)	1915	kantai collection
morino rinze	1915	idolmaster, idolmaster shiny colors
mysterious heroine xx (fate)	1914	fate (series), fate/grand order
robin (female) (fire emblem)	1913	fire emblem, fire emblem awakening, fire emblem heroes
haruka (blue archive)	1911	blue archive
yura (kancolle)	1909	kantai collection
asui tsuyu	1906	boku no hero academia
goldenglow (arknights)	1906	arknights
saihara shuichi	1906	danganronpa (series), danganronpa v3: killing harmony
miyafuji yoshika	1902	world witches series, strike witches
sirius symboli (umamusume)	1901	umamusume
st. louis (azur lane)	1901	azur lane
tokisaki kurumi	1900	date a live
minato aqua (1st costume)	1899	hololive
irene (arknights)	1897	arknights, ambience synesthesia
oumae kumiko	1896	hibike! euphonium
kagerou (kancolle)	1895	kantai collection
skyla (pokemon)	1892	pokemon, pokemon bw
lynette (genshin impact)	1891	genshin impact
sora harewataru	1889	precure, hirogaru sky! precure
gambier bay (kancolle)	1888	kantai collection
takanashi kiara (1st costume)	1888	hololive, hololive english
carmine (pokemon)	1886	pokemon, pokemon sv
osaki amana	1883	idolmaster, idolmaster shiny colors
kamikaze (kancolle)	1882	kantai collection
ranni the witch	1879	elden ring
kuwayama chiyuki	1878	idolmaster, idolmaster shiny colors
morikubo nono	1877	idolmaster, idolmaster cinderella girls, idolmaster cinderella girls starlight stage
9s (nier:automata)	1874	nier (series), nier:automata
kunikida hanamaru	1871	love live!, love live! sunshine!!
u-511 (kancolle)	1867	kantai collection
koyanskaya (fate)	1866	fate (series), fate/grand order
camilla (fire emblem)	1865	fire emblem, fire emblem fates, fire emblem heroes
mankanshoku mako	1864	kill la kill
vodka (umamusume)	1864	umamusume
king halo (umamusume)	1863	umamusume
uehara ayumu	1863	love live!, love live! nijigasaki high school idol club
nonna (girls und panzer)	1860	girls und panzer
hoshino ai	1858	oshi no ko
selen tatsuki	1858	nijisanji, nijisanji en
javelin (azur lane)	1857	azur lane, azur lane: slow ahead
azki (hololive)	1852	hololive
akuma homura	1851	mahou shoujo madoka magica, mahou shoujo madoka magica: hangyaku no monogatari
takamaki anne	1850	persona, persona 5
komi shouko	1846	komi-san wa komyushou desu
p-head producer	1839	idolmaster, idolmaster cinderella girls, idolmaster shiny colors
pola (kancolle)	1838	kantai collection
fusou (kancolle)	1835	kantai collection
akatsuki kirika	1834	senki zesshou symphogear
shigure ui (vtuber)	1833	indie virtual youtuber, hololive
raora panthera	1830	hololive, hololive english
shoebill (kemono friends)	1830	kemono friends
yae sakura	1828	honkai (series), honkai impact 3rd
mallow (pokemon)	1827	pokemon, pokemon sm, pokemon (anime)
hagiwara yukiho	1824	idolmaster, idolmaster (classic), idolmaster million live!
ange katrina	1822	nijisanji
michishio (kancolle)	1821	kantai collection
marina (splatoon)	1813	splatoon (series), splatoon 2, splatoon 3
mogami (kancolle)	1811	kantai collection
mr. c.b. (umamusume)	1809	umamusume
mutsuki (kancolle)	1809	kantai collection
cyno (genshin impact)	1808	genshin impact
fujita kotone	1808	gakuen idolmaster, idolmaster
artoria pendragon (lancer alter) (fate)	1805	fate (series), fate/grand order
barghest (fate)	1800	fate (series), fate/grand order
junketsu	1800	kill la kill
matikane tannhauser (umamusume)	1794	umamusume
lusamine (pokemon)	1793	pokemon, pokemon sm
beidou (genshin impact)	1792	genshin impact
shikinami (kancolle)	1792	kantai collection
miyamoto frederica	1790	idolmaster, idolmaster cinderella girls, idolmaster cinderella girls starlight stage
akamatsu kaede	1788	danganronpa (series), danganronpa v3: killing harmony, danganronpa 2: goodbye despair
seiun sky (umamusume)	1787	umamusume
ia (vocaloid)	1785	vocaloid, cevio, voiceroid
panty (psg)	1783	panty & stocking with garterbelt
sasaki chie	1782	idolmaster, idolmaster cinderella girls
inui toko	1781	nijisanji
nakano ichika	1775	go-toubun no hanayome
kureiji ollie	1774	hololive, hololive indonesia, hololive english
akiyama mizuki	1773	project sekai
shishiro botan (1st costume)	1773	hololive
hatsuyuki (kancolle)	1771	kantai collection
princess daisy	1771	mario (series), super smash bros.
musashi kai ni (kancolle)	1768	kantai collection
nagisa (blue archive)	1768	blue archive
hiiragi tsukasa	1767	lucky star
tokoyami towa (1st costume)	1767	hololive
haguro (kancolle)	1766	kantai collection
ramlethal valentine	1766	guilty gear, guilty gear xrd, guilty gear strive
cheval grand (umamusume)	1764	umamusume
kinugasa (kancolle)	1760	kantai collection
oda nobunaga (koha-ace)	1759	fate (series), fate/grand order, koha-ace
burnice white	1758	zenless zone zero
leaf (pokemon)	1753	pokemon, pokemon frlg, pokemon hgss
sylveon	1753	pokemon
asahina mafuyu	1752	project sekai, vocaloid
mizuno ami	1752	bishoujo senshi sailor moon
kisaragi (kancolle)	1750	kantai collection
hibiki (cheer squad) (blue archive)	1748	blue archive
bloop (gawr gura)	1746	hololive, hololive english
gertrud barkhorn	1746	world witches series, strike witches
tokoyami towa (jirai kei)	1746	hololive
blake belladonna	1745	rwby
fukumaru koito	1745	idolmaster, idolmaster shiny colors
seiran (touhou)	1744	touhou
yukihana lamy (1st costume)	1743	hololive
roxy migurdia	1742	mushoku tensei
shiomi syuko	1742	idolmaster, idolmaster cinderella girls, idolmaster cinderella girls starlight stage
nakano itsuki	1740	go-toubun no hanayome
charlotte e. yeager	1739	world witches series, strike witches
sinon	1739	sword art online, sword art online: code register, sword art online: alicization
aino minako	1737	bishoujo senshi sailor moon
marie antoinette (fate)	1737	fate (series), fate/grand order
anis (nikke)	1735	goddess of victory: nikke
sendai kai ni (kancolle)	1732	kantai collection
tokino sora	1732	hololive
akitsu maru (kancolle)	1730	kantai collection
shiori novella (1st costume)	1729	hololive, hololive english
noelle (genshin impact)	1726	genshin impact
nanasaki ai	1719	amagami
himari (blue archive)	1717	blue archive
hina (swimsuit) (blue archive)	1717	blue archive
bibi (tokoyami towa)	1716	hololive
jeanne d'arc alter santa lily (fate)	1716	fate (series), fate/grand order, fate/apocrypha
sanji (one piece)	1714	one piece
hakos baelz (1st costume)	1711	hololive, hololive english
isuzu hana	1706	girls und panzer
shinonome ena	1706	project sekai
akizuki ritsuko	1704	idolmaster, idolmaster (classic), idolmaster 1
hoshiguma (arknights)	1703	arknights
morpeko (full)	1703	pokemon, pokemon swsh
rowlet	1703	pokemon, pokemon sm, pokemon legends: arceus
yoshimi (blue archive)	1703	blue archive
tedeza rize	1702	gochuumon wa usagi desu ka?
akane (blue archive)	1701	blue archive
neptune (neptunia)	1701	neptune (series), choujigen game neptune
yuffie kisaragi	1701	final fantasy, final fantasy vii, final fantasy vii remake
toutetsu yuuma	1700	touhou
t-head trainer (umamusume)	1699	umamusume
teruzuki (kancolle)	1696	kantai collection
hayakawa aki	1693	chainsaw man
an-94 (girls' frontline)	1690	girls' frontline
rebecca (cyberpunk)	1688	cyberpunk (series), cyberpunk edgerunners
makaino ririmu	1687	nijisanji
serizawa asahi	1687	idolmaster, idolmaster shiny colors
sussurro (arknights)	1687	arknights
yuugumo (kancolle)	1686	kantai collection
kurosawa ruby	1685	love live!, love live! sunshine!!
justice task force member (blue archive)	1684	blue archive
perrine h. clostermann	1682	world witches series, strike witches
tsukioka kogane	1682	idolmaster, idolmaster shiny colors
kaveh (genshin impact)	1679	genshin impact
fletcher (kancolle)	1678	kantai collection
irida (pokemon)	1678	pokemon, pokemon legends: arceus
mitaka asa	1678	chainsaw man
monika (doki doki literature club)	1678	doki doki literature club
fubuki kai ni (kancolle)	1677	kantai collection
kanna (swimsuit) (blue archive)	1677	blue archive
tiki (fire emblem)	1677	fire emblem, fire emblem awakening, fire emblem: mystery of the emblem
marianne von edmund	1676	fire emblem, fire emblem: three houses, fire emblem heroes
kujikawa rise	1674	persona, persona 4
mococo abyssgard (1st costume)	1672	hololive, hololive english
artoria pendragon (swimsuit ruler) (fate)	1668	fate (series), fate/grand order
sunazuka akira	1667	idolmaster, idolmaster cinderella girls, idolmaster cinderella girls starlight stage
glaceon	1666	pokemon, pokemon legends: arceus
ubel (sousou no frieren)	1666	sousou no frieren
tohru (maidragon)	1665	kobayashi-san chi no maidragon
fujiwara chika	1664	kaguya-sama wa kokurasetai ~tensai-tachi no renai zunousen~
nishizumi shiho	1664	girls und panzer
narita brian (umamusume)	1659	umamusume
nero claudius (bride) (fate)	1656	fate (series), fate/extra, fate/extra ccc
saren (princess connect!)	1656	princess connect!
elphelt valentine	1654	guilty gear, guilty gear xrd, guilty gear strive
komano aunn	1654	touhou
merlin prismriver	1654	touhou
honda mio	1653	idolmaster, idolmaster cinderella girls
noshiro (kancolle)	1651	kantai collection
futami mami	1650	idolmaster, idolmaster (classic)
ame-chan (needy girl overdose)	1648	needy girl overdose
kirigaya suguha	1648	sword art online
shihouin yoruichi	1648	bleach, bleach: sennen kessen-hen
stark (sousou no frieren)	1641	sousou no frieren
lucifer (helltaker)	1639	helltaker
chiyoda momo	1638	machikado mazoku
takasaki yu	1636	love live!, love live! nijigasaki high school idol club
honolulu (azur lane)	1634	azur lane
ryougi shiki	1634	kara no kyoukai, fate (series), fate/grand order
i-8 (kancolle)	1633	kantai collection
kugisaki nobara	1632	jujutsu kaisen
minato aqua (sailor)	1629	hololive
lynette bishop	1628	world witches series, strike witches
sakura miku	1628	vocaloid
vegeta	1626	dragon ball, dragon ball z, dragon ball super
artoria pendragon (alter swimsuit rider) (fate)	1625	fate (series), fate/grand order
le malin (azur lane)	1625	azur lane
palutena	1619	kid icarus, kid icarus uprising, super smash bros.
elizabeth bathory (fate/extra ccc)	1617	fate (series), fate/extra, fate/extra ccc
shun (small) (blue archive)	1617	blue archive
blue poison (arknights)	1616	arknights
grass wonder (umamusume)	1616	umamusume
lyra (pokemon)	1616	pokemon, pokemon hgss, pokemon frlg
scathach skadi (fate)	1616	fate/grand order, fate (series)
kiryu coco (1st costume)	1615	hololive
takeba yukari	1615	persona, persona 3, persona 3 reload
sonoda chiyoko	1612	idolmaster, idolmaster shiny colors
tamamo cross (umamusume)	1612	umamusume
piplup	1611	pokemon, pokemon dppt, pokemon (anime)
byleth (male) (fire emblem)	1609	fire emblem, fire emblem: three houses, fire emblem heroes
tachibana hibiki (symphogear)	1608	senki zesshou symphogear
fubuki (one-punch man)	1606	one-punch man
fuwawa abyssgard (1st costume)	1603	hololive, hololive english
kuchiki rukia	1603	bleach, bleach: sennen kessen-hen
orange pekoe (girls und panzer)	1601	girls und panzer
z23 (azur lane)	1600	azur lane, azur lane: slow ahead
asashio kai ni (kancolle)	1599	kantai collection
oyama mihari	1598	onii-chan wa oshimai!
eris greyrat	1596	mushoku tensei
yaoyorozu momo	1595	boku no hero academia
kuma (kancolle)	1592	kantai collection
tsubaki (blue archive)	1591	blue archive
shadow the hedgehog	1588	sonic (series), sonic adventure 2
komiya kaho	1584	idolmaster, idolmaster shiny colors
mavuika (genshin impact)	1581	genshin impact
louise francoise le blanc de la valliere	1580	zero no tsukaima
professor niyaniya (blue archive)	1580	blue archive
martha (fate)	1579	fate (series), fate/grand order
reisa (blue archive)	1579	blue archive
cu chulainn (fate/stay night)	1576	fate (series), fate/stay night, fate/grand order
moona hoshinova	1576	hololive, hololive indonesia, hololive english
gentildonna (umamusume)	1574	umamusume
hakui koyori (1st costume)	1572	hololive
sakura miko (1st costume)	1570	hololive
atsuko (blue archive)	1566	blue archive
felicia (darkstalkers)	1566	darkstalkers
inoue orihime	1565	bleach, bleach: sennen kessen-hen
lio fotia	1565	promare
abigail williams (swimsuit foreigner) (fate)	1564	fate (series), fate/grand order
ohara mari	1564	love live!, love live! sunshine!!
asahina mikuru	1563	suzumiya haruhi no yuuutsu
schwarz (arknights)	1563	arknights
bulma	1562	dragon ball, dragon ball (classic), dragon ball z
eyjafjalla (arknights)	1562	arknights
nemona (pokemon)	1561	pokemon, pokemon sv
shiina taki	1561	bang dream!, bang dream! it's mygo!!!!!
nagatoro hayase	1560	ijiranaide nagatoro-san
shiina yuika	1558	nijisanji
ujimatsu chiya	1558	gochuumon wa usagi desu ka?
kayoko (dress) (blue archive)	1557	blue archive
princess king boo	1557	mario (series), luigi's mansion, new super mario bros. u deluxe
eimi (blue archive)	1554	blue archive
hojo karen	1554	idolmaster, idolmaster cinderella girls, idolmaster cinderella girls starlight stage
horikawa raiko	1554	touhou
hisakawa hayate	1552	idolmaster, idolmaster cinderella girls, idolmaster cinderella girls starlight stage
kurokoma saki	1551	touhou
nia teppelin	1549	tengen toppa gurren lagann
prisma illya	1549	fate (series), fate/kaleid liner prisma illya, fate/grand order
i-168 (kancolle)	1547	kantai collection
yang guifei (fate)	1546	fate (series), fate/grand order
alear (fire emblem)	1543	fire emblem, fire emblem engage, fire emblem heroes
natsuki subaru	1543	re:zero kara hajimeru isekai seikatsu
yukinoshita yukino	1543	yahari ore no seishun lovecome wa machigatteiru.
dehya (genshin impact)	1542	genshin impact
g11 (girls' frontline)	1542	girls' frontline
etna (disgaea)	1537	disgaea, makai senki disgaea
osaka shizuku	1536	love live!, love live! nijigasaki high school idol club
unzan	1536	touhou, undefined fantastic object
aegis (persona)	1535	persona, persona 3, persona 3 portable
amagi yukiko	1535	persona, persona 4
yoisaki kanade	1535	project sekai, vocaloid
senshi (dungeon meshi)	1534	dungeon meshi
eren yeager	1532	shingeki no kyojin
sakuragi mano	1531	idolmaster, idolmaster shiny colors
yagami hayate	1531	lyrical nanoha, mahou shoujo lyrical nanoha strikers, mahou shoujo lyrical nanoha
jervis (kancolle)	1528	kantai collection
makigumo (kancolle)	1527	kantai collection
lyrica prismriver	1526	touhou
hilbert (pokemon)	1525	pokemon, pokemon bw, pokemon bw2
kizuna ai	1524	kizuna ai inc., the moon studio
andou (girls und panzer)	1521	girls und panzer
kemomimi-chan (naga u)	1521	original
higuchi kaede	1520	nijisanji
kazama iroha (1st costume)	1520	hololive
shinki (touhou)	1520	touhou, touhou (pc-98)
siege (arknights)	1519	arknights
jeanne d'arc (swimsuit archer) (fate)	1518	fate (series), fate/grand order
haru urara (umamusume)	1517	umamusume
kamisato ayato	1517	genshin impact
gangut (kancolle)	1516	kantai collection
murakumo kai ni (kancolle)	1515	kantai collection
nonomi (swimsuit) (blue archive)	1512	blue archive
sunday (honkai: star rail)	1512	honkai: star rail, honkai (series)
gengar	1511	pokemon, pokemon xy
tone (kancolle)	1511	kantai collection
baltimore (azur lane)	1510	azur lane
elesa (pokemon)	1510	pokemon, pokemon bw, pokemon bw2
silver fox (kemono friends)	1510	kemono friends, kemono friends 3
koharu (swimsuit) (blue archive)	1509	blue archive
air groove (umamusume)	1506	umamusume
pochita (chainsaw man)	1506	chainsaw man
bremerton (scorching-hot training) (azur lane)	1505	azur lane
komaeda nagito	1504	danganronpa (series), danganronpa 2: goodbye despair, galaga
m4a1 (girls' frontline)	1504	girls' frontline
helena blavatsky (fate)	1503	fate/grand order, fate (series)
uruha rushia (1st costume)	1503	hololive
tracer (overwatch)	1501	overwatch, overwatch 1
pepperoni (girls und panzer)	1499	girls und panzer
tennoji rina	1499	love live!, love live! nijigasaki high school idol club
fushiguro megumi	1498	jujutsu kaisen
tanaka mamimi	1498	idolmaster, idolmaster shiny colors
pekomama	1497	hololive
yamato (one piece)	1497	one piece
ruan mei (honkai: star rail)	1496	honkai: star rail, honkai (series)
jeanne d'arc alter (ver. shinjuku 1999) (fate)	1494	fate (series), fate/grand order
shinano (azur lane)	1493	azur lane
hoshino ruby	1491	oshi no ko
jakuzure nonon	1490	kill la kill
himeno (chainsaw man)	1487	chainsaw man
agnes digital (umamusume)	1486	umamusume
mysterious heroine x alter (fate)	1486	fate (series), fate/grand order
fu hua (herrscher of sentience)	1485	honkai (series), honkai impact 3rd
hinata hajime	1485	danganronpa (series), danganronpa 2: goodbye despair, galaga
lucario	1482	pokemon, pokemon dppt
niwatari kutaka	1481	touhou
kamiya nao	1480	idolmaster, idolmaster cinderella girls, idolmaster cinderella girls starlight stage
rosehip (girls und panzer)	1480	girls und panzer
takakura ken (dandadan)	1480	dandadan
sinclair (project moon)	1479	project moon, limbus company
lopunny	1478	pokemon
charlotte (madoka magica)	1477	mahou shoujo madoka magica, mahou shoujo madoka magica (anime), mahou shoujo madoka magica: hangyaku no monogatari
topaz (honkai: star rail)	1477	honkai: star rail, honkai (series)
m16a1 (girls' frontline)	1476	girls' frontline
hasumi (track) (blue archive)	1473	blue archive
abukuma (kancolle)	1469	kantai collection
kujo jolyne	1469	jojo no kimyou na bouken, stone ocean, diamond wa kudakenai
hoshi syoko	1466	idolmaster, idolmaster cinderella girls, idolmaster cinderella girls starlight stage
midna	1466	the legend of zelda, the legend of zelda: twilight princess
uchiha sasuke	1463	naruto (series), naruto, naruto shippuuden
takagi-san	1462	karakai jouzu no takagi-san, karakai jouzu no (moto) takagi-san
toshinou kyouko	1462	yuru yuri
tsumiki mikan	1462	danganronpa (series), danganronpa 2: goodbye despair, danganronpa: trigger happy havoc
mei (overwatch)	1461	overwatch, overwatch 1
hino rei	1460	bishoujo senshi sailor moon
tsukumo sana	1460	hololive, hololive english
akaza akari	1458	yuru yuri
falin touden (tallman)	1458	dungeon meshi
ho'olheyak (arknights)	1458	arknights
libeccio (kancolle)	1457	kantai collection
osaki tenka	1457	idolmaster, idolmaster shiny colors
shiver (splatoon)	1457	splatoon (series), splatoon 3
ikamusume	1455	shinryaku! ikamusume
luigi	1453	mario (series), luigi's mansion, super smash bros.
arashio (kancolle)	1450	kantai collection
purple heart (neptunia)	1450	neptune (series), choujigen game neptune
tachibana kanade	1449	angel beats!
harukawa maki	1444	danganronpa (series), danganronpa v3: killing harmony
kotonoha akane	1444	voiceroid, vocaloid
shampoo (ranma 1/2)	1443	ranma 1/2
ryoshu (project moon)	1442	project moon, limbus company
ling (arknights)	1441	arknights
umbreon	1441	pokemon
choukai (kancolle)	1438	kantai collection
kuroshio (kancolle)	1438	kantai collection
leafa (sao)	1438	sword art online, sword art online: code register
lelouch vi britannia	1438	code geass
xingqiu (genshin impact)	1438	genshin impact
miyako (swimsuit) (blue archive)	1436	blue archive
miyamoto musashi (swimsuit berserker) (fate)	1436	fate/grand order, fate (series)
haniyasushin keiki	1435	touhou
eternity larva	1431	touhou
modeus (helltaker)	1431	helltaker
florian (pokemon)	1429	pokemon, pokemon sv
kazano hiori	1426	idolmaster, idolmaster shiny colors
natori sana	1426	sana channel
ezo red fox (kemono friends)	1424	kemono friends
m4 sopmod ii (girls' frontline)	1424	girls' frontline
sheryl nome	1424	macross, macross frontier
shana	1423	shakugan no shana
android 21	1421	dragon ball, dragon ball fighterz
beatrice (umineko)	1420	umineko no naku koro ni
iizunamaru megumu	1420	touhou
brendan (pokemon)	1417	pokemon, pokemon oras, pokemon rse
moe (blue archive)	1417	blue archive
wriothesley (genshin impact)	1417	genshin impact
rosmontis (arknights)	1413	arknights
caenis (fate)	1412	fate/grand order, fate (series)
hina (dress) (blue archive)	1410	blue archive
madotsuki	1410	yume nikki
mimikyu	1409	pokemon, pokemon sm, pokemon xy
rita rossweisse	1409	honkai (series), honkai impact 3rd
kino makoto	1408	bishoujo senshi sailor moon
ringo (touhou)	1408	touhou
asashimo (kancolle)	1407	kantai collection
hisakawa nagi	1406	idolmaster, idolmaster cinderella girls, idolmaster cinderella girls starlight stage
pomu rainpuff	1406	nijisanji, nijisanji en
kousaka reina	1405	hibike! euphonium
lyney (genshin impact)	1401	genshin impact
noire (neptunia)	1401	neptune (series), choujigen game neptune
roll (mega man)	1401	mega man (series), mega man (classic)
fubuki (blue archive)	1400	blue archive
niijima makoto	1400	persona, persona 5
anila (granblue fantasy)	1399	granblue fantasy
yuuki haru	1399	idolmaster, idolmaster cinderella girls, idolmaster cinderella girls u149
murasaki shion (1st costume)	1397	hololive
futami ami	1395	idolmaster, idolmaster (classic)
shiomi kotone	1395	persona, persona 3, persona 3 portable
tashkent (kancolle)	1395	kantai collection
neru (bunny) (blue archive)	1390	blue archive
isekaijoucho	1389	kamitsubaki studio
ceres fauna (1st costume)	1388	hololive, hololive english
kirijou mitsuru	1388	persona, persona 3, persona 3 portable
ako (dress) (blue archive)	1386	blue archive
commander (girls' frontline)	1385	girls' frontline, girls' frontline 2: exilium
shantae	1382	shantae (series), shantae and the pirate's curse
daitaku helios (umamusume)	1378	umamusume
ashido mina	1377	boku no hero academia
dido (azur lane)	1377	azur lane
kyon	1377	suzumiya haruhi no yuuutsu, suzumiya haruhi no shoushitsu
eous (zenless zone zero)	1374	zenless zone zero
saber lily	1373	fate (series), fate/unlimited codes, fate/grand order
widowmaker (overwatch)	1373	overwatch, overwatch 1
kagamihara nadeshiko	1372	yurucamp
moroboshi kirari	1369	idolmaster, idolmaster cinderella girls
re-class battleship	1369	kantai collection
xiangling (genshin impact)	1368	genshin impact
nagisa kaworu	1366	neon genesis evangelion, rebuild of evangelion, evangelion: 3.0 you can (not) redo
oshida (girls und panzer)	1366	girls und panzer
kasugano sakura	1365	street fighter, street fighter zero (series), street fighter v
japanese crested ibis (kemono friends)	1364	kemono friends
matoba risa	1363	idolmaster, idolmaster cinderella girls, idolmaster cinderella girls u149
camellya (wuthering waves)	1361	wuthering waves
johnston (kancolle)	1360	kantai collection
konjiki no yami	1358	to love-ru, to love-ru darkness
mima (touhou)	1357	touhou, touhou (pc-98)
wakaba mutsumi	1356	bang dream!, bang dream! it's mygo!!!!!
brazilian miku	1354	vocaloid
nerissa ravencroft (1st costume)	1354	hololive, hololive english
tsurugi (blue archive)	1353	blue archive
hyuuga (kancolle)	1352	kantai collection
yuigahama yui	1349	yahari ore no seishun lovecome wa machigatteiru.
katsuragi misato	1347	neon genesis evangelion, rebuild of evangelion
hozuki momiji	1346	onii-chan wa oshimai!
pavolia reine	1346	hololive, hololive indonesia, hololive english
yayoi (kancolle)	1344	kantai collection
t-head admiral	1342	kantai collection
meisho doto (umamusume)	1341	umamusume
ninomiya asuka	1340	idolmaster, idolmaster cinderella girls, idolmaster cinderella girls starlight stage
lucky beast (kemono friends)	1339	kemono friends
battleship princess	1337	kantai collection, puchimasu!
ethan (pokemon)	1336	pokemon, pokemon hgss, pokemon gsc
pod (nier:automata)	1336	nier (series), nier:automata
zeta (granblue fantasy)	1336	granblue fantasy
kirara (genshin impact)	1335	genshin impact
rotom phone	1335	pokemon, pokemon sv, pokemon swsh
jessie (pokemon)	1334	pokemon, pokemon (anime), pokemon (classic anime)
sabrina (pokemon)	1334	pokemon, pokemon frlg, pokemon hgss
agano (kancolle)	1333	kantai collection
little red riding hood (grimm)	1333	little red riding hood, grimm's fairy tales, original
airi (blue archive)	1332	blue archive
sakuma mayu	1332	idolmaster, idolmaster cinderella girls, idolmaster cinderella girls starlight stage
suou momoko	1332	idolmaster, idolmaster million live!, idolmaster million live! theater days
koyuki (blue archive)	1331	blue archive
virtuosa (arknights)	1331	arknights
jumpy dumpty	1330	genshin impact
jingliu (honkai: star rail)	1328	honkai: star rail, honkai (series)
kotonoha aoi	1328	voiceroid, vocaloid
sukoya kana	1328	nijisanji
meowscarada	1327	pokemon, pokemon sv
colorado (kancolle)	1325	kantai collection
hatoba tsugu	1324	tsugu (vtuber)
cagliostro (granblue fantasy)	1323	granblue fantasy
aubrey (omori)	1322	omori
himmel (sousou no frieren)	1320	sousou no frieren
kirara (blue archive)	1319	blue archive
mimura kanako	1319	idolmaster, idolmaster cinderella girls
sephiroth	1319	final fantasy, final fantasy vii, final fantasy vii remake
oyashio (kancolle)	1318	kantai collection
boudica (fate)	1317	fate/grand order, fate (series)
mejiro dober (umamusume)	1316	umamusume
osakabehime (fate)	1316	fate (series), fate/grand order
female rover (wuthering waves)	1314	wuthering waves
sengoku nadeko	1314	monogatari (series), bakemonogatari
chongyun (genshin impact)	1310	genshin impact
ichikawa hinana	1310	idolmaster, idolmaster shiny colors
blaze the cat	1309	sonic (series)
himeko (honkai: star rail)	1309	honkai (series), honkai: star rail
tharja (fire emblem)	1309	fire emblem, fire emblem awakening, fire emblem heroes
lucy (cyberpunk)	1307	cyberpunk (series), cyberpunk edgerunners
haro	1306	gundam, gundam 00, gundam suisei no majo
charizard	1304	pokemon, pokemon frlg, pokemon swsh
ceobe (arknights)	1303	arknights
malenia blade of miquella	1303	elden ring
st ar-15 (girls' frontline)	1302	girls' frontline
vertin (reverse:1999)	1301	reverse:1999
kuki shinobu	1299	genshin impact
totoki airi	1299	idolmaster, idolmaster cinderella girls
yi sang (project moon)	1295	project moon, limbus company
son gohan	1294	dragon ball, dragon ball z, dragon ball super
tarnished (elden ring)	1294	elden ring, elden ring: shadow of the erdtree
alear (female) (fire emblem)	1293	fire emblem, fire emblem engage, fire emblem heroes
anby demara	1293	zenless zone zero
ryu (street fighter)	1293	street fighter, street fighter 6, capcom
atalanta (fate)	1292	fate (series), fate/apocrypha, fate/grand order
matikanefukukitaru (umamusume)	1292	umamusume
amane kanata (1st costume)	1290	hololive
monokuma	1290	danganronpa (series), danganronpa: trigger happy havoc, danganronpa 2: goodbye despair
rensouhou-kun	1290	kantai collection
emma verde	1289	love live!, love live! nijigasaki high school idol club
hilichurl (genshin impact)	1289	genshin impact
artoria pendragon (swimsuit ruler) (first ascension) (fate)	1287	fate (series), fate/grand order
aris (maid) (blue archive)	1286	blue archive
hyakumantenbara salome	1286	nijisanji
joutouguu mayumi	1286	touhou
pearl (splatoon)	1286	splatoon (series), splatoon 2, splatoon 3
tokitarou (fate)	1285	fate/grand order, fate (series)
daidouji tomoyo	1284	cardcaptor sakura
kashino (azur lane)	1284	azur lane
mejiro ardan (umamusume)	1284	umamusume
haruna kai ni (kancolle)	1283	kantai collection
kawakaze (kancolle)	1282	kantai collection
yamada anna	1282	boku no kokoro no yabai yatsu
luciana de montefio	1280	zenless zone zero
ayanami (kancolle)	1279	kantai collection
t.m. opera o (umamusume)	1277	umamusume
richelieu (kancolle)	1275	kantai collection
vaporeon	1275	pokemon
arisugawa natsuha	1273	idolmaster, idolmaster shiny colors
hanami ume	1272	idolmaster, gakuen idolmaster
blaze (arknights)	1270	arknights
nakasu kasumi	1269	love live!, love live! nijigasaki high school idol club
boo (mario)	1267	mario (series), luigi's mansion, new super mario bros. u deluxe
reiuji utsuho (bird)	1266	touhou
baobhan sith (first ascension) (fate)	1263	fate/grand order, fate (series)
chilchuck tims	1263	dungeon meshi
katsuragi ace (umamusume)	1261	umamusume
altera (fate)	1260	fate (series), fate/grand order, fate/extra
racing miku	1260	vocaloid, goodsmile racing, goodsmile company
suzuhara lulu	1260	nijisanji
vikala (granblue fantasy)	1260	granblue fantasy
aile (mega man zx)	1259	mega man (series), mega man zx, mega man zx advent
diana cavendish	1258	little witch academia
sakurako (blue archive)	1258	blue archive
murasaki shikibu (fate)	1257	fate (series), fate/grand order
awa subaru	1256	girls band cry
sonozaki mion	1255	higurashi no naku koro ni
hoshino aquamarine	1254	oshi no ko
kurosaki ichigo	1254	bleach, bleach: sennen kessen-hen
collei (genshin impact)	1252	genshin impact
n (pokemon)	1252	pokemon, pokemon bw, pokemon bw2
sakura miko (casual)	1252	hololive
miyuki (kancolle)	1251	kantai collection
super creek (umamusume)	1248	umamusume
kamoi (kancolle)	1247	kantai collection
rias gremory	1243	high school dxd
furutaka (kancolle)	1241	kantai collection
sakamoto mio	1240	world witches series, strike witches
adventurer (ff11)	1239	final fantasy, final fantasy xi
grey wolf (kemono friends)	1239	kemono friends
nishi kinuyo	1239	girls und panzer, gekitotsu! joshikousei oiroke sensha gundan
m200 (girls' frontline)	1238	girls' frontline
umikaze (kancolle)	1238	kantai collection
yowane haku	1235	vocaloid, utau
mio (xenoblade)	1232	xenoblade chronicles (series), xenoblade chronicles 3
hayashimo (kancolle)	1231	kantai collection
kaguya luna	1231	the moon studio, kizuna ai inc.
muelsyse (arknights)	1231	arknights
inkling boy	1230	splatoon (series), splatoon 1, splatoon 2
getou suguru	1229	jujutsu kaisen
okamisty	1229	touhou, night sparrow love
phosphophyllite	1229	houseki no kuni
artoria pendragon (alter swimsuit rider) (second ascension) (fate)	1228	fate (series), fate/grand order
dantsu flame (umamusume)	1228	umamusume
sprigatito	1227	pokemon, pokemon sv, pokemon (anime)
ayane (blue archive)	1226	blue archive
chibi usa	1226	bishoujo senshi sailor moon, bishoujo senshi sailor moon r, bishoujo senshi sailor moon supers
hikawa sayo	1225	bang dream!
aozaki aoko	1224	mahou tsukai no yoru, tsukihime, fate (series)
kero (cardcaptor sakura)	1224	cardcaptor sakura
ootori emu	1224	project sekai
magical mirai miku	1223	vocaloid, magical mirai (vocaloid)
okita souji alter (fate)	1223	fate (series), fate/grand order, koha-ace
bowser	1222	mario (series), super smash bros., the legend of zelda
shibuya kanon	1222	love live!, love live! superstar!!
hong lu (project moon)	1221	project moon, limbus company
konno junko	1220	zombie land saga
may (guilty gear)	1219	guilty gear, guilty gear strive, guilty gear xrd
isuzu (kancolle)	1217	kantai collection
francesca lucchini	1216	world witches series, strike witches
nekomusume	1216	gegege no kitarou
oikawa shizuku	1216	idolmaster, idolmaster cinderella girls
leonardo da vinci (rider) (fate)	1213	fate/grand order, fate (series)
yahata umiri	1212	bang dream!, bang dream! it's mygo!!!!!
konoe kanata	1211	love live!, love live! nijigasaki high school idol club
a2 (nier:automata)	1210	nier (series), nier:automata
kamijou touma	1210	toaru majutsu no index, toaru kagaku no railgun, toaru majutsu no index: new testament
misumi uika	1210	bang dream!, bang dream! it's mygo!!!!!
smart falcon (umamusume)	1210	umamusume
rex (xenoblade)	1209	xenoblade chronicles (series), xenoblade chronicles 2, xenoblade chronicles 3
miyu (swimsuit) (blue archive)	1207	blue archive
fine motion (umamusume)	1206	umamusume
hagikaze (kancolle)	1206	kantai collection
iris (pokemon)	1206	pokemon, pokemon bw, pokemon (anime)
y'shtola rhul	1206	final fantasy, final fantasy xiv
katsuragi (kancolle)	1205	kantai collection
male doctor (arknights)	1205	arknights
celestia ludenberg	1204	danganronpa (series), danganronpa: trigger happy havoc
mamiya (kancolle)	1204	kantai collection
bronya zaychik (silverwing: n-ex)	1203	honkai (series), honkai impact 3rd
dr. ratio (honkai: star rail)	1203	honkai: star rail, honkai (series)
utage (arknights)	1203	arknights
saitama (one-punch man)	1202	one-punch man
elaina (majo no tabitabi)	1200	majo no tabitabi
katori (kancolle)	1200	kantai collection
gigi murin	1199	hololive, hololive english
passionlip (fate)	1199	fate (series), fate/extra, fate/extra ccc
tsukino mito (1st costume)	1199	nijisanji
bayonetta	1198	bayonetta (series), bayonetta 2, bayonetta 1
hachikuji mayoi	1198	monogatari (series), bakemonogatari
frisk (undertale)	1197	undertale
izumi mei	1196	idolmaster, idolmaster shiny colors
tsurumaki maki	1194	voiceroid, vocaloid
vivio	1194	lyrical nanoha, mahou shoujo lyrical nanoha vivid, mahou shoujo lyrical nanoha strikers
leon (pokemon)	1193	pokemon, pokemon swsh
northern white-faced owl (kemono friends)	1193	kemono friends
makoto nanaya	1192	blazblue
elin	1191	tera online
leona heidern	1191	the king of fighters, the king of fighters xv, snk
kasumi (doa)	1190	dead or alive
rosaria (genshin impact)	1190	genshin impact
yunyun (konosuba)	1189	kono subarashii sekai ni shukufuku wo!
angel (kof)	1188	the king of fighters, snk, the king of fighters xiv
bernadetta von varley	1188	fire emblem, fire emblem: three houses, fire emblem heroes
inuyama aoi	1187	yurucamp
nagato (azur lane)	1187	azur lane
cheshire (azur lane)	1186	azur lane
natsuki (doki doki literature club)	1185	doki doki literature club
sucrose (genshin impact)	1185	genshin impact
hoshino fumina	1184	gundam, gundam build fighters, gundam build fighters try
uzaki hana	1183	uzaki-chan wa asobitai!
feixiao (honkai: star rail)	1182	honkai: star rail, honkai (series)
mega gardevoir	1181	pokemon
akali	1180	league of legends
izuna (swimsuit) (blue archive)	1180	blue archive
otonashi kotori	1180	idolmaster, idolmaster (classic)
platinum (arknights)	1180	arknights
uiharu kazari	1180	toaru majutsu no index, toaru kagaku no railgun
gwen (league of legends)	1179	league of legends
takara miyuki	1179	lucky star
jungle pocket (umamusume)	1178	umamusume, umamusume: beginning of a new era
qingyi (zenless zone zero)	1177	zenless zone zero
watatsuki no yorihime	1177	touhou
blue oak	1176	pokemon, pokemon frlg, pokemon rgby
nachi (kancolle)	1176	kantai collection
raphtalia	1176	tate no yuusha no nariagari
shigure (blue archive)	1176	blue archive
vi (league of legends)	1176	league of legends, arcane: league of legends
igarashi futaba (shiromanta)	1175	senpai ga uzai kouhai no hanashi
jigglypuff	1175	pokemon, vocaloid, project voltage
silence (arknights)	1173	arknights
aki rosenthal	1172	hololive
clumsy nun (diva)	1172	little nuns (diva)
myoukou (kancolle)	1172	kantai collection
aranara (genshin impact)	1169	genshin impact
etorofu (kancolle)	1169	kantai collection
shigure kai san (kancolle)	1169	kantai collection
irisviel von einzbern	1168	fate (series), fate/zero, fate/grand order
miyashita ai	1168	love live!, love live! nijigasaki high school idol club
shidare hotaru	1168	dagashi kashi
mithrun	1167	dungeon meshi
hanami saki	1166	idolmaster, gakuen idolmaster
ise (kancolle)	1166	kantai collection
sailor mercury	1165	bishoujo senshi sailor moon
tokiko (touhou)	1165	touhou
asaka karin	1164	love live!, love live! nijigasaki high school idol club
baiken	1164	guilty gear, guilty gear xrd, guilty gear strive
maki (blue archive)	1164	blue archive
nearl (arknights)	1164	arknights
dante (devil may cry)	1162	devil may cry (series), devil may cry 3, devil may cry 5
calem (pokemon)	1161	pokemon, pokemon xy, pokemon bw2
iori (swimsuit) (blue archive)	1161	blue archive
oshino ougi	1161	monogatari (series), owarimonogatari
heathcliff (project moon)	1160	project moon, limbus company
nanachi (made in abyss)	1160	made in abyss
diona (genshin impact)	1159	genshin impact
kujo jotaro	1159	jojo no kimyou na bouken, stardust crusaders, stone ocean
suomi (girls' frontline)	1159	girls' frontline, girls' frontline 2: exilium
texas the omertosa (arknights)	1159	arknights
ciel (tsukihime)	1157	tsukihime, tsukihime (remake), fate (series)
reines el-melloi archisorte	1157	fate (series), lord el-melloi ii case files, fate/grand order
trafalgar law	1157	one piece
ark royal (kancolle)	1156	kantai collection
basil (omori)	1156	omori
swire (arknights)	1156	arknights
tenkyuu chimata	1156	touhou
fuuka (blue archive)	1155	blue archive
kitazawa shiho	1155	idolmaster, idolmaster million live!, idolmaster million live! theater days
zundamon	1154	voicevox, voiceroid
sento isuzu	1151	amagi brilliant park
terra branford	1151	final fantasy, final fantasy vi, dissidia final fantasy
charlotte dunois	1150	infinite stratos
la pluma (arknights)	1149	arknights
liko (pokemon)	1149	pokemon, pokemon (anime), pokemon horizons
penny (pokemon)	1148	pokemon, pokemon sv
kasumi (blue archive)	1147	blue archive
ifrit (arknights)	1146	arknights
kusanagi motoko	1145	ghost in the shell, ghost in the shell stand alone complex
nakiri ayame (1st costume)	1143	hololive
isonami (kancolle)	1141	kantai collection
spider-gwen	1140	marvel, spider-man (series), spider-verse
finana ryugu	1139	nijisanji, nijisanji en
mualani (genshin impact)	1139	genshin impact
tsukuyomi shirabe	1139	senki zesshou symphogear
yumi (senran kagura)	1139	senran kagura, senran kagura shinovi versus, senran kagura new link
sona (league of legends)	1138	league of legends
blanc (neptunia)	1137	neptune (series)
enemy lifebuoy (kancolle)	1137	kantai collection
hayasaka ai	1137	kaguya-sama wa kokurasetai ~tensai-tachi no renai zunousen~
su-san	1136	touhou
tamaki iroha	1136	mahou shoujo madoka magica, magia record: mahou shoujo madoka magica gaiden
von lycaon	1136	zenless zone zero
kise yayoi	1133	precure, smile precure!
rouge the bat	1133	sonic (series)
amagi (azur lane)	1132	azur lane
espeon	1132	pokemon
cinnamoroll	1131	sanrio, fuwa fuwa cinnamoroll, vocaloid
dante (limbus company)	1131	project moon, limbus company
kirlia	1131	pokemon
kyoka (princess connect!)	1131	princess connect!
enna alouette	1130	nijisanji, nijisanji en
hiyori (blue archive)	1130	blue archive
lovely labrynth of the silver castle	1128	yu-gi-oh!
boa hancock	1126	one piece
misumi nagisa	1126	futari wa precure, precure, futari wa precure max heart
nepgear	1126	neptune (series), choujigen game neptune mk2
nijigaoka mashiro	1125	precure, hirogaru sky! precure
faruzan (genshin impact)	1124	genshin impact
grace howard	1123	zenless zone zero
murasame kai ni (kancolle)	1123	kantai collection
purah	1123	the legend of zelda, the legend of zelda: tears of the kingdom, the legend of zelda: breath of the wild
sajo yukimi	1123	idolmaster, idolmaster cinderella girls, idolmaster cinderella girls starlight stage
kishinami hakuno (female)	1122	fate (series), fate/extra, fate/extra ccc
suzukaze (kancolle)	1122	kantai collection
gawr gura (casual)	1121	hololive, hololive english
dimitri alexandre blaiddyd	1120	fire emblem, fire emblem: three houses
narita top road (umamusume)	1120	umamusume, umamusume: road to the top
hoshimachi suisei (school uniform)	1119	hololive
jun'you (kancolle)	1119	kantai collection
krista lenz	1119	shingeki no kyojin
yukoku kiriko	1119	idolmaster, idolmaster shiny colors
chi-chi (dragon ball)	1116	dragon ball, dragon ball z, dragon ball (classic)
minamoto no raikou (swimsuit lancer) (fate)	1116	fate/grand order, fate (series)
crystalfly (genshin impact)	1115	genshin impact
marie (girls und panzer)	1112	girls und panzer
vivlos (umamusume)	1111	umamusume
arashi (kancolle)	1110	kantai collection
xianyun (genshin impact)	1110	genshin impact
dorothea arnault	1109	fire emblem, fire emblem: three houses, fire emblem heroes
rapi (nikke)	1109	goddess of victory: nikke
merlin (fate/prototype)	1107	fate (series), fate/grand order, fate/prototype
sailor venus	1104	bishoujo senshi sailor moon
arataki itto	1103	genshin impact
chiori (genshin impact)	1103	genshin impact
ro635 (girls' frontline)	1103	girls' frontline
soukaku (zenless zone zero)	1103	zenless zone zero
hanyuu	1102	higurashi no naku koro ni
mori calliope (streetwear)	1101	hololive, hololive english
bulbasaur	1100	pokemon, pokemon frlg, pokemon rgby
outis (project moon)	1100	project moon, limbus company
zara (azur lane)	1100	azur lane
kusanagi nene	1099	project sekai, vocaloid
yamashiro (azur lane)	1099	azur lane
hornet (kancolle)	1098	kantai collection
midorikawa nao	1098	precure, smile precure!
gorou (genshin impact)	1097	genshin impact
magical ruby	1097	fate (series), fate/kaleid liner prisma illya, fate/grand order
tenochtitlan (fate)	1097	fate (series), fate/grand order
nia (blade) (xenoblade)	1096	xenoblade chronicles (series), xenoblade chronicles 2
emperor penguin (kemono friends)	1095	kemono friends
jack-o' valentine	1094	guilty gear, guilty gear strive, guilty gear xrd
kongou kai ni (kancolle)	1094	kantai collection
albedo (overlord)	1093	overlord (maruyama)
ryoumen sukuna (jujutsu kaisen)	1093	jujutsu kaisen
kazusa (band) (blue archive)	1092	blue archive
medjed (fate)	1091	fate (series), fate/grand order
new jersey (azur lane)	1090	azur lane
ookami mio (1st costume)	1090	hololive
sigewinne (genshin impact)	1090	genshin impact
roboco-san	1089	hololive, hololive english
ichihara nina	1088	idolmaster, idolmaster cinderella girls, idolmaster cinderella girls u149
pramanix (arknights)	1088	arknights
caitlyn (league of legends)	1087	league of legends, arcane: league of legends
kamado tanjirou	1087	kimetsu no yaiba
kris (pokemon)	1087	pokemon, pokemon gsc, pokemon adventures
alice margatroid (pc-98)	1086	touhou, touhou (pc-98)
justice (helltaker)	1086	helltaker
little boy admiral (kancolle)	1086	kantai collection
backbeako (torotei)	1085	original, gegege no kitarou
aegir (azur lane)	1082	azur lane
houjou hibiki	1082	precure, suite precure, heartcatch precure!
sakurajima mai	1082	seishun buta yarou
elizabeth rose bloodflame	1081	hololive, hololive english
verxina (umamusume)	1081	umamusume
raiden mei (herrscher of thunder)	1080	honkai (series), honkai impact 3rd
shirayuki (kancolle)	1080	kantai collection
sunny (omori)	1080	omori
cecilia immergreen	1078	hololive, hololive english
eunie (xenoblade)	1075	xenoblade chronicles (series), xenoblade chronicles 3
nagatsuki (kancolle)	1075	kantai collection
garchomp	1074	pokemon, pokemon dppt
yamamura sadako	1074	the ring
oberon (third ascension) (fate)	1073	fate (series), fate/grand order
sister claire	1073	nijisanji
xuangzang sanzang (fate)	1073	fate/grand order, fate (series)
azura (fire emblem)	1072	fire emblem, fire emblem fates, fire emblem heroes
dan heng (imbibitor lunae) (honkai: star rail)	1072	honkai: star rail, honkai (series)
medb (fate)	1071	fate/grand order, fate (series)
satsuki (blue archive)	1071	blue archive
tsukumo benben	1071	touhou
i-26 (kancolle)	1070	kantai collection
okumura haru	1069	persona, persona 5
rimuru tempest	1069	tensei shitara slime datta ken
robin (male) (fire emblem)	1069	fire emblem, fire emblem awakening, fire emblem heroes
sylphiette (mushoku tensei)	1069	mushoku tensei
lucoa (maidragon)	1068	kobayashi-san chi no maidragon
astolfo (sailor paladin) (fate)	1067	fate (series), fate/grand order, fate/apocrypha
backbeard	1067	gegege no kitarou, original
kadotani anzu	1067	girls und panzer
intrepid (kancolle)	1066	kantai collection
narita taishin (umamusume)	1066	umamusume
ilulu (maidragon)	1065	kobayashi-san chi no maidragon
nishida satono	1065	touhou
hirasawa ui	1064	k-on!
miyamoto musashi (swimsuit berserker) (second ascension) (fate)	1064	fate/grand order, fate (series)
hinata (blue archive)	1063	blue archive
leafeon	1063	pokemon, pokemon legends: arceus
fu xuan (honkai: star rail)	1062	honkai: star rail, honkai (series)
nekomata okayu (oversized shirt)	1062	hololive
mobius (honkai impact)	1060	honkai (series), honkai impact 3rd
silica	1060	sword art online, sword art online: code register
zero (mega man)	1060	mega man (series), mega man zero (series), mega man x (series)
aoki reika	1059	precure, smile precure!
araragi koyomi	1058	monogatari (series), bakemonogatari, nisemonogatari
mifune shioriko	1057	love live!, love live! nijigasaki high school idol club
sweep tosho (umamusume)	1057	umamusume
tsunade (naruto)	1057	naruto (series), naruto, naruto shippuuden
ferry (granblue fantasy)	1056	granblue fantasy
frankenstein's monster (fate)	1056	fate (series), fate/grand order, fate/apocrypha
hikawa hina	1056	bang dream!
sailor mars	1056	bishoujo senshi sailor moon
elsa (frozen)	1055	frozen (disney)
ookami mio (casual)	1055	hololive
teireida mai	1054	touhou
yoshizawa kasumi	1054	persona, persona 5, persona 5 the royal
yui (princess connect!)	1054	princess connect!
abe nana	1053	idolmaster, idolmaster cinderella girls, idolmaster cinderella girls starlight stage
alpaca suri (kemono friends)	1052	kemono friends
assam (girls und panzer)	1052	girls und panzer
tsushima (kancolle)	1052	kantai collection
zara (kancolle)	1052	kantai collection
shirogane noel (1st costume)	1051	hololive
hoshimachi suisei (casual)	1050	hololive
producer (idolmaster cinderella girls anime)	1049	idolmaster, idolmaster cinderella girls
isabelle (animal crossing)	1046	animal crossing, super smash bros., mario (series)
takane lui (1st costume)	1045	hololive
agent 8 (splatoon)	1043	splatoon (series), splatoon 2, splatoon 2: octo expansion
caren hortensia	1041	fate (series), fate/hollow ataraxia, fate/grand order
amamiya kokoro	1040	nijisanji
godzilla	1040	godzilla (series), shin godzilla, monsterverse
serina (blue archive)	1039	blue archive
scathach (swimsuit assassin) (fate)	1038	fate/grand order, fate (series)
specter the unchained (arknights)	1038	arknights
elio (pokemon)	1037	pokemon, pokemon sm, pokemon usum
oreki houtarou	1035	hyouka
angela (project moon)	1032	project moon, library of ruina, lobotomy corporation
caesar king (zenless zone zero)	1031	zenless zone zero
raven (dc)	1031	dc comics, teen titans
alisa ilinichina amiella	1029	god eater, god eater burst, god eater 2: rage burst
chara (undertale)	1029	undertale
naegi makoto	1029	danganronpa (series), danganronpa: trigger happy havoc, danganronpa 2: goodbye despair
kousaka tamaki	1028	to heart (series), to heart 2
tamura yuri	1028	watashi ga motenai no wa dou kangaetemo omaera ga warui!
tingyun (honkai: star rail)	1028	honkai: star rail, honkai (series)
micaiah (fire emblem)	1027	fire emblem, fire emblem: radiant dawn, fire emblem heroes
maru-yu (kancolle)	1024	kantai collection
spider-man	1024	marvel, spider-man (series), spider-verse
tomimi (arknights)	1024	arknights
tama (kancolle)	1023	kantai collection
yuzuriha inori	1023	guilty crown
crewmate (among us)	1022	among us, original, hololive
fiammetta (arknights)	1022	arknights
pekomon (usada pekora)	1021	hololive
maruzensky (umamusume)	1020	umamusume
hayasui (kancolle)	1019	kantai collection
jill stingray	1019	va-11 hall-a, girls' frontline
jingei (kancolle)	1019	kantai collection
merlin (fate)	1019	fate (series), fate/grand order, fate/stay night
friend (nanashi mumei)	1018	hololive, hololive english
kiss-shot acerola-orion heart-under-blade	1018	monogatari (series), kizumonogatari, bakemonogatari
oomuro sakurako	1018	yuru yuri, oomuro-ke
artoria caster (second ascension) (fate)	1017	fate/grand order, fate (series)
falin touden (chimera)	1016	dungeon meshi
mari (omori)	1016	omori
murata himeko	1016	honkai (series), honkai impact 3rd
yuuki (sao)	1016	sword art online, sword art online: code register
isshiki iroha	1014	yahari ore no seishun lovecome wa machigatteiru.
sasaki saku	1014	nijisanji
takamatsu tomori	1014	bang dream!, bang dream! it's mygo!!!!!
akane (bunny) (blue archive)	1013	blue archive
nursery rhyme (fate)	1013	fate (series), fate/grand order, fate/extra
froggy nun (diva)	1012	little nuns (diva)
gwen stacy	1011	marvel, spider-man (series), spider-verse
mejiro palmer (umamusume)	1010	umamusume
corin wickes	1009	zenless zone zero
cure sky	1008	precure, hirogaru sky! precure
florence nightingale (trick or treatment) (fate)	1008	fate (series), fate/grand order
matsumoto rangiku	1008	bleach
oshawott	1008	pokemon, pokemon bw, pokemon legends: arceus
prinz eugen (unfading smile) (azur lane)	1008	azur lane
tsukimura temari	1008	gakuen idolmaster, idolmaster
seele (alter ego)	1007	honkai (series), honkai impact 3rd
yorumi rena	1007	nijisanji
kazagumo (kancolle)	1006	kantai collection
mordred (memories at trifas) (fate)	1005	fate (series), fate/apocrypha, fate/grand order
yuri (doki doki literature club)	1005	doki doki literature club
male rover (wuthering waves)	1004	wuthering waves
index (toaru majutsu no index)	1003	toaru majutsu no index, toaru majutsu no index: old testament, toaru kagaku no railgun
35p (sakura miko)	1002	hololive
leon s. kennedy	1002	resident evil, resident evil 4, resident evil 4 (remake)
tenjouin asuka	1001	yu-gi-oh!, yu-gi-oh! gx, yu-gi-oh! 5d's
moogle	1000	final fantasy, final fantasy vii, final fantasy xiv
sucy manbavaran	1000	little witch academia
ingrid brandl galatea	997	fire emblem, fire emblem: three houses, fire emblem heroes
enkidu (fate)	995	fate (series), fate/grand order, fate/strange fake
arcane jinx	993	league of legends, arcane: league of legends
frye (splatoon)	993	splatoon (series), splatoon 3
jinhsi (wuthering waves)	993	wuthering waves
millia rage	993	guilty gear, guilty gear xrd, guilty gear strive
katou asuka	992	watashi ga motenai no wa dou kangaetemo omaera ga warui!
yukishiro honoka	992	precure, futari wa precure, futari wa precure max heart
cerberus (helltaker)	991	helltaker
hokko tarumae (umamusume)	991	umamusume
braixen	990	pokemon
yusa kozue	989	idolmaster, idolmaster cinderella girls
katou megumi	988	saenai heroine no sodatekata
yozora mel	988	hololive, hololive english
homu (honkai impact)	987	honkai (series), honkai impact 3rd, benghuai xueyuan
reed (arknights)	987	arknights
rpk-16 (girls' frontline)	987	girls' frontline
medea (fate)	986	fate (series), fate/stay night, fate/grand order
serika (swimsuit) (blue archive)	985	blue archive
yuuki mikan	985	to love-ru, to love-ru darkness
dio brando	984	jojo no kimyou na bouken, stardust crusaders, phantom blood
tiki (adult) (fire emblem)	984	fire emblem, fire emblem awakening, fire emblem heroes
fujishima megumi	983	link! like! love live!, love live!
yoroizuka mizore	982	hibike! euphonium, liz to aoi tori
eurasian eagle owl (kemono friends)	981	kemono friends
saga (arknights)	981	arknights
air shakur (umamusume)	980	umamusume
jaguar (kemono friends)	980	kemono friends
waver velvet	980	fate (series), fate/zero, fate/grand order
hishi miracle (umamusume)	979	umamusume
mioda ibuki	978	danganronpa (series), danganronpa 2: goodbye despair, danganronpa: trigger happy havoc
clarisse (granblue fantasy)	977	granblue fantasy
eunectes (arknights)	977	arknights
frostnova (arknights)	977	arknights
mizuno ai	977	zombie land saga
acerola (pokemon)	974	pokemon, pokemon sm, pokemon masters ex
baobhan sith (swimsuit pretender) (fate)	973	fate/grand order, fate (series)
heanna sumire	973	love live!, love live! superstar!!
tsunomaki watame (1st costume)	973	hololive
funami yui	972	yuru yuri
bronya rand	971	honkai (series), honkai: star rail
saki (swimsuit) (blue archive)	971	blue archive
sorceress (dragon's crown)	971	dragon's crown
layla (genshin impact)	969	genshin impact
minna-dietlinde wilcke	968	world witches series, strike witches
akira (blue archive)	967	blue archive
copano rickey (umamusume)	967	umamusume
jessica (arknights)	967	arknights
lux (league of legends)	967	league of legends
saijo juri	966	idolmaster, idolmaster shiny colors
squirtle	966	pokemon, pokemon frlg, pokemon rgby
theresa (arknights)	965	arknights
snivy	964	pokemon, pokemon bw2, pokemon bw
magnemite	963	pokemon, pokemon sv
shouhou (kancolle)	963	kantai collection
kujou karen	962	kin-iro mosaic
mizuki (arknights)	962	arknights
ui (swimsuit) (blue archive)	962	blue archive
kiana kaslana (herrscher of finality)	961	honkai (series), honkai impact 3rd
thoma (genshin impact)	961	genshin impact
fuji kiseki (umamusume)	959	umamusume
elegg (nikke)	958	goddess of victory: nikke
himejima akeno	958	high school dxd, high school dxd born
tony tony chopper	957	one piece
danua	956	granblue fantasy
rabbit yukine	956	vocaloid
enemy aircraft (kancolle)	955	kantai collection
haramura nodoka	955	saki (manga)
shirogane noel (casual)	955	hololive
bianca (pokemon)	953	pokemon, pokemon bw, pokemon bw2
riesz	953	seiken densetsu, seiken densetsu 3
gold city (umamusume)	952	umamusume
nadia la arwall	952	fushigi no umi no nadia
minamoto sakura	951	zombie land saga
suzukaze aoba	950	new game!
iwakura lain	949	serial experiments lain
omaru polka (1st costume)	948	hololive
aubrey (faraway) (omori)	947	omori
izutsumi	947	dungeon meshi
marie rose	947	dead or alive, dead or alive 5
ryuzaki kaoru	946	idolmaster, idolmaster cinderella girls, idolmaster cinderella girls u149
emiya kiritsugu	945	fate (series), fate/zero, fate/grand order
tendou akane	945	ranma 1/2
hare (blue archive)	944	blue archive
lyria (granblue fantasy)	944	granblue fantasy
feater (arknights)	943	arknights
keqing (opulent splendor) (genshin impact)	943	genshin impact
erika (pokemon)	942	pokemon, pokemon frlg, pokemon lgpe
meltryllis (swimsuit lancer) (first ascension) (fate)	942	fate (series), fate/grand order
taiki shuttle (umamusume)	942	umamusume
ichijou ririka	941	hololive, hololive dev is
mudrock (elite ii) (arknights)	941	arknights
himesaki rinami	938	gakuen idolmaster, idolmaster
yuuki (princess connect!)	938	princess connect!, puchimasu!
seele (honkai: star rail)	937	honkai (series), honkai: star rail
failure penguin	936	kantai collection
raihan (pokemon)	936	pokemon, pokemon swsh
shinku	935	rozen maiden
bagpipe (arknights)	933	arknights
bb (swimsuit mooncancer) (second ascension) (fate)	933	fate (series), fate/grand order
frederica bernkastel	932	umineko no naku koro ni
hourai doll	932	touhou
mitake ran	932	bang dream!
accelerator (toaru majutsu no index)	931	toaru majutsu no index, toaru majutsu no index: old testament, toaru kagaku no railgun
euryale (fate)	931	fate (series), fate/grand order, fate/hollow ataraxia
izayoi aki	931	yu-gi-oh!, yu-gi-oh! 5d's, yu-gi-oh! gx
sakura chiyono o (umamusume)	931	umamusume
type 95 (girls' frontline)	931	girls' frontline
vira (granblue fantasy)	931	granblue fantasy
alice zuberg	930	sword art online, sword art online: alicization
amane kanata (work)	930	hololive
hammann (azur lane)	930	azur lane
kaine (nier)	930	nier (series), nier, nier:automata
yamato takeru (fate)	930	fate (series), fate/samurai remnant, fate/grand order
yoshikawa chinatsu	930	yuru yuri
maizono sayaka	929	danganronpa (series), danganronpa: trigger happy havoc, danganronpa 2: goodbye despair
kaf (kamitsubaki studio)	928	kamitsubaki studio
nanao yuriko	928	idolmaster, idolmaster million live!, idolmaster million live! theater days
biwa hayahide (umamusume)	926	umamusume
sailor jupiter	925	bishoujo senshi sailor moon
yokoyama nao	923	idolmaster, idolmaster million live!, idolmaster million live! theater days
luma (mario)	922	mario (series), super mario galaxy, super smash bros.
shikanoin heizou	922	genshin impact
still in love (umamusume)	922	umamusume
chito (shoujo shuumatsu ryokou)	921	shoujo shuumatsu ryokou
hiiragi utena	921	mahou shoujo ni akogarete
tomoe hotaru	921	bishoujo senshi sailor moon, bishoujo senshi sailor moon s
momo velia deviluke	920	to love-ru, to love-ru darkness
yuuri (shoujo shuumatsu ryokou)	919	shoujo shuumatsu ryokou
asagumo (kancolle)	918	kantai collection
kino (kino no tabi)	918	kino no tabi
ushiromiya battler	918	umineko no naku koro ni
carpaccio (girls und panzer)	917	girls und panzer
commander (nikke)	917	goddess of victory: nikke
helltaker (character)	917	helltaker
misaki (blue archive)	917	blue archive
rhea (fire emblem)	917	fire emblem, fire emblem: three houses, fire emblem heroes
shizuka rin	916	nijisanji
iruma miu	914	danganronpa (series), danganronpa v3: killing harmony
kazanari tsubasa	914	senki zesshou symphogear
oozora subaru (1st costume)	913	hololive
abigail williams (swimsuit foreigner) (third ascension) (fate)	912	fate (series), fate/grand order
guoba (genshin impact)	912	genshin impact
kaela kovalskia	910	hololive, hololive indonesia, hololive english
penance (arknights)	910	arknights
maria cadenzavna eve	909	senki zesshou symphogear
akita neru	908	vocaloid, utau, triple baka (vocaloid)
projekt red (arknights)	908	arknights
andira (granblue fantasy)	907	granblue fantasy
cleveland (azur lane)	907	azur lane
beatrice (re:zero)	906	re:zero kara hajimeru isekai seikatsu
hishikawa rikka	906	dokidoki! precure, precure
pharah (overwatch)	906	overwatch, overwatch 1
aida mana	905	dokidoki! precure, precure
female sensei (blue archive)	905	blue archive
furutani himawari	901	yuru yuri
tails (sonic)	901	sonic (series), sonic the hedgehog (classic)
yume (blue archive)	901	blue archive
bradamante (fate)	900	fate/grand order, fate (series)
koseki bijou (1st costume)	900	hololive, hololive english
natsuiro matsuri (1st costume)	900	hololive
hanamura yousuke	899	persona, persona 4
hino akane (smile precure!)	899	precure, smile precure!
toyokawa fuka	899	idolmaster, idolmaster million live!, idolmaster million live! theater days
iskandar (fate)	898	fate (series), fate/zero, fate/grand order
kawashima momo	898	girls und panzer
violet evergarden	898	violet evergarden (series)
yuno (hidamari sketch)	897	hidamari sketch
ayunda risu	896	hololive, hololive indonesia, hololive english
damian desmond	896	spy x family
maka albarn	895	soul eater
gekota	894	toaru majutsu no index, toaru kagaku no railgun
kula diamond	894	the king of fighters, snk
sakura bakushin o (umamusume)	894	umamusume
blemishine (arknights)	893	arknights
ichigo (darling in the franxx)	893	darling in the franxx
samuel b. roberts (kancolle)	893	kantai collection
bardiche (nanoha)	891	lyrical nanoha, mahou shoujo lyrical nanoha, mahou shoujo lyrical nanoha strikers
tenma tsukasa	891	project sekai, vocaloid
utsumi erice	891	fate (series), fate/grand order, fate/requiem
akashi (azur lane)	890	azur lane
raising heart	890	lyrical nanoha, mahou shoujo lyrical nanoha, mahou shoujo lyrical nanoha strikers
yang guifei (second ascension) (fate)	889	fate (series), fate/grand order
abigail williams (traveling outfit) (fate)	888	fate/grand order, fate (series)
chando (ado)	888	ado (utaite)
simon (ttgl)	888	tengen toppa gurren lagann
yanami anna	888	make heroine ga oo sugiru!
sonozaki shion	887	higurashi no naku koro ni
whislash (arknights)	887	arknights
kurokawa akane	886	oshi no ko
sayori (doki doki literature club)	886	doki doki literature club
ganondorf	885	the legend of zelda, the legend of zelda: tears of the kingdom, the legend of zelda: ocarina of time
kasaki nozomi	885	hibike! euphonium, liz to aoi tori
littorio (kancolle)	885	kantai collection
roll caskett (mega man)	885	mega man (series), mega man legends (series)
scathach (piercing bunny) (fate)	885	fate (series), fate/grand order
tang keke	885	love live!, love live! superstar!!
hatsukaze (kancolle)	884	kantai collection
ijichi seika	883	bocchi the rock!
jintsuu kai ni (kancolle)	883	kantai collection
lucia (pgr)	883	punishing: gray raven
shiratsuyu kai ni (kancolle)	883	kantai collection
tanya degurechaff	883	youjo senki
tohno akiha	883	tsukihime, tsukihime (remake), melty blood
fumizuki (kancolle)	882	kantai collection
hoshino (first year) (blue archive)	882	blue archive
kako (kancolle)	882	kantai collection
ooshio (kancolle)	882	kantai collection
sagiri (kancolle)	882	kantai collection
mikuma (kancolle)	880	kantai collection
sendai hakurei no miko	880	touhou, m.u.g.e.n, original
arven (pokemon)	879	pokemon, pokemon sv
oda nobukatsu (fate)	879	fate (series), fate/grand order, koha-ace
pomni (the amazing digital circus)	879	the amazing digital circus
aston machan (umamusume)	878	umamusume
perona	878	one piece
kanbaru suruga	876	monogatari (series), bakemonogatari, nisemonogatari
miia (monster musume)	876	monster musume no iru nichijou
el condor pasa (umamusume)	875	umamusume
eva 02	875	neon genesis evangelion, rebuild of evangelion, evangelion: 3.0 you can (not) redo
kirino (blue archive)	875	blue archive
suzuka gozen (fate)	875	fate (series), fate/grand order, fate/extra
edward elric	874	fullmetal alchemist
grusha (pokemon)	874	pokemon, pokemon sv
nekomusume (gegege no kitarou 6)	874	gegege no kitarou
dokibird (vtuber)	873	indie virtual youtuber
durandal (honkai impact)	873	honkai (series), honkai impact 3rd
lucy heartfilia	873	fairy tail
torchic	871	pokemon, pokemon rse, pokemon oras
amanogawa kirara	870	precure, go! princess precure
hunter (bloodborne)	870	bloodborne
grecale (kancolle)	868	kantai collection
hsien-ko	868	darkstalkers
morgana (persona 5)	868	persona, persona 5
sayu (genshin impact)	868	genshin impact
goutokuji mike	867	touhou
crow (la+ darknesss)	866	hololive
van gogh (fate)	866	fate/grand order, fate (series)
kondou taeko	864	girls und panzer
signum	864	lyrical nanoha, mahou shoujo lyrical nanoha, mahou shoujo lyrical nanoha a's
claude von riegan	863	fire emblem, fire emblem: three houses
hatsushimo (kancolle)	863	kantai collection
noel vermillion	863	blazblue, blazblue: chronophantasma
ranka lee	863	macross, macross frontier
furen e lustario	861	nijisanji
king hassan (fate)	861	fate/grand order, fate (series)
jing yuan	860	honkai: star rail, honkai (series)
revy (black lagoon)	860	black lagoon
kotori (blue archive)	859	blue archive
kurumi erika	859	precure, heartcatch precure!
maikaze (kancolle)	858	kantai collection
shuro (blue archive)	858	blue archive
sonetto (reverse:1999)	857	reverse:1999
gladiia (arknights)	856	arknights
hozuki kaede	855	onii-chan wa oshimai!
taihou (enraptured companion) (azur lane)	854	azur lane
watatsuki no toyohime	854	touhou
enemy naval mine (kancolle)	853	kantai collection
fujibayashi kyou	853	clannad
nowaki (kancolle)	853	kantai collection
oozora subaru (work)	853	hololive
flareon	852	pokemon
myrtle (arknights)	851	arknights
sonya (kill me baby)	851	kill me baby
amillion (zenless zone zero)	850	zenless zone zero
aura (sousou no frieren)	850	sousou no frieren
mifune miyu	850	idolmaster, idolmaster cinderella girls
uesugi fuutarou	850	go-toubun no hanayome
yinlin (wuthering waves)	849	wuthering waves
seth lowell	848	zenless zone zero
kabru	846	dungeon meshi
meltryllis (swimsuit lancer) (second ascension) (fate)	846	fate (series), fate/grand order
natalia (idolmaster)	846	idolmaster, idolmaster cinderella girls
aki (girls und panzer)	844	girls und panzer
guts (berserk)	844	berserk
uzaki tsuki	844	uzaki-chan wa asobitai!
victor (pokemon)	844	pokemon, pokemon swsh
ibuki tsubasa	843	idolmaster, idolmaster million live!, idolmaster million live! theater days
musashi (azur lane)	842	azur lane
hinoshita kaho	841	link! like! love live!, love live!
sawa azusa	841	girls und panzer
alisa mikhailovna kujou	840	tokidoki bosotto roshia-go de dereru tonari no alya-san
chihiro (blue archive)	839	blue archive
le malin (listless lapin) (azur lane)	839	azur lane
wraith (apex legends)	839	apex legends
ononoki yotsugi	838	monogatari (series), nisemonogatari
pyra (pro swimmer) (xenoblade)	838	xenoblade chronicles (series), xenoblade chronicles 2
wakamo (swimsuit) (blue archive)	837	blue archive
cyndaquil	836	pokemon, pokemon legends: arceus, pokemon hgss
i-class destroyer	836	kantai collection
kobo kanaeru	836	hololive, hololive indonesia, hololive english
satake minako	836	idolmaster, idolmaster million live!, idolmaster million live! theater days
white mage (final fantasy)	836	final fantasy, final fantasy xiv, final fantasy tactics
aru (dress) (blue archive)	835	blue archive
g36 (girls' frontline)	835	girls' frontline
magallan (arknights)	835	arknights
melina (elden ring)	835	elden ring
mr. squeaks (hakos baelz)	835	hololive, hololive english
eirika (fire emblem)	834	fire emblem, fire emblem: the sacred stones, fire emblem heroes
kisaragi (azur lane)	834	azur lane
kotomine kirei	834	fate (series), fate/zero, fate/stay night
gavial (arknights)	833	arknights
jill valentine	833	resident evil, resident evil 3: nemesis, resident evil 5
tron bonne (mega man)	832	mega man (series), mega man legends (series)
nui sociere	831	nijisanji
kaho (blue archive)	830	blue archive
petra gurin	830	nijisanji, nijisanji en
pneuma (xenoblade)	830	xenoblade chronicles (series), xenoblade chronicles 2
sirius (azure horizons) (azur lane)	830	azur lane
bismarck (azur lane)	829	azur lane
chikuma (kancolle)	828	kantai collection
chise (blue archive)	828	blue archive
graf zeppelin (azur lane)	828	azur lane
kos-mos	828	xenosaga, xenosaga episode iii, xenoblade chronicles (series)
otokura yuuki	828	idolmaster, idolmaster cinderella girls, idolmaster cinderella girls starlight stage
kamisato ayaka (springbloom missive)	827	genshin impact
atago (stunning speedster) (azur lane)	826	azur lane
iroha (samurai spirits)	826	samurai spirits, snk
nakayama festa (umamusume)	825	umamusume
rydia (ff4)	825	final fantasy, final fantasy iv
abigail williams (third ascension) (fate)	823	fate/grand order, fate (series)
nate (pokemon)	823	pokemon, pokemon bw2, pokemon bw
scorbunny	823	pokemon, pokemon swsh
elise (fire emblem)	822	fire emblem, fire emblem fates, fire emblem heroes
pa-san	822	bocchi the rock!
pom-pom (honkai: star rail)	822	honkai: star rail, honkai (series)
ptilopsis (arknights)	822	arknights
roon (azur lane)	822	azur lane
spicy nun (diva)	822	little nuns (diva)
kasumigaoka utaha	821	saenai heroine no sodatekata
senji muramasa (fate)	821	fate (series), fate/grand order, fate/stay night
shiraishi an	821	project sekai
slime (dragon quest)	821	dragon quest, dragon quest iii, dragon quest iv
a-chan (hololive)	819	hololive
kohinata miho	819	idolmaster, idolmaster cinderella girls, idolmaster cinderella girls starlight stage
mochizuki anna	819	idolmaster, idolmaster million live!, idolmaster million live! theater days
silver (pokemon)	819	pokemon, pokemon hgss, pokemon adventures
wiz (konosuba)	819	kono subarashii sekai ni shukufuku wo!
sei shounagon (fate)	818	fate (series), fate/grand order
suiseiseki	818	rozen maiden
lacey (pokemon)	817	pokemon, pokemon sv
subaru duck	817	hololive, hololive english
tada riina	817	idolmaster, idolmaster cinderella girls
tanned cirno	817	touhou, hidden star in four seasons
young link	817	the legend of zelda, the legend of zelda: ocarina of time, the legend of zelda: majora's mask
green (pokemon)	816	pokemon, pokemon adventures, pokemon lgpe
nanami kento	815	jujutsu kaisen
shirayuki tomoe	815	nijisanji
ashiya douman (fate)	814	fate (series), fate/grand order
juufuutei raden	814	hololive, hololive dev is
takanashi kiara (casual)	814	hololive, hololive english
captain (kemono friends)	813	kemono friends, kemono friends 3
commandant teste (kancolle)	813	kantai collection
yuni (princess connect!)	813	princess connect!
fighter (granblue fantasy)	812	granblue fantasy
junko (blue archive)	812	blue archive
makabe mizuki	812	idolmaster, idolmaster million live!, idolmaster million live! theater days
araragi karen	811	monogatari (series), nisemonogatari, bakemonogatari
beatrix (granblue fantasy)	811	granblue fantasy
shinshuu maru (kancolle)	811	kantai collection
cinderella (nikke)	810	goddess of victory: nikke
ivy (fire emblem)	810	fire emblem, fire emblem engage, fire emblem heroes
jeanne d'arc alter (avenger) (third ascension) (fate)	810	fate/grand order, fate (series)
taneshima popura	810	working!!
ikuno dictus (umamusume)	809	umamusume
st. louis (luxurious wheels) (azur lane)	809	azur lane
james (pokemon)	808	pokemon, pokemon (anime), pokemon (classic anime)
kurokami fubuki	808	hololive
meowth	808	pokemon, pokemon (anime), pokemon (classic anime)
arjuna (fate)	807	fate (series), fate/grand order
mysterious heroine x (fate)	807	fate (series), fate/grand order, rojiura satsuki: chapter heroine sanctuary
razor (genshin impact)	807	genshin impact
yun jin (genshin impact)	807	genshin impact
chomusuke	806	kono subarashii sekai ni shukufuku wo!
freminet (genshin impact)	806	genshin impact
ichinose uruha	806	vspo!, lupinus virtual games
implacable (azur lane)	806	azur lane
olga marie animusphere	806	fate (series), fate/grand order, learning with manga! fgo
suzuran (spring praise) (arknights)	806	arknights, luo xiaohei zhanji
elesis (elsword)	805	elsword
elizabeth bathory (brave) (fate)	805	fate (series), fate/grand order, fate/extra
mejiro ramonu (umamusume)	805	umamusume
jouga maya	804	gochuumon wa usagi desu ka?
takamiya rion	804	nijisanji
yunli (honkai: star rail)	804	honkai: star rail, honkai (series)
absol	802	pokemon
hyakumantenbara salome (1st costume)	802	nijisanji
kiki (majo no takkyuubin)	802	majo no takkyuubin, studio ghibli
quanxi (chainsaw man)	802	chainsaw man
agent 3 (splatoon)	801	splatoon (series), splatoon 2, splatoon 2: octo expansion
dhole (kemono friends)	801	kemono friends, kemono friends 3
eimi (swimsuit) (blue archive)	801	blue archive
mercedes von martritz	801	fire emblem, fire emblem: three houses, fire emblem heroes
nemoto hina	801	watashi ga motenai no wa dou kangaetemo omaera ga warui!
sora (blue archive)	801	blue archive
gamagoori ira	800	kill la kill
takanami (kancolle)	800	kantai collection
akitsushima (kancolle)	799	kantai collection
angela balzac	799	rakuen tsuihou
hishi amazon (umamusume)	799	umamusume
kiran (fire emblem)	799	fire emblem, fire emblem heroes, fire emblem fates
texas (willpower) (arknights)	799	arknights
edmond dantes (fate)	798	fate (series), fate/grand order
fujimaru ritsuka (male) (polar chaldea uniform)	798	fate/grand order, fate (series)
hello kitty (character)	798	hello kitty, sanrio, original
hoshimiya ichigo	798	aikatsu! (series), aikatsu!
asaba harumasa	797	zenless zone zero
asakura ryouko	796	suzumiya haruhi no yuuutsu, suzumiya haruhi no shoushitsu
hypno	796	pokemon, pokemon swsh
karna (fate)	796	fate (series), fate/grand order, fate/apocrypha
dinergate (girls' frontline)	794	girls' frontline
roma (kancolle)	794	kantai collection
corrin (male) (fire emblem)	793	fire emblem, fire emblem fates, fire emblem heroes
kohaku (tsukihime)	793	tsukihime, melty blood
tepig	793	pokemon, pokemon bw, pokemon bw2
tosen jordan (umamusume)	793	umamusume
bianca (dq5)	792	dragon quest, dragon quest v
kiana kaslana (herrscher of flamescion)	791	honkai (series), honkai impact 3rd
neko (minato aqua)	790	hololive
frostleaf (arknights)	789	arknights
mega man (character)	789	mega man (classic), mega man (series), super smash bros.
cosmog	788	pokemon, pokemon sm
fuyutsuki (kancolle)	788	kantai collection
yumeno himiko	788	danganronpa (series), danganronpa v3: killing harmony
endeavor (boku no hero academia)	787	boku no hero academia
higashi setsuna	787	fresh precure!, precure
wattson (apex legends)	787	apex legends
yuudachi (azur lane)	786	azur lane
nemo (fate)	785	fate/grand order, fate (series)
igarashi kyoko	784	idolmaster, idolmaster cinderella girls, idolmaster cinderella girls starlight stage
viper (nikke)	784	goddess of victory: nikke
arcane vi	783	league of legends, arcane: league of legends
fujimaru ritsuka (female) (polar chaldea uniform)	783	fate/grand order, fate (series)
admiral graf spee (azur lane)	782	azur lane
nanashi mumei (emo)	782	hololive, hololive english
shadowheart (baldur's gate)	782	baldur's gate, baldur's gate 3, dungeons & dragons
yae miko (fox)	782	genshin impact
mochizuki (kancolle)	781	kantai collection
last order (toaru majutsu no index)	780	toaru majutsu no index, toaru kagaku no railgun, toaru majutsu no index: old testament
alice (nikke)	779	goddess of victory: nikke
kagemori michiru	779	brand new animal
ots-14 (girls' frontline)	779	girls' frontline, girls' frontline 2: exilium
takeda harumi (shiromanta)	779	senpai ga uzai kouhai no hanashi
natsu megumi	778	gochuumon wa usagi desu ka?
red hood (nikke)	778	goddess of victory: nikke
rindou mikoto	778	nijisanji
rodion (project moon)	778	project moon, limbus company
winry rockbell	778	fullmetal alchemist
ogata chieri	777	idolmaster, idolmaster cinderella girls
sawamura spencer eriri	777	saenai heroine no sodatekata
zooey (granblue fantasy)	777	granblue fantasy
kobayashi (maidragon)	776	kobayashi-san chi no maidragon
toon link	776	the legend of zelda, the legend of zelda: the wind waker, super smash bros.
janus (kancolle)	775	kantai collection
takamori aiko	775	idolmaster, idolmaster cinderella girls, idolmaster cinderella girls starlight stage
wu zetian (fate)	775	fate/grand order, fate (series)
basil (faraway) (omori)	774	omori
kobayakawa sae	774	idolmaster, idolmaster cinderella girls, idolmaster cinderella girls starlight stage
mogami shizuka	774	idolmaster, idolmaster million live!, idolmaster million live! theater days
nakiri erina	774	shokugeki no souma
queen draco (fate)	774	fate (series), fate/grand order, fate/grand order arcade
tiki (young) (fire emblem)	774	fire emblem, fire emblem: mystery of the emblem, fire emblem heroes
blue poison (shoal beat) (arknights)	773	arknights
tsurumaki kokoro	773	bang dream!
akitsu maru kai (kancolle)	772	kantai collection
aurora (arknights)	772	arknights
nibutani shinka	772	chuunibyou demo koi ga shitai!
ouro kronii (casual)	772	hololive, hololive english
popplio	772	pokemon, pokemon sm, pokemon (anime)
souseiseki	772	rozen maiden
tendou maya	772	shoujo kageki revue starlight
chongyue (arknights)	770	arknights
kiriya aoi	770	aikatsu! (series), aikatsu!
kuma (persona 4)	770	persona, persona 4
perth (kancolle)	770	kantai collection
saijou claudine	770	shoujo kageki revue starlight
ike (fire emblem)	769	fire emblem, fire emblem: path of radiance, fire emblem: radiant dawn
charmander	768	pokemon, pokemon rgby, pokemon frlg
mumei (kabaneri)	768	koutetsujou no kabaneri
noumi kudryavka	768	little busters!, kud wafter
shoukaku (azur lane)	768	azur lane
astolfo (saber) (fate)	767	fate (series), fate/grand order, fate/apocrypha
mordred (swimsuit rider) (fate)	767	fate (series), fate/grand order, fate/apocrypha
momoi (maid) (blue archive)	766	blue archive
viy (fate)	766	fate/grand order, fate (series)
zara (poolside coincidence) (azur lane)	766	azur lane
alexandrina sebastiane	765	zenless zone zero
conte di cavour (kancolle)	765	kantai collection
kei (blue archive)	765	blue archive
misaka imouto	765	toaru majutsu no index, toaru kagaku no railgun
trunks (dragon ball)	765	dragon ball, dragon ball z, dragon ball super
aisha landar	764	elsword
asakaze (kancolle)	764	kantai collection
bb (swimsuit mooncancer) (third ascension) (fate)	764	fate (series), fate/grand order
chinatsu (blue archive)	764	blue archive
cernunnos (fate)	763	fate/grand order, fate (series)
harukaze (kancolle)	762	kantai collection
saori (dress) (blue archive)	762	blue archive
bubba (watson amelia)	761	hololive, hololive english
hoshizora miyuki	761	precure, smile precure!
sans (undertale)	761	undertale
sora ginko	761	ryuuou no oshigoto!
anya melfissa	760	hololive, hololive indonesia, hololive english
gladion (pokemon)	760	pokemon, pokemon sm
carmilla (fate)	759	fate (series), fate/grand order
jeanne d'arc (swimsuit archer) (first ascension) (fate)	759	fate (series), fate/grand order
matsuwa (kancolle)	759	kantai collection
mitsumine yuika	759	idolmaster, idolmaster shiny colors
kasuga ayumu	758	azumanga daioh
katsuragi lilja	758	idolmaster, gakuen idolmaster
tsukumo yatsuhashi	758	touhou, double dealing character
yin (darker than black)	758	darker than black
asuka (senran kagura)	757	senran kagura, senran kagura shoujo-tachi no shin'ei
hifumi (swimsuit) (blue archive)	756	blue archive
jeanne d'arc (third ascension) (fate)	756	fate (series), fate/grand order, fate/apocrypha
sakata kintoki (fate)	756	fate (series), fate/grand order
ushizaki urumi	756	touhou
yuzuki choco (1st costume)	756	hololive
melia antiqua	755	xenoblade chronicles (series), xenoblade chronicles 1, xenoblade chronicles 3
silverash (arknights)	755	arknights
makoto (blue archive)	754	blue archive
miyamizu mitsuha	754	kimi no na wa.
ushiromiya ange	754	umineko no naku koro ni
yamada elf	754	eromanga sensei
hinatsuru ai	753	ryuuou no oshigoto!
kama (first ascension) (fate)	753	fate/grand order, fate (series)
mukai takumi	753	idolmaster, idolmaster cinderella girls
sora (arknights)	753	arknights
spas-12 (girls' frontline)	753	girls' frontline, girls' frontline 2: exilium
stheno (fate)	752	fate (series), fate/grand order, fate/hollow ataraxia
boothill (honkai: star rail)	751	honkai: star rail, honkai (series)
usada hikaru	751	di gi charat
usopp	751	one piece
magia baiser	750	mahou shoujo ni akogarete
lappland (refined horrormare) (arknights)	749	arknights
fami (chainsaw man)	748	chainsaw man
gravel (arknights)	748	arknights
iino miko	748	kaguya-sama wa kokurasetai ~tensai-tachi no renai zunousen~
mikko (girls und panzer)	748	girls und panzer
jolteon	747	pokemon
midori (maid) (blue archive)	747	blue archive
paul bunyan (fate)	747	fate/grand order, fate (series)
ayanami (retrofit) (azur lane)	746	azur lane
jean bart (azur lane)	746	azur lane
tsuyuri kanao	745	kimetsu no yaiba
eva 01	744	neon genesis evangelion, rebuild of evangelion
lucas (pokemon)	744	pokemon, pokemon dppt, pokemon platinum
suou patra	744	nanashi inc., honey strap, indie virtual youtuber
suzuya kai ni (kancolle)	744	kantai collection
kazama asuka	742	tekken
lion (kemono friends)	742	kemono friends
ymir (shingeki no kyojin)	742	shingeki no kyojin
angel devil (chainsaw man)	740	chainsaw man
annie leonhart	740	shingeki no kyojin
nitocris (swimsuit assassin) (fate)	740	fate/grand order, fate (series)
lala satalin deviluke	739	to love-ru, to love-ru darkness
nina (fire emblem)	738	fire emblem, fire emblem fates, fire emblem heroes
sado (kancolle)	738	kantai collection
araragi tsukihi	737	monogatari (series), nisemonogatari, bakemonogatari
hina (pajamas) (blue archive)	737	blue archive
kitakami kai ni (kancolle)	737	kantai collection
maya kai ni (kancolle)	737	kantai collection
rainbow mika	737	street fighter, street fighter v, street fighter zero (series)
tokisaki mio (niliu chahui)	737	original
neo universe (umamusume)	736	umamusume
warfarin (arknights)	735	arknights
hanasaki tsubomi	733	precure, heartcatch precure!, fresh precure!
nanakusa nichika	733	idolmaster, idolmaster shiny colors
maya fey	732	ace attorney
tiamat (fate)	732	fate (series), fate/grand order, fate/grand order arcade
kaede (blue archive)	731	blue archive
mash kyrielight (swimsuit of perpetual summer)	731	fate/grand order, fate (series)
vestia zeta	731	hololive, hololive indonesia, hololive english
iori rinko	730	gundam, gundam build fighters
pit (kid icarus)	730	kid icarus, kid icarus uprising, super smash bros.
doujima nanako	729	persona, persona 4
franka (arknights)	729	arknights
lina inverse	728	slayers
neo politan	728	rwby
oka asahi	728	onii-chan wa oshimai!
shinonome nano	728	nichijou
tokoro megumi	728	idolmaster, idolmaster million live!, idolmaster million live! theater days
zen'in maki	728	jujutsu kaisen
arezu (pokemon)	727	pokemon, pokemon legends: arceus
reijo (blue archive)	726	blue archive
ssrb (shishiro botan)	726	hololive
korra	725	avatar legends, the legend of korra
platelet (hataraku saibou)	725	hataraku saibou
senkawa chihiro	725	idolmaster, idolmaster cinderella girls
airfield princess	724	kantai collection
alisa (girls und panzer)	724	girls und panzer
otonose kanade	724	hololive, hololive dev is
yamagishi fuuka	724	persona, persona 3, persona 3 portable
pozyomka (arknights)	723	arknights
shining (arknights)	723	arknights
zuikaku (azur lane)	723	azur lane
i-no	722	guilty gear, guilty gear strive, guilty gear xrd
minamino kanade	722	precure, suite precure
nakamura yuri	722	angel beats!
otomune kozue	722	link! like! love live!, love live!
tomoe gozen (swimsuit saber) (fate)	722	fate/grand order, fate (series)
aketa mikoto	721	idolmaster, idolmaster shiny colors
sora (kingdom hearts)	721	kingdom hearts, kingdom hearts ii, kingdom hearts iii
soraka (league of legends)	721	league of legends
altaria	720	pokemon, pokemon oras
azusawa kohane	720	project sekai, vocaloid
fukawa toko	720	danganronpa (series), danganronpa: trigger happy havoc, danganronpa another episode: ultra despair girls
female protagonist (pokemon go)	719	pokemon, pokemon go
gray (fate)	719	fate (series), lord el-melloi ii case files, fate/grand order
kawakami sadayo	719	persona, persona 5
kishinami (kancolle)	719	kantai collection
kureiji ollie (1st costume)	719	hololive, hololive indonesia, hololive english
miyamoto iori (fate)	719	fate (series), fate/samurai remnant, fate/grand order
momozono love	719	fresh precure!, precure, heartcatch precure!
cecilia alcott	718	infinite stratos
kindred (league of legends)	718	league of legends
lili (tekken)	718	tekken, tekken 8
rosa (arknights)	718	arknights
cinnamiku	717	vocaloid, sanrio, fuwa fuwa cinnamoroll
natsume rin	717	little busters!
sakura (fire emblem)	717	fire emblem, fire emblem fates, fire emblem heroes
sato shin	717	idolmaster, idolmaster cinderella girls, idolmaster cinderella girls starlight stage
himemushi momoyo	716	touhou
himesaka noa	716	watashi ni tenshi ga maiorita!
rin (blue archive)	716	blue archive
yuel (granblue fantasy)	716	granblue fantasy
kurapika	715	hunter x hunter
mudkip	715	pokemon, pokemon oras, pokemon rse
nelson (kancolle)	715	kantai collection
pan (dragon ball)	715	dragon ball, dragon ball gt, dragon ball super
fushiguro touji	714	jujutsu kaisen
hatsune miku (append)	714	vocaloid
kagura (gintama)	714	gintama
scaramouche (kabukimono) (genshin impact)	714	genshin impact
chris redfield	713	resident evil, resident evil 6, resident evil 5
talulah (arknights)	713	arknights
kaname raana	712	bang dream!, bang dream! it's mygo!!!!!
oribe yasuna	712	kill me baby
meursault (project moon)	711	project moon, limbus company
queen elizabeth (azur lane)	711	azur lane
rei (pokemon)	711	pokemon, pokemon legends: arceus
tenryuu kai ni (kancolle)	711	kantai collection
tsukumo sana (1st costume)	711	hololive, hololive english
ghislaine dedoldia	710	mushoku tensei
kinich (genshin impact)	710	genshin impact
millie parfait	710	nijisanji, nijisanji en
piers (pokemon)	710	pokemon, pokemon swsh
symboli kris s (umamusume)	710	umamusume
airani iofifteen	709	hololive, hololive indonesia, hololive english
cure black	709	precure, futari wa precure, futari wa precure max heart
perseus (azur lane)	709	azur lane
prinny	709	disgaea, makai senki disgaea
kinomoto sakura (magic dream costume)	708	cardcaptor sakura
tsuchinoko (kemono friends)	708	kemono friends
lin (arknights)	707	arknights
maou (maoyuu)	707	maoyuu maou yuusha
anisphia wynn palettia	706	tensei oujo to tensai reijou no mahou kakumei
kazami yuuka (pc-98)	706	touhou, touhou (pc-98), lotus land story
kama (swimsuit avenger) (fate)	705	fate (series), fate/grand order
kyonko	705	suzumiya haruhi no yuuutsu
liskarm (arknights)	705	arknights
okita j. souji (fate)	705	fate (series), fate/grand order
douki-chan (douki-chan)	704	ganbare douki-chan
erza scarlet	704	fairy tail
sirius (scorching-hot seirios) (azur lane)	704	azur lane
uta (one piece)	704	one piece, one piece film: red
zhong lanzhu	704	love live!, love live! nijigasaki high school idol club
tanino gimlet (umamusume)	703	umamusume
angewomon	702	digimon, digimon adventure
astesia (arknights)	702	arknights
eve (elsword)	702	elsword
murasaki shion (gothic lolita)	702	hololive
aragaki ayase	701	ore no imouto ga konna ni kawaii wake ga nai
asahina mirai	701	mahou girls precure!, precure
galleon (granblue fantasy)	701	granblue fantasy
klara (pokemon)	701	pokemon, pokemon swsh
lamb (league of legends)	701	league of legends
nekomiya mana	701	zenless zone zero
ten'ou haruka	701	bishoujo senshi sailor moon, bishoujo senshi sailor moon s
allister (pokemon)	700	pokemon, pokemon swsh
aquila (kancolle)	700	kantai collection
lain paterson	700	nijisanji
okazaki yumemi	700	touhou, touhou (pc-98)
yaoyao (genshin impact)	700	genshin impact
kuromi	699	sanrio, onegai my melody, original
majin android 21	699	dragon ball, dragon ball fighterz
scheherazade (fate)	699	fate (series), fate/grand order
vert (neptunia)	699	neptune (series)
yamagumo (kancolle)	699	kantai collection
ak-15 (girls' frontline)	698	girls' frontline
daring tact (umamusume)	698	umamusume
focalors (genshin impact)	698	genshin impact
nice nature (run&win) (umamusume)	698	umamusume
niko (blue archive)	698	blue archive
semiramis (fate)	698	fate (series), fate/apocrypha, fate/grand order
usada pekora (casual)	698	hololive
annette fantine dominic	697	fire emblem, fire emblem: three houses
murosaki miyo	697	onii-chan wa oshimai!
sakuramori kaori	697	idolmaster, idolmaster million live!, idolmaster million live! theater days
z3 max schultz (swimsuit mode) (kancolle)	697	kantai collection
9a-91 (girls' frontline)	696	girls' frontline
aponia (honkai impact)	696	honkai (series), honkai impact 3rd
nekomata okayu (casual)	696	hololive
yuna (ff10)	696	final fantasy, final fantasy x, final fantasy x-2
columbina (genshin impact)	695	genshin impact
fujisaki chihiro	695	danganronpa (series), danganronpa: trigger happy havoc, danganronpa 2: goodbye despair
kalina (girls' frontline)	695	girls' frontline
murano sayaka	695	link! like! love live!, love live!
mawile	694	pokemon
kohinata miku	693	senki zesshou symphogear
zima (arknights)	693	arknights
chocola (nekopara)	691	nekopara
reisen (touhou bougetsushou)	691	touhou
satanichia kurumizawa mcdowell	691	gabriel dropout
sensei (blue archive the animation)	691	blue archive, blue archive the animation
smol ame	691	hololive, hololive english
valkyrie (fate)	691	fate/grand order, fate (series)
amagi (kancolle)	690	kantai collection
bennett (genshin impact)	690	genshin impact
momoe nagisa	690	mahou shoujo madoka magica, mahou shoujo madoka magica: hangyaku no monogatari
tohno shiki	690	tsukihime, tsukihime (remake), melty blood
vita (nanoha)	690	lyrical nanoha, mahou shoujo lyrical nanoha, mahou shoujo lyrical nanoha a's
adeptus astartes	689	warhammer 40k
furukawa nagisa	689	clannad, dango daikazoku
hagoromo lala	689	precure, star twinkle precure
i-13 (kancolle)	689	kantai collection
maomao (kusuriya no hitorigoto)	689	kusuriya no hitorigoto
rosemi lovelock	689	nijisanji, nijisanji en
joseph joestar	688	jojo no kimyou na bouken, battle tendency, stardust crusaders
sothis (fire emblem)	688	fire emblem, fire emblem: three houses, fire emblem heroes
yakumo beni	688	vspo!
cinderace	687	pokemon
kinugasa kai ni (kancolle)	687	kantai collection
melony (pokemon)	687	pokemon, pokemon swsh
bache (azur lane)	686	azur lane
ghost (modern warfare 2)	686	call of duty, call of duty: modern warfare 2
hakurei reimu (pc-98)	685	touhou, touhou (pc-98)
isobe noriko	685	girls und panzer
kel (omori)	685	omori
manabe nodoka	685	k-on!
secelia dote	685	gundam, gundam suisei no majo
nayuta (chainsaw man)	684	chainsaw man
phoenix wright	684	ace attorney, apollo justice: ace attorney, phoenix wright: ace attorney - trials and tribulations
takimoto hifumi	684	new game!
hiodoshi ao	683	hololive, hololive dev is
miquella (elden ring)	683	elden ring, elden ring: shadow of the erdtree
celes chere	682	final fantasy, final fantasy vi
chrom (fire emblem)	682	fire emblem, fire emblem awakening, fire emblem heroes
lenna charlotte tycoon	682	final fantasy, final fantasy v
riza hawkeye	681	fullmetal alchemist
sage (dq3)	681	dragon quest, dragon quest iii
ao-chan (ninomae ina'nis)	680	hololive, hololive english
fu hua (azure empyrea)	680	honkai (series), honkai impact 3rd
fubuki (swimsuit) (blue archive)	680	blue archive
laura la mer	680	precure, tropical-rouge! precure
momosuzu nene (1st costume)	680	hololive
peni parker	680	marvel, spider-man (series), spider-verse
skadi (waverider) (arknights)	680	arknights
nakagawa natsuki	679	hibike! euphonium
rupa (girls band cry)	679	girls band cry
aizawa ema	678	vspo!
ara haan	678	elsword
raora panthera (1st costume)	678	hololive, hololive english
rozaliya olenyeva	678	honkai (series), honkai impact 3rd
yatadera narumi	678	touhou
karyl (summer) (princess connect!)	677	princess connect!
maebara keiichi	677	higurashi no naku koro ni
medusa (lancer) (fate)	677	fate (series), fate/grand order
nyarlathotep (nyaruko-san)	677	haiyore! nyaruko-san
rudeus greyrat	677	mushoku tensei
volo (pokemon)	677	pokemon, pokemon legends: arceus
ayatsuji tsukasa	676	amagami
chloe (princess connect!)	676	princess connect!
giorno giovanna	676	jojo no kimyou na bouken, vento aureo, stardust crusaders
signora (genshin impact)	676	genshin impact
tatsumi kanji	676	persona, persona 4
thorns (arknights)	676	arknights
bond (spy x family)	675	spy x family
huohuo (honkai: star rail)	675	honkai: star rail, honkai (series)
killua zoldyck	675	hunter x hunter
popuko	675	poptepipic
grizzly mkv (girls' frontline)	674	girls' frontline
imai lisa	674	bang dream!
mew (pokemon)	674	pokemon
priest (dq3)	674	dragon quest, dragon quest iii
sobble	674	pokemon, pokemon swsh
vanilla (nekopara)	674	nekopara
chief (path to nowhere)	673	path to nowhere
haruna (track) (blue archive)	673	blue archive
litwick	673	pokemon, pokemon bw
manaka laala	673	pretty series, pripara
venat (ff14)	673	final fantasy, final fantasy xiv
hatsuharu (kancolle)	672	kantai collection
hijiri ageha	672	hirogaru sky! precure, precure
humboldt penguin (kemono friends)	672	kemono friends, kemono friends v project
nikka edvardine katajainen	672	world witches series, brave witches, strike witches
saya (saya no uta)	672	saya no uta
charlotte (genshin impact)	671	genshin impact
helm (nikke)	671	goddess of victory: nikke
anis (sparkling summer) (nikke)	670	goddess of victory: nikke
monomi (danganronpa)	670	danganronpa (series), danganronpa 2: goodbye despair, galaga
akai haato (1st costume)	669	hololive
evelynn (league of legends)	669	league of legends
optimus prime	669	transformers, transformers: generation 1
gogeta	668	dragon ball, dragon ball gt, dragon ball super
negev (girls' frontline)	668	girls' frontline
rx-78-2	668	gundam, mobile suit gundam
sam (honkai: star rail)	668	honkai: star rail, honkai (series)
saren (summer) (princess connect!)	668	princess connect!
faris scherwiz	667	final fantasy, final fantasy v
latias	667	pokemon, pokemon (anime), pokemon (classic anime)
mysterious heroine x alter (first ascension) (fate)	667	fate/grand order, fate (series)
shirayuki chiyo	667	idolmaster, idolmaster cinderella girls, idolmaster cinderella girls starlight stage
tezcatlipoca (fate)	667	fate/grand order, fate (series)
yukimura aoi	666	yama no susume
chikorita	665	pokemon, pokemon hgss, pokemon gsc
hakozaki serika	665	idolmaster, idolmaster million live!, idolmaster million live! theater days
manya (dq4)	665	dragon quest, dragon quest iv
black heart (neptunia)	664	neptune (series)
gastly	664	pokemon, pokemon xy
judgement (helltaker)	664	helltaker
mountain (arknights)	664	arknights
roland (project moon)	664	project moon, library of ruina
tenma saki	664	project sekai
zack fair	664	final fantasy, final fantasy vii, crisis core final fantasy vii
harley quinn	663	dc comics, batman (series), suicide squad
mishaguji	663	touhou
nanashi mumei (casual)	663	hololive, hololive english
garnet til alexandros xvii	662	final fantasy, final fantasy ix
hanae (blue archive)	662	blue archive
orfevre (umamusume)	662	umamusume
south dakota (kancolle)	662	kantai collection
kamio misuzu	661	air (visual novel), key (company), kanon
anjou naruko	660	ano hi mita hana no namae wo bokutachi wa mada shiranai.
euphyllia magenta	660	tensei oujo to tensai reijou no mahou kakumei
sessyoin kiara (swimsuit mooncancer)	660	fate/grand order, fate (series)
gawain (fate)	659	fate (series), fate/grand order, fate/extra
gilgamesh (caster) (fate)	659	fate (series), fate/grand order
jeanne d'arc (swimsuit archer) (second ascension) (fate)	659	fate/grand order, fate (series)
sheffield (azur lane)	659	azur lane
koyama yuzu	658	girls und panzer
sol badguy	658	guilty gear, guilty gear strive, guilty gear xrd
alolan vulpix	657	pokemon, pokemon (anime), pokemon sm (anime)
bede (pokemon)	657	pokemon, pokemon swsh
chabashira tenko	657	danganronpa (series), danganronpa v3: killing harmony
ingrid (capcom)	657	capcom fighting jam, street fighter
kaiou michiru	657	bishoujo senshi sailor moon, bishoujo senshi sailor moon s
kiyohime (swimsuit lancer) (fate)	657	fate (series), fate/grand order
non-human admiral (kancolle)	657	kantai collection
reiner braun	657	shingeki no kyojin
videl	657	dragon ball, dragon ball z, dragon ball super
ebizuka tomo	656	girls band cry
grima (fire emblem)	656	fire emblem, fire emblem awakening, fire emblem heroes
ironmouse	656	vshojo
malina (helltaker)	656	helltaker
my melody	656	sanrio, onegai my melody, original
ichikawa kyoutarou	655	boku no kokoro no yabai yatsu
julia (fire emblem)	655	fire emblem, fire emblem: genealogy of the holy war, fire emblem heroes
mint fantome	655	indie virtual youtuber
surtr (colorful wonderland) (arknights)	655	arknights
akechi gorou	654	persona, persona 5, persona 5 the royal
fallenshadow	654	indie virtual youtuber
filia (skullgirls)	654	skullgirls
gregor (project moon)	654	project moon, limbus company
laura bodewig	654	infinite stratos
pichu	654	pokemon, super smash bros., mario (series)
shez (fire emblem)	654	fire emblem, fire emblem: three houses, fire emblem warriors: three hopes
x (mega man)	654	mega man (series), mega man x (series), mega man zero (series)
aoba moca	653	bang dream!
chitose (kancolle)	653	kantai collection
fairy leviathan (mega man)	653	mega man (series), mega man zero (series)
march 7th (hunt) (honkai: star rail)	653	honkai: star rail, honkai (series)
ryugasaki rene	653	nanashi inc., sugar lyric
tashkent (azur lane)	653	azur lane
xilonen (genshin impact)	653	genshin impact
eldridge (azur lane)	652	azur lane
fuecoco	652	pokemon, pokemon sv
geeta (pokemon)	652	pokemon, pokemon sv
hayasaka mirei	652	idolmaster, idolmaster cinderella girls, idolmaster cinderella girls starlight stage
kamui gakupo	652	vocaloid
len (tsukihime)	652	tsukihime, melty blood
minegumo (kancolle)	652	kantai collection
owari (azur lane)	652	azur lane
anna (frozen)	651	frozen (disney)
koleda belobog	651	zenless zone zero
mikazuki (kancolle)	651	kantai collection
ninomae ina'nis (casual)	651	hololive, hololive english
okinami (kancolle)	651	kantai collection
winning ticket (umamusume)	651	umamusume
yae sakura (gyakushinn miko)	651	honkai (series), honkai impact 3rd
ada wong	650	resident evil, resident evil 4, resident evil 4 (remake)
ikaruga (senran kagura)	650	senran kagura, senran kagura shoujo-tachi no shin'ei
metroid (creature)	650	metroid
vash the stampede	650	trigun, trigun stampede
hawks (boku no hero academia)	649	boku no hero academia
ikusaba mukuro	649	danganronpa (series), danganronpa: trigger happy havoc
lulu (league of legends)	649	league of legends
otomachi una	649	vocaloid, talkex, voiceroid
sand cat (kemono friends)	649	kemono friends
lavinia whateley (fate)	648	fate/grand order, fate (series)
sophie neuenmuller	648	atelier (series), atelier sophie
aesc (fate)	647	fate/grand order, fate (series)
azazel (helltaker)	647	helltaker
beni-enma	647	fate (series), fate/grand order
cutlass (girls und panzer)	647	girls und panzer
kaai yuki	647	vocaloid, kyoufuu all back (vocaloid)
nowi (fire emblem)	647	fire emblem, fire emblem awakening, fire emblem heroes
shimada chiyo	647	girls und panzer
mejiro bright (umamusume)	646	umamusume
naganami kai ni (kancolle)	646	kantai collection
rumi (blue archive)	646	blue archive
captain (honkai impact)	644	honkai (series), honkai impact 3rd
hisui (tsukihime)	643	tsukihime, melty blood
mismagius	643	pokemon, vocaloid, project voltage
psyduck	643	pokemon, pokemon (anime), pokemon (classic anime)
shigure ui (vtuber) (1st costume)	643	indie virtual youtuber
sukonbu (shirakami fubuki)	643	hololive
yellow (pokemon)	643	pokemon, pokemon adventures
anegasaki nene	642	love plus
female chief (path to nowhere)	642	path to nowhere
kawakami mai	642	musaigen no phantom world
lunamaria hawke	642	gundam, gundam seed, gundam seed destiny
omori (omori)	642	omori
sakura chiyo	642	gekkan shoujo nozaki-kun
senko (sewayaki kitsune no senko-san)	642	sewayaki kitsune no senko-san
uchi emiri	642	watashi ga motenai no wa dou kangaetemo omaera ga warui!
vampy	642	granblue fantasy, shingeki no bahamut
morishima haruka	641	amagami
psylocke	641	marvel, x-men, marvel rivals
ikaruga luca	640	idolmaster, idolmaster shiny colors
nina kosaka	640	nijisanji, nijisanji en
vergil (devil may cry)	640	devil may cry (series), devil may cry 5, devil may cry 3
arashi chisato	639	love live!, love live! superstar!!
kadoc zemlupus	639	fate/grand order, fate (series)
nagi (kannagi)	639	kannagi
roger (guilty gear)	639	guilty gear, guilty gear strive, guilty gear xx
mizunashi akari	638	aria (manga)
kiana kaslana (herrscher of the void)	637	honkai (series), honkai impact 3rd
lapras	637	pokemon
makoto (street fighter)	637	street fighter, street fighter iii (series), street fighter iv (series)
maruyama aya	637	bang dream!
nekomiya hinata	637	hinata channel
shiranui flare (1st costume)	637	hololive
nishino flower (umamusume)	636	umamusume
shamare (arknights)	636	arknights
todoroki hajime	636	hololive, hololive dev is
ulrich von hutten (azur lane)	636	azur lane
wolverine (x-men)	636	marvel, x-men, deadpool (series)
ashley graham	635	resident evil, resident evil 4, resident evil 4 (remake)
female commander (girls' frontline)	635	girls' frontline
g41 (girls' frontline)	634	girls' frontline
kroos (arknights)	634	arknights
meer campbell	634	gundam, gundam seed, gundam seed destiny
hakase fuyuki	632	nijisanji
kotegawa yui	632	to love-ru, to love-ru darkness
armin arlert	631	shingeki no kyojin
g'raha tia	631	final fantasy, final fantasy xiv
ibuki (street fighter)	631	street fighter, street fighter iii (series), street fighter v
kamishiro rui	631	project sekai, vocaloid
milotic	631	pokemon, pokemon dppt
tanaka kotoha	631	idolmaster, idolmaster million live!, idolmaster million live! theater days
yorick (shiori novella)	631	hololive, hololive english
echidna (re:zero)	630	re:zero kara hajimeru isekai seikatsu
ein (blue archive)	630	blue archive
sugiura ayano	630	yuru yuri
romani archaman	629	fate/grand order, fate (series)
tanikaze (kancolle)	629	kantai collection
brynhildr (fate)	628	fate (series), fate/grand order, fate/prototype
candace (genshin impact)	628	genshin impact
hacka doll 3	628	hacka doll
jeanne d'arc (granblue fantasy)	628	granblue fantasy
mewtwo	628	pokemon, super smash bros.
baron bunny (genshin impact)	627	genshin impact
nanami yachiyo	627	magia record: mahou shoujo madoka magica gaiden, mahou shoujo madoka magica
adult neptune	626	neptune (series), shin jigen game neptune vii
jirachi	626	pokemon
chandelure	625	pokemon, pokemon bw
hoshikawa sara (1st costume)	625	nijisanji
mon3tr (arknights)	625	arknights
zero(z) (mega man)	625	mega man (series), mega man zero (series)
sui-feng	624	bleach
touhoku zunko	624	voiceroid, vocaloid
yuki judai	624	yu-gi-oh!, yu-gi-oh! gx
ditto	623	pokemon
hoshino ichika (project sekai)	623	project sekai, vocaloid
neco-arc	623	tsukihime, melty blood, fate (series)
sakata gintoki	623	gintama
shimakaze (azur lane)	622	azur lane
texas (winter messenger) (arknights)	622	arknights
hanasato minori	621	project sekai, vocaloid
martha (swimsuit ruler) (fate)	621	fate (series), fate/grand order
naganohara mio	621	nichijou
uruha rushia (3rd costume)	621	hololive
arthur pendragon (fate)	620	fate (series), fate/prototype, fate/grand order
black hanekawa	620	monogatari (series), bakemonogatari, nekomonogatari
hasegawa kobato	620	boku wa tomodachi ga sukunai
celica (fire emblem)	619	fire emblem, fire emblem echoes: shadows of valentia, fire emblem heroes
furudo erika	619	umineko no naku koro ni
mia (fire emblem)	619	fire emblem, fire emblem: path of radiance, fire emblem: radiant dawn
roxie (pokemon)	619	pokemon, pokemon bw2
uni (neptunia)	619	neptune (series), choujigen game neptune mk2
asuna (school uniform) (blue archive)	618	blue archive
clive rosfield	618	final fantasy, final fantasy xvi
ao isami	617	yuuki bakuhatsu bang bravern
houjou tokiyuki (nige jouzu no wakagimi)	617	nige jouzu no wakagimi
kousaka kyousuke	617	ore no imouto ga konna ni kawaii wake ga nai
litten	617	pokemon, pokemon sm
matsubara kanon	617	bang dream!
mashiro (blue archive)	616	blue archive
piccolo	616	dragon ball, dragon ball z, dragon ball super
giratina	615	pokemon, pokemon dppt
lisbeth (sao)	615	sword art online
pamiat merkuria (azur lane)	615	azur lane
sakawa (kancolle)	615	kantai collection
white rabbit (alice in wonderland)	615	alice in wonderland
adaman (pokemon)	614	pokemon, pokemon legends: arceus
galo thymos	614	promare
jasmine (pokemon)	614	pokemon, pokemon hgss, pokemon gsc
kiana kaslana (white comet)	614	honkai (series), honkai impact 3rd
okusawa misaki	614	bang dream!
quetzalcoatl (fate)	614	fate/grand order, fate (series)
xenovia quarta	614	high school dxd
ashley (warioware)	613	warioware
irako (kancolle)	613	kantai collection
kar98k (girls' frontline)	613	girls' frontline
typhon (arknights)	613	arknights
sakata nemuno	612	touhou
yorita yoshino	612	idolmaster, idolmaster cinderella girls, idolmaster cinderella girls starlight stage
clefairy	611	pokemon, pokemon sm
courtney (pokemon)	611	pokemon, pokemon oras
nobeta	610	little witch nobeta
sailor saturn	610	bishoujo senshi sailor moon
cure white	609	precure, futari wa precure, futari wa precure max heart
felyne	609	monster hunter (series), monster hunter rise
jessica albert	609	dragon quest, dragon quest viii
moe (swimsuit) (blue archive)	609	blue archive
okabe rintarou	609	steins;gate
okada izou (fate)	609	fate (series), fate/grand order, koha-ace
silva (granblue fantasy)	609	granblue fantasy
tachibana hinano (vtuber)	609	vspo!, iris black games
ib (ib)	608	ib (kouri)
jacket girl (dipp)	608	touhou, dolls in pseudo paradise
marth (fire emblem)	608	fire emblem, fire emblem: mystery of the emblem, super smash bros.
minami yume	608	gridman universe, ssss.dynazenon, gridman universe (film)
pine (bombergirl)	608	bombergirl
shimakaze-kun	608	kantai collection, original
byleth (female) (summer) (fire emblem)	607	fire emblem, fire emblem: three houses, fire emblem heroes
irys (irys 2.0) (hololive)	607	hololive, hololive english
jingwei (bird)	607	honkai (series), honkai impact 3rd
lady maria of the astral clocktower	607	bloodborne
kitashirakawa tamako	606	tamako market
lighter (zenless zone zero)	606	zenless zone zero
mp40 (girls' frontline)	606	girls' frontline
naomi (girls und panzer)	606	girls und panzer
tomioka giyuu	606	kimetsu no yaiba
yonaga angie	606	danganronpa (series), danganronpa v3: killing harmony
griseo	605	honkai (series), honkai impact 3rd
kitten (gravity daze)	605	gravity daze, gravity daze 2
kuradoberi jam	605	guilty gear, guilty gear xrd
lingsha (honkai: star rail)	605	honkai: star rail, honkai (series)
mythra (massive melee) (xenoblade)	605	xenoblade chronicles (series), xenoblade chronicles 2, super smash bros.
piper wheel	605	zenless zone zero
tiffy (nottytiffy)	605	original
eden (honkai impact)	604	honkai (series), honkai impact 3rd
justina follower (blue archive)	604	blue archive
nikaidou saki	604	zombie land saga
friedrich der grosse (azur lane)	603	azur lane
kasuga maru (kancolle)	603	kantai collection
kurumi noah	603	vspo!, iris black games
steven stone	603	pokemon, pokemon oras, pokemon rse
shiraishi tsumugi	602	idolmaster, idolmaster million live!, idolmaster million live! theater days
small-clawed otter (kemono friends)	602	kemono friends
agatsuma zenitsu	601	kimetsu no yaiba
indomitable (azur lane)	601	azur lane
sebastian piyodore	601	nijisanji
yomotsu hisami	601	touhou, unfinished dream of all living ghost
atago (summer march) (azur lane)	600	azur lane
elma (maidragon)	600	kobayashi-san chi no maidragon
hiro (darling in the franxx)	600	darling in the franxx
hop (pokemon)	600	pokemon, pokemon swsh
kneesocks (psg)	600	panty & stocking with garterbelt
mudrock (silent night) (arknights)	600	arknights
nagao kagetora (fate)	600	fate (series), fate/grand order, koha-ace
shishio chris	600	nanashi inc., sugar lyric
ta-class battleship	600	kantai collection
ayane (doa)	599	dead or alive
kashino (hot springs relaxation) (azur lane)	599	azur lane
mdr (girls' frontline)	599	girls' frontline, girls' frontline neural cloud
yuri sakazaki	599	ryuuko no ken, the king of fighters, snk
honma meiko	598	ano hi mita hana no namae wo bokutachi wa mada shiranai.
hoshino ruri	598	kidou senkan nadesico
mine (blue archive)	598	blue archive
shishiro botan (button-down)	598	hololive
skadi (elite ii) (arknights)	598	arknights
arimura mao	597	idolmaster, gakuen idolmaster
charlotta (granblue fantasy)	597	granblue fantasy
hino akane (idolmaster)	597	idolmaster, idolmaster cinderella girls
reg (made in abyss)	597	made in abyss
lana's mother (pokemon)	596	pokemon, pokemon (anime), pokemon sm (anime)
okkotsu yuuta	596	jujutsu kaisen
tone kai ni (kancolle)	596	kantai collection
gummy (arknights)	595	arknights
kallen kaslana	595	honkai (series), honkai impact 3rd
kuonji alice	595	mahou tsukai no yoru, fate (series)
deadpool	594	marvel, deadpool (series), x-men
hood (azur lane)	594	azur lane
plain doll	594	bloodborne
yumeko (touhou)	594	touhou, touhou (pc-98)
captain nemo (fate)	593	fate/grand order, fate (series)
circe (fate)	593	fate (series), fate/grand order
honma himawari	593	nijisanji
ibuki douji (fate)	593	fate (series), fate/grand order
ping hai (azur lane)	593	azur lane
tokino sora (1st costume)	593	hololive
flower (vocaloid)	592	vocaloid
moona hoshinova (1st costume)	592	hololive, hololive indonesia
shigure (hot spring) (blue archive)	592	blue archive
yunaka (fire emblem)	592	fire emblem, fire emblem engage, fire emblem heroes
alice cartelet	591	kin-iro mosaic
kinu (kancolle)	591	kantai collection
transcend (umamusume)	591	umamusume
yamper	591	pokemon, pokemon swsh
himemori luna (1st costume)	590	hololive
kurosaki chitose	590	idolmaster, idolmaster cinderella girls, idolmaster cinderella girls starlight stage
pecorine (summer) (princess connect!)	590	princess connect!
akaboshi koume	589	girls und panzer
august von parseval (azur lane)	589	azur lane
deutschland (azur lane)	589	azur lane
enlightened byleth (female)	589	fire emblem, fire emblem: three houses
hero (omori)	589	omori
ken masters	589	street fighter, street fighter 6, street fighter ii (series)
ringo-chan (otokuyou)	589	original
okunoda miyoi	587	touhou
reimu endou	587	nijisanji, nijisanji en
sieg (fate)	587	fate (series), fate/apocrypha, fate/grand order
adventurer (ff14)	586	final fantasy, final fantasy xiv
hamanami (kancolle)	586	kantai collection
koizumi mahiru	586	danganronpa (series), danganronpa 2: goodbye despair
player character (wow)	586	warcraft, world of warcraft
uchiha sarada	586	naruto (series), boruto: naruto next generations, naruto
yuuki yuuna	586	yuusha de aru, yuuki yuuna wa yuusha de aru
ai-chan (tawawa)	585	getsuyoubi no tawawa
kson	585	vshojo, indie virtual youtuber
lightning farron	585	final fantasy, final fantasy xiii
puru two	585	gundam, gundam zz
hindenburg (azur lane)	584	azur lane
miss cloud	584	kantai collection
miyamoto musashi (third ascension) (fate)	584	fate/grand order, fate (series)
ooi kai ni (kancolle)	584	kantai collection
p90 (girls' frontline)	584	girls' frontline
sakura laurel (umamusume)	584	umamusume
takoluka	584	vocaloid
admiral hipper (azur lane)	583	azur lane
heles	583	granblue fantasy
katarina (league of legends)	583	league of legends
rengoku kyoujurou	583	kimetsu no yaiba
shishiro botan (casual)	583	hololive
massachusetts (azur lane)	582	azur lane
meowy (chainsaw man)	582	chainsaw man
riven (league of legends)	582	league of legends
venom (marvel)	582	marvel, spider-man (series), marvel rivals
katagiri sanae	581	idolmaster, idolmaster cinderella girls
nian (unfettered freedom) (arknights)	581	arknights
yoshi	581	mario (series), kirby (series), pokemon
david martinez	580	cyberpunk (series), cyberpunk edgerunners
harime nui	580	kill la kill
i-14 (kancolle)	580	kantai collection
kotori (cheer squad) (blue archive)	580	blue archive
mizuki yukikaze	580	taimanin (series), taimanin yukikaze
brown bear (kemono friends)	579	kemono friends
mari (faraway) (omori)	579	omori
sister claire (1st costume)	579	nijisanji
yamanaka ino	579	naruto (series), naruto, naruto shippuuden
ange katrina (1st costume)	578	nijisanji
clara (girls und panzer)	578	girls und panzer
welrod mkii (girls' frontline)	578	girls' frontline
char aznable	577	gundam, mobile suit gundam, zeta gundam
erwin (girls und panzer)	577	girls und panzer
fujinami (kancolle)	577	kantai collection
z46 (azur lane)	577	azur lane
knuckles the echidna	575	sonic (series)
sheik	575	the legend of zelda, the legend of zelda: ocarina of time, super smash bros.
snorlax	575	pokemon
tanamachi kaoru	575	amagami
utsugi yuuki	575	girls und panzer
dekomori sanae	574	chuunibyou demo koi ga shitai!
hoshimiya kate	574	sekai seifuku: bouryaku no zvezda
oz (genshin impact)	574	genshin impact
vyrn (granblue fantasy)	574	granblue fantasy
rachel alucard	573	blazblue
ryne waters	573	final fantasy, final fantasy xiv
tenjou utena	573	shoujo kakumei utena
tennouboshi uzume	573	neptune (series), shin jigen game neptune vii
usa-chan (idolmaster)	573	idolmaster, idolmaster (classic)
velvet crowe	573	tales of (series), tales of berseria
akizuki ryo	572	idolmaster, idolmaster dearly stars, idolmaster (classic)
helena (azur lane)	572	azur lane
rossweisse	572	high school dxd, high school dxd born
selvaria bles	572	senjou no valkyria (series), senjou no valkyria 1
solid snake	572	metal gear (series), metal gear solid, super smash bros.
vampire (azur lane)	572	azur lane
aiba yumi	571	idolmaster, idolmaster cinderella girls, idolmaster cinderella girls starlight stage
osawa rurino	571	link! like! love live!, love live!
alcremie	570	pokemon, pokemon swsh
amagi-chan (azur lane)	570	azur lane
hatakaze (kancolle)	570	kantai collection
jade (honkai: star rail)	570	honkai: star rail, honkai (series)
natsuumi manatsu	570	precure, tropical-rouge! precure
poppy (pokemon)	570	pokemon, pokemon sv
batman	569	dc comics, batman (series), superman (series)
mipha	569	the legend of zelda, the legend of zelda: breath of the wild
pipimi	569	poptepipic
arare (kancolle)	568	kantai collection
dark sakura	568	fate (series), fate/stay night, heaven's feel
dream journey (umamusume)	568	umamusume
elster (signalis)	568	signalis
kageyama shigeo	568	mob psycho 100
mizuhara chizuru	568	kanojo okarishimasu
shirosaki hana	568	watashi ni tenshi ga maiorita!
yukari (blue archive)	568	blue archive
yuzu (maid) (blue archive)	568	blue archive
asuna (sao-alo)	567	sword art online, sword art online: code register
chattino (raora panthera)	567	hololive, hololive english
heracles (fate)	567	fate (series), fate/stay night, fate/grand order
kuzuha (nijisanji)	567	nijisanji
amazon (dragon's crown)	566	dragon's crown
arcane caitlyn	566	league of legends, arcane: league of legends
creeper	566	minecraft, mob talker
venti (archon) (genshin impact)	566	genshin impact
zaku ii	566	gundam, mobile suit gundam
billy kid	565	zenless zone zero
liv (pgr)	565	punishing: gray raven
miss fortune (league of legends)	565	league of legends
saotome ranma	565	ranma 1/2
vsk-94 (girls' frontline)	565	girls' frontline, girls' frontline 2: exilium
aoi (blue archive)	563	blue archive
fio germi	563	metal slug, snk
galko	563	oshiete! galko-chan
morgan (fire emblem)	563	fire emblem, fire emblem awakening, fire emblem heroes
reed the flame shadow (arknights)	563	arknights
viviana (arknights)	563	arknights
wingull	563	pokemon
assassin (fate/zero)	562	fate (series), fate/zero, fate/grand order
mutsuki kai ni (kancolle)	562	kantai collection
shiina yuika (1st costume)	562	nijisanji
tamamo cat (third ascension) (fate)	562	fate (series), fate/grand order, fate/extra
celine (fire emblem)	561	fire emblem, fire emblem engage
nagomi yui	561	precure, delicious party precure
sakura miko (school uniform)	561	hololive
shiranui flare (street)	561	hololive
todo yurika	561	aikatsu! (series), aikatsu!
zidane tribal	561	final fantasy, final fantasy ix, dissidia final fantasy
benikurage (cookie)	560	cookie (touhou), touhou
kuririn	560	dragon ball, dragon ball z
minato yukina	560	bang dream!
scaramouche (cat) (genshin impact)	560	genshin impact
shirakami fubuki (street)	560	hololive
soap (modern warfare 2)	560	call of duty, call of duty: modern warfare 2
irys (irys 1.0) (hololive)	559	hololive, hololive english
dsr-50 (girls' frontline)	558	girls' frontline
flonne	558	disgaea, makai senki disgaea
koito yuu	558	yagate kimi ni naru
surintendante chevalmarin	558	genshin impact
vajra (granblue fantasy)	558	granblue fantasy
yagami hikari	558	digimon, digimon adventure, digimon adventure 02
asahina aoi	557	danganronpa (series), danganronpa: trigger happy havoc
barbara (summertime sparkle) (genshin impact)	557	genshin impact
clodsire	557	pokemon, pokemon sv
kenzaki makoto	557	dokidoki! precure, precure
ophelia (fire emblem)	557	fire emblem, fire emblem fates, fire emblem heroes
satono crown (umamusume)	557	umamusume
female trainer (umamusume)	556	umamusume
lisia (pokemon)	556	pokemon, pokemon oras
lambdadelta	555	umineko no naku koro ni
pokobee	555	hololive
pyrrha nikos	555	rwby
ky kiske	554	guilty gear, guilty gear strive, guilty gear xrd
tenryuu (swimsuit mode) (kancolle)	554	kantai collection
hanadera nodoka	553	healin' good precure, precure
izayoi liko	553	mahou girls precure!, precure
megu (blue archive)	553	blue archive
meta knight	553	kirby (series), super smash bros., fire emblem
moose (kemono friends)	553	kemono friends
oda nobunaga (maou avenger) (fate)	553	fate/grand order, fate (series), koha-ace
caracal (kemono friends)	552	kemono friends, kemono friends v project
kanzuki karin	552	street fighter, street fighter zero (series), street fighter v
lacus clyne	552	gundam, gundam seed, gundam seed destiny
laundry dragonmaid	552	yu-gi-oh!
natori (kancolle)	552	kantai collection
tsujino akari	552	idolmaster, idolmaster cinderella girls, idolmaster cinderella girls starlight stage
cu chulainn alter (fate)	551	fate (series), fate/grand order
kairi (kingdom hearts)	551	kingdom hearts, kingdom hearts iii, kingdom hearts ii
tokarev (girls' frontline)	551	girls' frontline
villager (animal crossing)	551	animal crossing, super smash bros., mario (series)
alena (dq4)	550	dragon quest, dragon quest iv
elira pendora (1st costume)	550	nijisanji, nijisanji en
hikage (senran kagura)	549	senran kagura, senran kagura shoujo-tachi no shin'ei
hiyou (kancolle)	549	kantai collection
kasuga mirai	549	idolmaster, idolmaster million live!, idolmaster million live! theater days
roto (dq3)	549	dragon quest, dragon quest iii
himekawa yuki	548	idolmaster, idolmaster cinderella girls
michiru (blue archive)	548	blue archive
kuroka (high school dxd)	547	high school dxd
midare toushirou	547	touken ranbu
chiyoda (kancolle)	546	kantai collection
flayn (fire emblem)	546	fire emblem, fire emblem: three houses
ichigaya arisa	546	bang dream!
jibril (no game no life)	546	no game no life
mordred (swimsuit rider) (first ascension) (fate)	546	fate (series), fate/grand order, fate/apocrypha
theresa apocalypse (luna kindred)	546	honkai (series), honkai impact 3rd
cure prism	545	precure, hirogaru sky! precure
hazuki ren	545	love live!, love live! superstar!!
ness (mother 2)	545	mother (series), mother 2, super smash bros.
mononobe alice	543	nijisanji
hinata kaho	542	blend s
nanakusa nazuna (yofukashi no uta)	542	yofukashi no uta
priestess (goblin slayer!)	542	goblin slayer!
franziska von karma	541	ace attorney, ace attorney investigations
samson (skullgirls)	541	skullgirls
shirakami fubuki (loungewear)	541	hololive
arashio kai ni (kancolle)	540	kantai collection
fennekin	540	pokemon, pokemon xy
nekoyashiki yuki	540	precure, wonderful precure!
shiranui flare (old design)	540	hololive
hinoa	539	monster hunter (series), monster hunter rise
lord el-melloi ii	539	fate (series), fate/grand order, lord el-melloi ii case files
magikarp	539	pokemon, hololive
poison (final fight)	539	final fight, street fighter, street fighter v
space ereshkigal (fate)	539	fate/grand order, fate (series)
catura (granblue fantasy)	538	granblue fantasy
matoi (pso2)	538	phantasy star, phantasy star online 2
nekota tsuna	538	vspo!
saionji hiyoko	538	danganronpa (series), danganronpa 2: goodbye despair
shylily	538	indie virtual youtuber
sombra (overwatch)	538	overwatch, overwatch 1
ankha (animal crossing)	537	animal crossing
hoshino (girls und panzer)	537	girls und panzer
kayoko (new year) (blue archive)	537	blue archive
oktavia von seckendorff	537	mahou shoujo madoka magica, mahou shoujo madoka magica (anime)
shez (female) (fire emblem)	537	fire emblem, fire emblem: three houses, fire emblem warriors: three hopes
takafuji kako	537	idolmaster, idolmaster cinderella girls
type 97 (girls' frontline)	537	girls' frontline
ange (princess principal)	536	princess principal
illyasviel von einzbern (beast style)	536	fate (series), fate/kaleid liner prisma illya
marina (blue archive)	536	blue archive
scamp (kancolle)	536	kantai collection
hatterene	535	pokemon, pokemon swsh
tomori nao	535	charlotte (anime)
yatogami tohka	535	date a live
yoshikawa yuuko	535	hibike! euphonium
ellen baker	534	new horizon
kamina (ttgl)	534	tengen toppa gurren lagann
nanami touko	534	yagate kimi ni naru
queen of sheba (fate)	534	fate/grand order, fate (series)
vane (granblue fantasy)	534	granblue fantasy
vigna (arknights)	534	arknights
airi (band) (blue archive)	533	blue archive
honoka (doa)	533	dead or alive, dead or alive 5, azur lane
hoshino hinata	533	watashi ni tenshi ga maiorita!
trotter (honkai: star rail)	533	honkai: star rail, honkai (series)
hoshino miyako (wataten)	532	watashi ni tenshi ga maiorita!
onigirya (nekomata okayu)	532	hololive
inari one (umamusume)	531	umamusume
saileach (arknights)	531	arknights
chen (cat)	530	touhou
kirschtaria wodime	530	fate/grand order, fate (series)
miyako (hidamari sketch)	530	hidamari sketch
rukuriri (girls und panzer)	530	girls und panzer
yui (angel beats!)	530	angel beats!
bellibolt	529	pokemon, pokemon sv
rei (cookie)	529	touhou, cookie (touhou)
tateyama ayano	529	kagerou project
zdrada (helltaker)	529	helltaker
cheren (pokemon)	528	pokemon, pokemon bw, pokemon bw2
faputa	528	made in abyss
haunter	528	pokemon, pokemon xy
mikazuki yozora	528	boku wa tomodachi ga sukunai
mp7 (girls' frontline)	528	girls' frontline, girls' frontline 2: exilium
tanaka asuka	528	hibike! euphonium
azusa (swimsuit) (blue archive)	527	blue archive
cure peace	527	precure, smile precure!
dennou shoujo siro	527	.live
eriko (princess connect!)	527	princess connect!
sailor chibi moon	527	bishoujo senshi sailor moon, bishoujo senshi sailor moon s, bishoujo senshi sailor moon supers
amano pikamee	526	voms
azki (4th costume) (hololive)	526	hololive
luo xiaohei	526	luo xiaohei zhanji, arknights
oozora subaru (hololive summer 2019)	526	hololive
petra macneary	526	fire emblem, fire emblem: three houses
ars almal	525	nijisanji
kiritani haruka	525	project sekai
nero claudius (olympian bloomers) (fate)	525	fate (series), fate/grand order, fate/extra
touwa erio	525	denpa onna to seishun otoko
abigail williams (second ascension) (fate)	524	fate/grand order, fate (series)
hibari (senran kagura)	524	senran kagura, senran kagura shoujo-tachi no shin'ei
lil-la (yu-gi-oh!)	524	yu-gi-oh!
racing miku (2022)	524	goodsmile racing, vocaloid
rena erindel	524	elsword
tamamo no mae (swimsuit lancer) (second ascension) (fate)	524	fate (series), fate/grand order, fate/extra
tenkajin chiyari	524	touhou
shalom (path to nowhere)	523	path to nowhere
fujimaru ritsuka (female) (decisive battle chaldea uniform)	522	fate/grand order, fate (series)
gabriel tenma white	522	gabriel dropout
tamamo cat (first ascension) (fate)	522	fate (series), fate/grand order, fate/extra
taokaka	522	blazblue
higashikata josuke	521	jojo no kimyou na bouken, diamond wa kudakenai, stone ocean
white heart (neptunia)	521	neptune (series)
anna (fire emblem)	520	fire emblem, fire emblem heroes, fire emblem engage
dorothy (arknights)	520	arknights
murasaki shikibu (first ascension) (fate)	520	fate (series), fate/grand order
noi (dorohedoro)	520	dorohedoro
win variation (umamusume)	520	umamusume
drifloon	519	pokemon, pokemon dppt
nenohi (kancolle)	519	kantai collection
seliph (fire emblem)	519	fire emblem, fire emblem: genealogy of the holy war
sonia nevermind	519	danganronpa (series), danganronpa 2: goodbye despair
aioi yuuko	518	nichijou
kuraue hinata	518	yama no susume
lancelot (fate/grand order)	518	fate (series), fate/grand order
levi (shingeki no kyojin)	518	shingeki no kyojin
space ishtar (fate)	518	fate (series), fate/grand order
tsukuyo (blue archive)	518	blue archive
zuikaku kai ni (kancolle)	518	kantai collection
belldandy	517	aa megami-sama
death-sensei (mori calliope)	517	hololive, hololive english
kasugano sora	517	yosuga no sora
meteion	517	final fantasy, final fantasy xiv
shuten douji (first ascension) (fate)	517	fate/grand order, fate (series)
agrias oaks	516	final fantasy, final fantasy tactics
coral (pokemon)	516	pokemon, pokemon (anime), pokemon horizons
dead master	516	black rock shooter
maki (camp) (blue archive)	516	blue archive
golden snub-nosed monkey (kemono friends)	515	kemono friends
houshou marine (marching band)	515	hololive
king dedede	515	kirby (series), super smash bros., mario (series)
isolated island oni	514	kantai collection
listener (inugami korone)	514	hololive
vladilena millize	514	86 -eightysix-
wooper	514	pokemon
clara (honkai: star rail)	513	honkai: star rail, honkai (series)
shigure ui (vtuber) (young)	513	indie virtual youtuber, shukusei!! loli-kami requiem
high elf archer (goblin slayer!)	512	goblin slayer!
higurashi kagome	512	inuyasha
kousaka umi	512	idolmaster, idolmaster million live!, idolmaster million live! theater days
kumbhira (granblue fantasy)	512	granblue fantasy
morinaka kazaki	512	nijisanji
navi	512	the legend of zelda, the legend of zelda: ocarina of time
pachirisu	512	pokemon, pokemon dppt
kikuzuki (kancolle)	511	kantai collection
noshiro (azur lane)	511	azur lane
toad (mario)	511	mario (series)
xinyan (genshin impact)	511	genshin impact
fudo yusei	510	yu-gi-oh!, yu-gi-oh! 5d's
fungi (genshin impact)	510	genshin impact
itsuka kotori	510	date a live
mia taylor	510	love live!, love live! nijigasaki high school idol club
testament (guilty gear)	510	guilty gear, guilty gear strive
ushiromiya maria	510	umineko no naku koro ni
yumehara nozomi	510	precure, yes! precure 5, yes! precure 5 gogo!
grani (arknights)	509	arknights
inuyasha (character)	509	inuyasha
kai'sa	509	league of legends
kokoro (hakui koyori)	509	hololive
vita (honkai impact)	509	honkai (series), honkai impact 3rd
asamiya athena	508	the king of fighters, snk
kuriyama mirai	508	kyoukai no kanata
oryou (fate)	508	fate (series), fate/grand order, koha-ace
ralts	508	pokemon
shiina mayuri	508	steins;gate
soldier: 76 (overwatch)	508	overwatch, overwatch 1
super pochaco	508	nitroplus
bedivere (fate)	507	fate (series), fate/grand order, fate/stay night
dragonite	507	pokemon
layla (idolmaster)	507	idolmaster, idolmaster cinderella girls
shirasagi chisato	507	bang dream!
titan (shingeki no kyojin)	507	shingeki no kyojin
tweyen (granblue fantasy)	507	granblue fantasy
washington (kancolle)	507	kantai collection
aa-12 (girls' frontline)	506	girls' frontline
daifuku (yukihana lamy)	506	hololive
hanna-justina marseille	506	world witches series, witches of africa, strike witches
soda (nikke)	506	goddess of victory: nikke
becky blackbell	505	spy x family
greninja	505	pokemon, super smash bros.
piranha plant	505	mario (series), super smash bros.
wii fit trainer	505	wii fit, super smash bros., metroid
kuromiya raika (kuromiya)	504	original
larry (pokemon)	504	pokemon, pokemon sv
makoto (princess connect!)	504	princess connect!
ryuuhou (kancolle)	504	kantai collection
toujou koneko	504	high school dxd
arle nadja	503	puyopuyo, madou monogatari
ch'en the holungday (arknights)	503	arknights
flygon	503	pokemon
frankenstein's monster (swimsuit saber) (fate)	503	fate (series), fate/grand order, fate/apocrypha
izumi (blue archive)	503	blue archive
ozen	503	made in abyss
degenbrecher (arknights)	502	arknights
hatake kakashi	502	naruto (series), naruto, naruto shippuuden
inui sajuna	502	sono bisque doll wa koi wo suru
larcei (fire emblem)	502	fire emblem, fire emblem: genealogy of the holy war
nagant revolver (girls' frontline)	502	girls' frontline
daiichi ruby (umamusume)	501	umamusume
kiso kai ni (kancolle)	501	kantai collection
nero claudius (bride) (second ascension) (fate)	501	fate (series), fate/grand order, fate/extra
ookami mio (street)	501	hololive
reshiram	501	pokemon, pokemon bw
sanada akihiko	501	persona, persona 3, persona 3 portable
eve (stellar blade)	500	stellar blade
hiyori (swimsuit) (blue archive)	500	blue archive
minoto	500	monster hunter (series), monster hunter rise
naka kai ni (kancolle)	500	kantai collection
swablu	500	pokemon
totodile	500	pokemon, pokemon hgss, pokemon gsc
kan'u unchou	499	ikkitousen
kuramoto china	499	gakuen idolmaster, idolmaster
strength (black rock shooter)	499	black rock shooter
tsukikage yuri	499	precure, heartcatch precure!
wii fit trainer (female)	499	wii fit, super smash bros., metroid
bokukawauso	498	kantai collection
portgas d. ace	498	one piece
primarina	498	pokemon
takemi tae	498	persona, persona 5
yamagou ayumi	498	girls und panzer
bazett fraga mcremitz	497	fate (series), fate/hollow ataraxia, fate/stay night
cagalli yula athha	497	gundam, gundam seed, gundam seed freedom
higuchi kaede (1st costume)	497	nijisanji
joseph joestar (young)	497	jojo no kimyou na bouken, battle tendency, stardust crusaders
nier (granblue fantasy)	497	granblue fantasy
venusaur	497	pokemon
yoshimi (band) (blue archive)	497	blue archive
alpha (pgr)	496	punishing: gray raven
ichii yui	496	yuyushiki
koyanskaya (assassin) (first ascension) (fate)	496	fate (series), fate/grand order
numby (honkai: star rail)	496	honkai: star rail, honkai (series)
cheshire cat (alice in wonderland)	495	alice in wonderland
diamond (houseki no kuni)	495	houseki no kuni
gallade	495	pokemon
hoshina hikaru	495	precure, star twinkle precure
oda nobunaga (swimsuit berserker) (fate)	495	fate (series), fate/grand order, koha-ace
25-ji miku	494	project sekai, vocaloid
artoria pendragon (swimsuit archer) (fate)	494	fate (series), fate/grand order, fate/stay night
kaneki ken	494	tokyo ghoul, tokyo ghoul:re
kei (robot) (blue archive)	494	blue archive
qingque (honkai: star rail)	494	honkai: star rail, honkai (series)
lewis smith	493	yuuki bakuhatsu bang bravern
mary (ib)	493	ib (kouri)
minazuki (kancolle)	493	kantai collection
myoudouin itsuki	493	heartcatch precure!, precure
squigly (skullgirls)	493	skullgirls
dark sun gwyndolin	492	dark souls (series), dark souls i, dark souls iii
fukuyama mai	492	idolmaster, idolmaster cinderella girls
guzma (pokemon)	492	pokemon, pokemon sm
homura (senran kagura)	492	senran kagura, senran kagura shoujo-tachi no shin'ei
kozakura marry	492	kagerou project
kururugi suzaku	492	code geass
nyon (cookie)	492	cookie (touhou), touhou
quaxly	492	pokemon, pokemon sv
rory mercury	492	gate - jieitai ka no chi nite kaku tatakaeri
royal penguin (kemono friends)	492	kemono friends
terry bogard	492	fatal fury, the king of fighters, snk
touhoku itako	492	voiceroid
cream the rabbit	491	sonic (series)
fukuda haru	491	girls und panzer, gekitotsu! joshikousei oiroke sensha gundan
kirishima touka	491	tokyo ghoul, tokyo ghoul:re
kris (deltarune)	491	deltarune
miyamori aoi	491	shirobako
puck (re:zero)	491	re:zero kara hajimeru isekai seikatsu
rayquaza	491	pokemon
wakana shiki	491	love live!, love live! superstar!!
weedy (arknights)	491	arknights
gotoh hitori (octopus)	490	bocchi the rock!
mizumoto yukari	490	idolmaster, idolmaster cinderella girls
watson amelia (street casual)	490	hololive, hololive english
carnelian (arknights)	489	arknights
cyan (show by rock!!)	489	show by rock!!
sasaki akebi	489	girls und panzer
nefertari vivi	488	one piece
togepi	488	pokemon, pokemon (anime), pokemon (classic anime)
beeswax (arknights)	487	arknights
caren hortensia (amor caren)	487	fate (series), fate/grand order
kaga sumire	487	vspo!, lupinus virtual games
kirisame marisa (pc-98)	487	touhou, touhou (pc-98), story of eastern wonderland
kiryu coco (loungewear)	487	hololive
morgan (female) (fire emblem)	487	fire emblem, fire emblem awakening, fire emblem heroes
shiroko (cycling) (blue archive)	487	blue archive
shiun sumika	487	idolmaster, gakuen idolmaster
vei (vtuber)	487	vshojo, indie virtual youtuber
astolfo (memories at trifas) (fate)	486	fate (series), fate/apocrypha, fate/grand order
gojou wakana	486	sono bisque doll wa koi wo suru
goldmary (fire emblem)	486	fire emblem, fire emblem engage
grea (shingeki no bahamut)	486	shingeki no bahamut, granblue fantasy, manaria friends
liliya olenyeva	486	honkai (series), honkai impact 3rd
midna (true)	486	the legend of zelda, the legend of zelda: twilight princess
robin (arknights)	486	arknights
valentine (skullgirls)	486	skullgirls
caesar (girls und panzer)	485	girls und panzer
croissant (arknights)	485	arknights
elizabeth (persona)	485	persona, persona 3
hans christian andersen (fate)	485	fate (series), fate/grand order, fate/extra
jiji (majo no takkyuubin)	485	majo no takkyuubin, studio ghibli
lexington (warship girls r)	485	warship girls r
neuro-sama	485	indie virtual youtuber
oogaki chiaki	485	yurucamp
papi (monster musume)	485	monster musume no iru nichijou
sazaki kaoruko	485	gundam, gundam build fighters, gundam build fighters try
shirayuki ren	485	shino to ren
turbo granny	485	dandadan
white blood cell (hataraku saibou)	485	hataraku saibou, hataraku saibou black
emolga	484	pokemon, pokemon bw, pokemon bw2
istina (arknights)	484	arknights
pa-15 (girls' frontline)	484	girls' frontline, girls' frontline neural cloud
sasaki saku (1st costume)	484	nijisanji
tear grants	484	tales of (series), tales of the abyss
uehara himari	484	bang dream!
xu fu (fate)	484	fate/grand order, fate (series)
cherino (blue archive)	483	blue archive
elly (touhou)	483	touhou, touhou (pc-98)
ibuki fuuko	483	clannad
ines fujin (umamusume)	483	umamusume
martina (dq11)	483	dragon quest, dragon quest xi
pardofelis	483	honkai (series), honkai impact 3rd
raichu	483	pokemon
santa claus	483	original
seele vollerei (herrscher of rebirth)	483	honkai (series), honkai impact 3rd
honekoneko (psg)	482	panty & stocking with garterbelt
kashima (lawson) (kancolle)	482	kantai collection, lawson
matsukaze (kancolle)	482	kantai collection
nakatani iku	482	idolmaster, idolmaster million live!, idolmaster million live! theater days
african wild dog (kemono friends)	481	kemono friends
griffith (berserk)	481	berserk
grookey	481	pokemon, pokemon swsh
lady avalon (fate)	481	fate/grand order, fate (series)
misogi (princess connect!)	481	princess connect!
saotome shino (shino to ren)	481	shino to ren
shirogane noel (summer 2020)	481	hololive
utage (summer flowers) (arknights)	481	arknights
yamashiro takane	481	touhou
gon freecss	480	hunter x hunter
san (mononoke hime)	480	mononoke hime, studio ghibli
tomoe gozen (swimsuit saber) (first ascension) (fate)	480	fate/grand order, fate (series)
waddle dee	480	kirby (series)
whitney (pokemon)	480	pokemon, pokemon hgss
wonder acute (umamusume)	480	umamusume
roy (fire emblem)	479	fire emblem, fire emblem: the binding blade, super smash bros.
ulti (one piece)	479	one piece
baba konomi	478	idolmaster, idolmaster million live!, idolmaster million live! theater days
cure peach	478	fresh precure!, precure
ki-sikil (yu-gi-oh!)	478	yu-gi-oh!
lava (arknights)	478	arknights
maestrale (kancolle)	478	kantai collection
shaymin	478	pokemon
shizuko (blue archive)	478	blue archive
franky (one piece)	477	one piece
gundam aerial	477	gundam, gundam suisei no majo
koiwai yotsuba	477	yotsubato!
lucia (scott malin)	477	original
minakami mai	477	nichijou
rice shower (make up vampire!) (umamusume)	477	umamusume
sanageyama uzu	477	kill la kill
seele vollerei (stygian nymph)	477	honkai (series), honkai impact 3rd
suzuki jun	477	k-on!
yuutenji nyamu	477	bang dream!, bang dream! it's mygo!!!!!
alina gray	476	magia record: mahou shoujo madoka magica gaiden, mahou shoujo madoka magica
arima senne	476	original
asia argento	476	high school dxd
harmonie (arknights)	476	arknights
hau (pokemon)	476	pokemon, pokemon sm
midway princess	476	kantai collection
octoling boy	476	splatoon (series), splatoon 3, splatoon 2
satsuki kai ni (kancolle)	476	kantai collection
silvervale	476	vshojo, indie virtual youtuber
haman karn	475	gundam, zeta gundam, gundam zz
ninomae ina'nis (loungewear)	474	hololive, hololive english
sua (alien stage)	474	alien stage
araga kiwi	473	mahou shoujo ni akogarete
ashley graves	473	the coffin of andy and leyley
daiba nana	473	shoujo kageki revue starlight
fjorm (fire emblem)	473	fire emblem, fire emblem heroes
jeanne d'arc (girl from orleans) (fate)	473	fate (series), fate/apocrypha, fate/grand order
kachina (genshin impact)	473	genshin impact
katsushika hokusai (swimsuit saber) (fate)	473	fate/grand order, fate (series)
magical sapphire	473	fate (series), fate/kaleid liner prisma illya
shiori (princess connect!)	473	princess connect!
diyusi (cookie)	472	cookie (touhou), touhou
essex (azur lane)	472	azur lane
fuwa kokone	472	delicious party precure, precure
lain paterson (1st costume)	472	nijisanji
mai natsume	472	blazblue, blazblue: central fiction, blazblue variable heart
min min (arms)	472	arms (game), super smash bros.
monika weisswind	472	granblue fantasy
nero claudius (swimsuit caster) (third ascension) (fate)	472	fate (series), fate/grand order
pandemonica (helltaker)	472	helltaker
undyne	472	undertale
warspite (azur lane)	472	azur lane
ashigara kai ni (kancolle)	471	kantai collection
chougei (kancolle)	471	kantai collection
dorothy (nikke)	471	goddess of victory: nikke
kamikita komari	471	little busters!
nagara (kancolle)	471	kantai collection
natsu (band) (blue archive)	471	blue archive
alphonse elric	470	fullmetal alchemist
brook (one piece)	470	one piece
dejiko	470	di gi charat
ghost miku (project voltage)	470	pokemon, project voltage, vocaloid
inukai komugi	470	precure, wonderful precure!
mars (cookie)	470	cookie (touhou), touhou
mejiro ryan (umamusume)	470	umamusume
ozymandias (fate)	470	fate (series), fate/grand order, fate/prototype
poppi (xenoblade)	470	xenoblade chronicles (series), xenoblade chronicles 2
strict nun (diva)	470	little nuns (diva)
tsukahara hibiki	470	amagami
horn (arknights)	469	arknights
huang lingyin	469	infinite stratos
machamp	469	pokemon, pokemon swsh
furret	468	pokemon, pokemon sv
hori yuko	468	idolmaster, idolmaster cinderella girls
jill warrick	468	final fantasy, final fantasy xvi
lilith (machikado mazoku)	468	machikado mazoku
mogador (kancolle)	468	kantai collection
morag ladair (xenoblade)	468	xenoblade chronicles (series), xenoblade chronicles 2
neferpitou	468	hunter x hunter
schneider (reverse:1999)	468	reverse:1999
zinnia (pokemon)	468	pokemon, pokemon oras
himeragi yukina	467	strike the blood
hinomori shizuku	467	project sekai
sakaguchi karina	467	girls und panzer
ayase seiko	466	dandadan
houshou marine (businesswoman)	466	hololive
ingo (pokemon)	466	pokemon, pokemon bw, pokemon legends: arceus
koizumi itsuki	466	suzumiya haruhi no yuuutsu
pola (azur lane)	466	azur lane
sandalphon (granblue fantasy)	466	granblue fantasy
totooria helmold	466	atelier (series), atelier totori, atelier meruru
caeda (fire emblem)	465	fire emblem, fire emblem: mystery of the emblem, fire emblem heroes
karlach	465	baldur's gate, dungeons & dragons, baldur's gate 3
kawanishi shinobu	465	girls und panzer
kawashima ami	465	toradora!
nakoruru	465	samurai spirits
ru-class battleship	465	kantai collection
silent magician	465	yu-gi-oh!
yugiri tsuzuri	465	link! like! love live!, love live!
black-haired demon girl (shimmer)	464	original
hashibira inosuke	464	kimetsu no yaiba
ning hai (azur lane)	464	azur lane
aragaki shinjirou	463	persona, persona 3, persona 3 portable
chise (swimsuit) (blue archive)	463	blue archive
latios	463	pokemon
nekko (momosuzu nene)	463	hololive
riko (made in abyss)	463	made in abyss
shulk (xenoblade)	463	xenoblade chronicles (series), xenoblade chronicles 1, super smash bros.
kagero (fire emblem)	462	fire emblem, fire emblem fates, fire emblem heroes
ranger (kancolle)	462	kantai collection
selen tatsuki (1st costume)	462	nijisanji, nijisanji en
yamada tae	462	zombie land saga
zhongli (archon) (genshin impact)	462	genshin impact
anko (gochiusa)	461	gochuumon wa usagi desu ka?
blanc (nikke)	461	goddess of victory: nikke
lilligant	461	pokemon
renamon	461	digimon, digimon tamers
sakamoto ryouma (fate)	461	fate (series), fate/grand order, koha-ace
starfire	461	dc comics, teen titans, teen titans (tv series)
waai fu (arknights)	461	arknights
zenno rob roy (umamusume)	461	umamusume
arch bishop (ragnarok online)	459	ragnarok online
faye valentine	459	cowboy bebop
ines (arknights)	459	arknights
katsura hinagiku	459	hayate no gotoku!
kingprotea (fate)	459	fate (series), fate/grand order, fate/extra
kiran (male) (fire emblem)	459	fire emblem, fire emblem heroes, fire emblem fates
mazaki anzu	459	yu-gi-oh!, yu-gi-oh! duel monsters
meowfficer (azur lane)	459	azur lane
rean schwarzer	459	eiyuu densetsu, sen no kiseki (series), sen no kiseki iii
suzuki hana	459	idolmaster, idolmaster shiny colors
welt yang	459	honkai (series), honkai: star rail
zero (drag-on dragoon)	459	drag-on dragoon, drag-on dragoon 3
brock (pokemon)	458	pokemon, pokemon (anime), pokemon (classic anime)
charlie morningstar	458	hazbin hotel
hakui koyori (summer)	458	hololive
ishtar (fire emblem)	458	fire emblem, fire emblem: genealogy of the holy war, fire emblem heroes
jack frost (megami tensei)	458	persona, shin megami tensei, sekaiju no meikyuu
lily black	458	touhou
melusine (swimsuit ruler) (fate)	458	fate/grand order, fate (series)
nanakusa hazuki	458	idolmaster, idolmaster shiny colors
barret wallace	457	final fantasy, final fantasy vii, final fantasy vii remake
genji (overwatch)	457	overwatch, overwatch 1
mutsuki (dress) (blue archive)	457	blue archive
narmaya (summer) (granblue fantasy)	457	granblue fantasy
noir (nikke)	457	goddess of victory: nikke
yuubari kai ni (kancolle)	457	kantai collection
aubrey (headspace) (omori)	456	omori
dokibird (vtuber) (retro doki)	456	indie virtual youtuber
james moriarty (archer) (fate)	456	fate/grand order, fate (series)
kei (m k)	456	original
reinforce	456	lyrical nanoha, mahou shoujo lyrical nanoha, mahou shoujo lyrical nanoha a's
uranami (kancolle)	456	kantai collection
venera-sama	456	sekai seifuku: bouryaku no zvezda
vulpix	456	pokemon
yomi (senran kagura)	456	senran kagura, senran kagura shoujo-tachi no shin'ei
aether foundation employee	455	pokemon, pokemon sm
doraemon (character)	455	doraemon
endou saya	455	dagashi kashi
kama (second ascension) (fate)	455	fate/grand order, fate (series)
koshirae tsurugi (m.m)	455	original
naruse shiroha	455	summer pockets
shameimaru aya (newsboy)	455	touhou, forbidden scrollery
victorica de blois	455	gosick
yamada aoi	455	working!!
aqua (kingdom hearts)	454	kingdom hearts, kingdom hearts birth by sleep
baobhan sith (swimsuit pretender) (first ascension) (fate)	454	fate/grand order, fate (series)
gentoo penguin (kemono friends)	454	kemono friends
inami mahiru	454	working!!
kitakami reika	454	idolmaster, idolmaster million live!, idolmaster million live! theater days
leonie pinelli	454	fire emblem, fire emblem: three houses
tamamo no mae (swimsuit lancer) (third ascension) (fate)	454	fate (series), fate/grand order
blaziken	453	pokemon
miyanaga saki	453	saki (manga)
mythra (radiant beach) (xenoblade)	453	xenoblade chronicles (series), xenoblade chronicles 2
nagato kai ni (kancolle)	453	kantai collection
nana asta deviluke	453	to love-ru, to love-ru darkness
yanqing (honkai: star rail)	453	honkai: star rail, honkai (series)
zentreya	453	vshojo
akai haato (gothic lolita)	452	hololive
akari (blue archive)	452	blue archive
five-seven (girls' frontline)	452	girls' frontline
haibara ai	452	meitantei conan
iris heart	452	neptune (series), kami jigen game neptune v
mikumo guynemer	452	macross, macross delta
ms. fortune (skullgirls)	452	skullgirls
platinum the trinity	452	blazblue
raiden mei (apho)	452	honkai (series), honkai impact 3rd
rupee (nikke)	452	goddess of victory: nikke
shuten douji (halloween caster) (fate)	452	fate/grand order, fate (series)
sue storm	452	marvel, fantastic four, marvel rivals
sukeban (smg) (blue archive)	452	blue archive
tojo kirumi	452	danganronpa (series), danganronpa v3: killing harmony
vegetto	452	dragon ball, dragon ball z, dragon ball super
yuegui (genshin impact)	452	genshin impact
yuunagi tsubasa	452	hirogaru sky! precure, precure
francis drake (fate)	451	fate (series), fate/grand order, fate/extra
hiburi (kancolle)	451	kantai collection
jiaoqiu (honkai: star rail)	451	honkai: star rail, honkai (series)
kitashirakawa chiyuri	451	touhou, touhou (pc-98)
korwa	451	granblue fantasy
melody (projektmelody)	451	vshojo
napoleon bonaparte (fate)	451	fate/grand order, fate (series)
rfb (girls' frontline)	451	girls' frontline
tobiichi origami	451	date a live
juo sena	450	idolmaster, gakuen idolmaster
kuga natsuki	450	my-hime
kuroyukihime	450	accel world
nekoyashiki mayu	450	precure, wonderful precure!
professor shinonome	450	nichijou
van gogh (first ascension) (fate)	450	fate/grand order, fate (series)
vincent valentine	450	final fantasy, final fantasy vii, final fantasy vii remake
amane suzuha	449	steins;gate
euphemia li britannia	449	code geass
luna (sailor moon)	449	bishoujo senshi sailor moon
heixiu	448	luo xiaohei zhanji, arknights
mutsuki (azur lane)	448	azur lane
mutsuki (new year) (blue archive)	448	blue archive
ogerpon	448	pokemon, pokemon sv
shirogane tsumugi	448	danganronpa (series), danganronpa v3: killing harmony
artoria pendragon (lancer alter) (royal icing) (fate)	447	fate (series), fate/grand order
big bad wolf	447	little red riding hood, grimm's fairy tales
cesario (umamusume)	447	umamusume
cygnet (azur lane)	447	azur lane
kobayakawa rinko	447	love plus
miguel o'hara	447	marvel, spider-man (series), spider-verse
pomu rainpuff (1st costume)	447	nijisanji, nijisanji en
takao (beach rhapsody) (azur lane)	447	azur lane
beelzebub (helltaker)	446	helltaker
capitano (genshin impact)	446	genshin impact
ganyu (twilight blossom) (genshin impact)	446	genshin impact
guel jeturk	446	gundam, gundam suisei no majo
isshiki akane	446	vividred operation
kasai amane	446	delicious party precure, precure
luo tianyi	446	vocaloid, vsinger (vocaloid)
tsuruya	446	suzumiya haruhi no yuuutsu
lucas lee	445	scott pilgrim (series), scott pilgrim takes off
shamir nevrand	445	fire emblem, fire emblem: three houses
caitlin (pokemon)	444	pokemon, pokemon bw, pokemon dppt
ciel (mega man)	444	mega man (series), mega man zero (series)
female assassin (fate/zero)	444	fate (series), fate/zero, fate/grand order
kooh	444	pangya
michishio kai ni (kancolle)	444	kantai collection
miyaura sanshio	444	original
protagonist (smtv)	444	shin megami tensei, shin megami tensei v
saitou hajime (fate)	444	fate (series), fate/grand order
shin'you (kancolle)	444	kantai collection
yui shousetsu (fate)	444	fate (series), fate/samurai remnant, fate/grand order
binah (project moon)	443	project moon, library of ruina, lobotomy corporation
elena (street fighter)	443	street fighter, street fighter iii (series)
flannery (pokemon)	443	pokemon, pokemon oras, pokemon rse
gengetsu (touhou)	443	touhou, touhou (pc-98)
ichijou hotaru	443	non non biyori
ieiri shoko	443	jujutsu kaisen
juufuutei raden (1st costume)	443	hololive, hololive dev is
kawakami princess (umamusume)	443	umamusume
momota kaito	443	danganronpa (series), danganronpa v3: killing harmony
diabellstar the black witch	442	yu-gi-oh!
eureka (eureka seven)	442	eureka seven (series), eureka seven
gasai yuno	442	mirai nikki
hinata yukari	442	yuyushiki
jonathan joestar	442	jojo no kimyou na bouken, phantom blood, stardust crusaders
nakiri ayame (streetwear)	442	hololive
shauna (pokemon)	442	pokemon, pokemon xy
sidon	442	the legend of zelda, the legend of zelda: breath of the wild, the legend of zelda: tears of the kingdom
chieru (princess connect!)	441	princess connect!
female doctor (arknights)	441	arknights
hoshiguma yuugi (kimono)	441	touhou
luciela r. sourcream	441	elsword
muto yugi	441	yu-gi-oh!, yu-gi-oh! duel monsters
prinz heinrich (azur lane)	441	azur lane
reu (cookie)	441	cookie (touhou), touhou
sasha blouse	441	shingeki no kyojin
squall leonhart	441	final fantasy, final fantasy viii, final fantasy vii
tokisaki asaba (niliu chahui)	441	original
bailu (honkai: star rail)	440	honkai: star rail, honkai (series)
ch'en (ageless afterglow) (arknights)	440	arknights
himiko (fate)	440	fate/grand order, fate (series)
nono hana	440	precure, hugtto! precure
rachnera arachnera	440	monster musume no iru nichijou
sairenji haruna	440	to love-ru
shermie (kof)	440	the king of fighters, the king of fighters xv
busujima saeko	439	highschool of the dead
formidable (the lady of the beach) (azur lane)	439	azur lane
haguro kai ni (kancolle)	439	kantai collection
kanna (cookie)	439	cookie (touhou), touhou
leviathan (skullgirls)	439	skullgirls
memcho	439	oshi no ko
shimabara elena	439	idolmaster, idolmaster million live!, idolmaster million live! theater days
sinon (sao-alo)	439	sword art online, sword art online: code register
tachibana miya	439	amagami
whisperain (arknights)	439	arknights
abigail williams (swimsuit foreigner) (first ascension) (fate)	438	fate/grand order, fate (series)
boros (ouro kronii)	438	hololive, hololive english
luka (mon-musu quest!)	438	mon-musu quest!
sakagami tomoyo	438	clannad
sakamoto (nichijou)	438	nichijou
serperior	438	pokemon, pokemon bw2
tristan (fate)	438	fate/grand order, fate (series)
utaha (blue archive)	438	blue archive
alastor (shakugan no shana)	437	shakugan no shana
klaudia valentz	437	atelier (series), atelier ryza, atelier ryza 1
kokonoe rin	437	kodomo no jikan
shinonono houki	437	infinite stratos
altina orion	436	eiyuu densetsu, sen no kiseki (series), sen no kiseki i
bb dubai (fate)	436	fate (series), fate/grand order
carol malus dienheim	436	senki zesshou symphogear
cordelia (fire emblem)	436	fire emblem, fire emblem awakening, fire emblem heroes
elysia (miss pink) (honkai impact)	436	honkai (series), honkai impact 3rd
mano aloe	436	hololive
mimori (blue archive)	436	blue archive
sasaki chiho	436	hataraku maou-sama!
surtr (liberte echec) (arknights)	436	arknights
celebi	435	pokemon
charlotte corday (fate)	435	fate (series), fate/grand order
la pluma (summer flowers) (arknights)	435	arknights
yagami taichi	435	digimon, digimon adventure
yonomori kobeni	435	mikakunin de shinkoukei
barry (pokemon)	434	pokemon, pokemon dppt
dusk (everything is a miracle) (arknights)	434	arknights
hung (arknights)	434	arknights
mage (dungeon and fighter)	434	dungeon and fighter
ororon (genshin impact)	434	genshin impact
wario	434	mario (series), warioware, super smash bros.
yangyang (wuthering waves)	434	wuthering waves
alcina dimitrescu	433	resident evil, resident evil village
basil (headspace) (omori)	433	omori
death (entity)	433	original
enma ai	433	jigoku shoujo
error musume	433	kantai collection
lotte jansson	433	little witch academia
medusa (shingeki no bahamut)	433	granblue fantasy, shingeki no bahamut
nao (mabinogi)	433	mabinogi
shirokane rinko	433	bang dream!
daitou (kancolle)	432	kantai collection
fu hua (fenghuang of vicissitude)	432	honkai (series), honkai impact 3rd
katalina (granblue fantasy)	432	granblue fantasy
miles edgeworth	432	ace attorney, ace attorney investigations
rika (m k)	432	original
tsuji renta	432	girls und panzer
cure marine	431	precure, heartcatch precure!
pekoyama peko	431	danganronpa (series), danganronpa 2: goodbye despair, danganronpa: trigger happy havoc
sena (xenoblade)	431	xenoblade chronicles (series), xenoblade chronicles 3
shizuru (princess connect!)	431	princess connect!
yae sakura (goushinnso memento)	431	honkai (series), honkai impact 3rd
hikigaya hachiman	430	yahari ore no seishun lovecome wa machigatteiru.
igawa asagi	430	taimanin (series), taimanin asagi
marcille donato (lord)	430	dungeon meshi
neeko (league of legends)	430	league of legends
sion eltnam atlasia	430	tsukihime, melty blood
chikuma kai ni (kancolle)	429	kantai collection
hatsune miku (vocaloid4)	429	vocaloid
kanno naoe	429	brave witches, world witches series
achilles (fate)	428	fate (series), fate/grand order, fate/apocrypha
asirpa	428	golden kamuy
gyarados	428	pokemon
koraidon	428	pokemon, pokemon sv
li syaoran	428	cardcaptor sakura
rim (kamitsubaki studio)	428	kamitsubaki studio
sugimoto saichi	428	golden kamuy
europa (granblue fantasy)	427	granblue fantasy
flower (vocaloid4)	427	vocaloid
kiriko (overwatch)	427	overwatch, overwatch 2
mimi (princess connect!)	427	princess connect!
sideroca (arknights)	427	arknights
veyle (fire emblem)	427	fire emblem, fire emblem engage
yashajin ai	427	ryuuou no oshigoto!
yura kai ni (kancolle)	427	kantai collection
37 (reverse:1999)	426	reverse:1999
amane misa	426	death note
belfast (shopping with the head maid) (azur lane)	426	azur lane
broly (dragon ball super)	426	dragon ball, dragon ball super, dragon ball super broly
i-47 (kancolle)	426	kantai collection
lissa (fire emblem)	426	fire emblem, fire emblem awakening, fire emblem heroes
momoi airi	426	project sekai
priestess (arknights)	426	arknights
wooloo	426	pokemon, pokemon swsh
hange zoe	425	shingeki no kyojin
maria robotnik	425	sonic (series), sonic adventure 2
miriam (pokemon)	425	pokemon, pokemon sv
ninian (fire emblem)	425	fire emblem, fire emblem: the blazing blade, fire emblem heroes
rahu (path to nowhere)	425	path to nowhere
robin (dc)	425	dc comics, batman (series)
s.a.t.8 (girls' frontline)	425	girls' frontline
scarlet (nikke)	425	goddess of victory: nikke
sylvain jose gautier	425	fire emblem, fire emblem: three houses
alisaie leveilleur	424	final fantasy, final fantasy xiv
bb (swimsuit mooncancer) (first ascension) (fate)	424	fate (series), fate/grand order
fairy miku (project voltage)	424	pokemon, vocaloid, project voltage
hinata (swimsuit) (blue archive)	424	blue archive
island fox (kemono friends)	424	kemono friends, kemono friends v project
megatron	424	transformers, transformers: generation 1
morgiana	424	magi the labyrinth of magic
renne (eiyuu densetsu)	424	eiyuu densetsu, sora no kiseki, kuro no kiseki (series)
richelieu (azur lane)	424	azur lane
sailor uranus	424	bishoujo senshi sailor moon
sheep nun (diva)	424	little nuns (diva)
smallfry (splatoon)	424	splatoon (series), splatoon 3
tsubaki (guide) (blue archive)	424	blue archive
ariane yeong	423	signalis
chapayev (azur lane)	423	azur lane
chuatury panlunch	423	gundam, gundam suisei no majo
cu chulainn (caster) (fate)	423	fate (series), fate/grand order
kama (third ascension) (fate)	423	fate/grand order, fate (series)
oryou (girls und panzer)	423	girls und panzer
typhlosion	423	pokemon
yoshida hirofumi	423	chainsaw man
abukuma kai ni (kancolle)	422	kantai collection
kyogre	422	pokemon
lilina (fire emblem)	422	fire emblem, fire emblem: the binding blade, fire emblem heroes
nilou (breeze of sabaa) (genshin impact)	422	genshin impact
rockhopper penguin (kemono friends)	422	kemono friends
choukai kai ni (kancolle)	421	kantai collection
gareth (fate)	421	fate (series), fate/grand order
kirisaki chitoge	421	nisekoi
marceline abadeer	421	adventure time
niwamaru (niwarhythm)	421	original
nonohara yuzuko	421	yuyushiki
shirayuki hime	421	happinesscharge precure!, precure
arcanine	420	pokemon
kayamori ruka	420	heaven burns red
manticore (arknights)	420	arknights
mizi (alien stage)	420	alien stage
nippaku zanmu	420	touhou, unfinished dream of all living ghost
seelie (genshin impact)	420	genshin impact
shinonome akito	420	project sekai
treecko	420	pokemon, pokemon rse, pokemon oras
yamanaka sawako	420	k-on!
glasses nun (diva)	419	little nuns (diva)
gorgon (fate)	419	fate (series), fate/grand order
heidimarie w. schnaufer	419	world witches series, strike witches
hungry nun (diva)	419	little nuns (diva)
mari (headspace) (omori)	419	omori
marill	419	pokemon, pokemon hgss
noah (xenoblade)	419	xenoblade chronicles (series), xenoblade chronicles 3
trunks (future) (dragon ball)	419	dragon ball, dragon ball z
wakaba (kancolle)	419	kantai collection
chevalier d'eon (fate)	418	fate/grand order, fate (series), fate/apocrypha
eas (fresh precure!)	418	fresh precure!, precure
froslass	418	pokemon
fukuzawa yumi	418	maria-sama ga miteru
hatsune miku (nt)	418	vocaloid, piapro
ikezawa hanako	418	katawa shoujo
mirai akari	418	mirai akari project
oddish	418	pokemon
towa herschel	418	eiyuu densetsu, sen no kiseki (series), sen no kiseki i
uzuki (cookie)	418	cookie (touhou), touhou
vector (girls' frontline)	418	girls' frontline
agent (girls' frontline)	417	girls' frontline
kevin kaslana	417	honkai (series), honkai impact 3rd
qin liangyu (fate)	417	fate/grand order, fate (series)
yagyu (senran kagura)	417	senran kagura, senran kagura shoujo-tachi no shin'ei
yuugiri (zombie land saga)	417	zombie land saga
hinaichigo	416	rozen maiden
inumuta houka	416	kill la kill
katou danzou (fate)	416	fate (series), fate/grand order
lucifero (guilty gear)	416	guilty gear, guilty gear xrd, guilty gear strive
lugia	416	pokemon
m16a1 (boss) (girls' frontline)	416	girls' frontline
mizuho (kancolle)	416	kantai collection
morgana (cat) (persona 5)	416	persona, persona 5
queen marika the eternal	416	elden ring
sananana (cookie)	416	cookie (touhou), touhou
dunkerque (azur lane)	415	azur lane
elpeo puru	415	gundam, gundam zz
kisaragi kai ni (kancolle)	415	kantai collection
kishinami hakuno (male)	415	fate (series), fate/extra, fate/extra ccc
oono aya	415	girls und panzer
princess serenity	415	bishoujo senshi sailor moon
shiki natsume	415	cafe stella to shinigami no chou
fujimaru ritsuka (female) (brilliant summer)	414	fate/grand order, fate (series)
idw (girls' frontline)	414	girls' frontline
mai (touhou)	414	touhou, touhou (pc-98)
nunnally vi britannia	414	code geass
princess (princess principal)	414	princess principal
yukikaze kai ni (kancolle)	414	kantai collection
yuri lowell	414	tales of (series), tales of vesperia
akagi-chan (azur lane)	413	azur lane
banette	413	pokemon
ceres fauna (goth)	413	hololive, hololive english
fujimura taiga	413	fate (series), fate/stay night
hoshikawa lily	413	zombie land saga
kiryu kazuma	413	ryuu ga gotoku (series)
no. 21 (pgr)	413	punishing: gray raven
yuudachi kai ni (swimsuit) (kancolle)	413	kantai collection
amane kanata (nurse)	412	hololive
houshou marine (gothic lolita)	412	hololive
yukimin (yukihana lamy)	412	hololive
amuro ray	411	gundam, mobile suit gundam, char's counterattack
gene (pso2)	411	phantasy star, phantasy star online 2
honolulu (kancolle)	411	kantai collection
ichijou ririka (1st costume)	411	hololive, hololive dev is
whimsicott	411	pokemon
diarmuid ua duibhne (lancer) (fate)	410	fate (series), fate/zero, fate/grand order
haruka (senran kagura)	410	senran kagura, senran kagura shoujo-tachi no shin'ei
kel (faraway) (omori)	410	omori
korok	410	the legend of zelda, the legend of zelda: breath of the wild, the legend of zelda: tears of the kingdom
lyn (blade & soul)	410	blade & soul
nelliel tu odelschwanck	410	bleach
sarashina ruka	410	kanojo okarishimasu
temari (naruto)	410	naruto (series), naruto, naruto shippuuden
xayah	410	league of legends
flametail (arknights)	409	arknights
habetrot (fate)	409	fate/grand order, fate (series)
toriel	409	undertale
angelica (project moon)	408	project moon, library of ruina
sansei muramasa	408	soukou akki muramasa
takayama sayoko	408	idolmaster, idolmaster million live!, idolmaster million live! theater days
amakusa shirou (fate)	407	fate (series), fate/grand order, fate/apocrypha
centorea shianus	407	monster musume no iru nichijou
haaton (akai haato)	407	hololive
hijikata toshizou (fate)	407	fate (series), fate/grand order, koha-ace
jeanne d'arc alter (avenger) (first ascension) (fate)	407	fate (series), fate/grand order
oomori yuuko	407	happinesscharge precure!, precure
otonose kanade (1st costume)	407	hololive, hololive dev is
suou pavlichenko	407	darker than black
twilight sparkle	407	my little pony, my little pony: friendship is magic, my little pony: equestria girls
veronica (fire emblem)	407	fire emblem, fire emblem heroes
adepta sororitas	406	warhammer 40k
chii	406	chobits
fu hua (valkyrie accipiter)	406	honkai (series), honkai impact 3rd
grim (azur lane)	406	azur lane
iori junpei	406	persona, persona 3, persona 3 portable
k/da akali	406	league of legends
otogi (blue archive)	406	blue archive
roy mustang	406	fullmetal alchemist
all might	405	boku no hero academia
chevreuse (genshin impact)	405	genshin impact
eyjafjalla (summer flower) (arknights)	405	arknights
goh (pokemon)	405	pokemon, pokemon (anime), pokemon journeys
kearsarge (azur lane)	405	azur lane
minase akiko	405	kanon
momose rio	405	idolmaster, idolmaster million live!, idolmaster million live! theater days
tifa lockhart (refined dress)	405	final fantasy, final fantasy vii, final fantasy vii remake
asta (honkai: star rail)	404	honkai: star rail, honkai (series)
blastoise	404	pokemon
p-chan	404	ranma 1/2
perrin (pokemon)	404	pokemon, pokemon sv
saratoga (azur lane)	404	azur lane
skyfire (arknights)	404	arknights
sophia (fire emblem)	404	fire emblem, fire emblem: the binding blade, fire emblem heroes
takao (aoki hagane no arpeggio)	404	aoki hagane no arpeggio
cure melody	403	precure, suite precure
felix hugo fraldarius	403	fire emblem, fire emblem: three houses
fu hua (phoenix)	403	honkai (series), honkai impact 3rd
murasame (senren)	403	senren banka
scanty (psg)	403	panty & stocking with garterbelt
theresa apocalypse (lunar vow: crimson love)	403	honkai (series), honkai impact 3rd
zagreus (hades)	403	hades (series), hades 1
elan ceres	402	gundam, gundam suisei no majo
kurumi (lycoris recoil)	402	lycoris recoil
nika nanaura	402	gundam, gundam suisei no majo
olivia (fire emblem)	402	fire emblem, fire emblem awakening, fire emblem heroes
quagsire	402	pokemon
yamabuki inori	402	fresh precure!, precure
zorua	402	pokemon, pokemon bw
caenis (second ascension) (fate)	401	fate/grand order, fate (series)
ilsa (granblue fantasy)	401	granblue fantasy
land (sousou no frieren)	401	sousou no frieren
minazuki karen	401	precure, yes! precure 5, yes! precure 5 gogo!
miyao miya	401	idolmaster, idolmaster million live!, idolmaster million live! theater days
prince of wales (azur lane)	401	azur lane
son biten	401	touhou, unfinished dream of all living ghost
turtwig	401	pokemon, pokemon dppt
briar (league of legends)	400	league of legends
cliffheart (arknights)	400	arknights
donkey kong	400	donkey kong (series), mario (series), super smash bros.
hayakawa tazuna	400	umamusume
konoka (blue archive)	400	blue archive
poppy (league of legends)	400	league of legends
rosetta (granblue fantasy)	400	granblue fantasy
sylvie (dorei to no seikatsu)	400	dorei to no seikatsu ~teaching feeling~
tier harribel	400	bleach
arceus	399	pokemon, pokemon legends: arceus
nausicaa	399	kaze no tani no nausicaa, studio ghibli
rappa (honkai: star rail)	399	honkai: star rail, honkai (series)
sanzen'in nagi	399	hayate no gotoku!
sen (granblue fantasy)	399	granblue fantasy
shirakiin ririchiyo	399	inu x boku ss
tokugawa matsuri	399	idolmaster, idolmaster million live!, idolmaster million live! theater days
estellise sidos heurassein	398	tales of (series), tales of vesperia
gaia (ff14)	398	final fantasy, final fantasy xiv
kaga (battleship) (azur lane)	398	azur lane, kantai collection
kagerou kai ni (kancolle)	398	kantai collection
klein moretti	398	lord of the mysteries
meruccubus (merunyaa)	398	original
minato aqua (school uniform)	398	hololive
mugetsu (touhou)	398	touhou, touhou (pc-98)
suou yuki	398	tokidoki bosotto roshia-go de dereru tonari no alya-san
fiora (xenoblade)	397	xenoblade chronicles (series), xenoblade chronicles 1
katsuragi (senran kagura)	397	senran kagura, senran kagura shoujo-tachi no shin'ei
luo xiaohei (cat)	397	luo xiaohei zhanji, arknights
narusawa ryouka	397	occultic;nine
sakamoto ryuuji	397	persona, persona 5
bremerton (kung fu cruiser) (azur lane)	396	azur lane
dr. eggman	396	sonic (series)
fire keeper	396	dark souls (series), dark souls iii
gilles de rais (caster) (fate)	396	fate (series), fate/zero, fate/grand order
gwendolyn (odin sphere)	396	odin sphere
reigen arataka	396	mob psycho 100
yui (sao)	396	sword art online
aino megumi	395	happinesscharge precure!, precure
alsace (azur lane)	395	azur lane
larva tiamat (fate)	395	fate/grand order, fate (series), fate/grand order arcade
saori (swimsuit) (blue archive)	395	blue archive
suzunari shizuku	395	original
architect (girls' frontline)	394	girls' frontline
black mage (final fantasy)	394	final fantasy, final fantasy ix, final fantasy xiv
buneary	394	pokemon
clair (pokemon)	394	pokemon, pokemon hgss
emperor (arknights)	394	arknights
es (xblaze)	394	blazblue, xblaze, xblaze code: embryo
esdeath	394	akame ga kill!
gardenia (pokemon)	394	pokemon, pokemon dppt
kamukura izuru	394	danganronpa (series), danganronpa 2: goodbye despair
netzach (project moon)	394	project moon, lobotomy corporation, library of ruina
nightingale (arknights)	394	arknights
takumi (fire emblem)	394	fire emblem, fire emblem fates
tougou mimori	394	yuusha de aru, yuuki yuuna wa yuusha de aru
ecclesia (yu-gi-oh!)	393	yu-gi-oh!
goomba	393	mario (series), new super mario bros. u deluxe
kaiba seto	393	yu-gi-oh!, yu-gi-oh! duel monsters
oozora subaru (casual)	393	hololive
pinecone (arknights)	393	arknights
sakurada shiro (hy plus)	393	original
sharena (fire emblem)	393	fire emblem, fire emblem heroes
sin sack	393	touhou
tamamo cat (second ascension) (fate)	393	fate (series), fate/grand order, fate/extra
tamamo no mae (spring casual) (fate)	393	fate (series), fate/extra, fate/extra ccc
uruha rushia (school uniform)	393	hololive
yamanin zephyr (umamusume)	393	umamusume
cassidy (overwatch)	392	overwatch, overwatch 1
cure beauty	392	precure, smile precure!
heinrike prinzessin zu sayn-wittgenstein	392	world witches series, noble witches
konpaku youki	392	touhou
meloetta	392	pokemon, vocaloid, project voltage
neon (nikke)	392	goddess of victory: nikke
nyto (girls' frontline)	392	girls' frontline
reaper (overwatch)	392	overwatch, overwatch 1
suzuhara lulu (1st costume)	392	nijisanji
victorious (azur lane)	392	azur lane
yami yugi	392	yu-gi-oh!, yu-gi-oh! duel monsters
cure blossom	391	precure, heartcatch precure!
kana anaberal	391	touhou, touhou (pc-98)
luvdisc	391	pokemon
protagonist (pso2)	391	phantasy star, phantasy star online 2, original
aijou karen	390	shoujo kageki revue starlight
akemi homura (black dress)	390	mahou shoujo madoka magica, mahou shoujo madoka magica: hangyaku no monogatari
big man (splatoon)	390	splatoon (series), splatoon 3
hayashio (kancolle)	390	kantai collection
hiiragi yuzu	390	yu-gi-oh!, yu-gi-oh! arc-v
jahy	390	jahy-sama wa kujikenai!
mahira (granblue fantasy)	390	granblue fantasy
vill-v	390	honkai (series), honkai impact 3rd
yu mei-ren (second ascension) (fate)	390	fate/grand order, fate (series)
amaterasu (ookami)	389	ookami (game)
dobrynya nikitich (fate)	389	fate/grand order, fate (series)
dot (pokemon)	389	pokemon, pokemon (anime), pokemon horizons
ellee-chan	389	hirogaru sky! precure, precure
kagura mea	389	kagura gumi, hololive
mlynar (arknights)	389	arknights
zangief	389	street fighter
ebisu eika	388	touhou
makaino ririmu (4th costume)	388	nijisanji
nisshin (kancolle)	388	kantai collection
ogino chihiro	388	sen to chihiro no kamikakushi, studio ghibli
phosphophyllite (ll)	388	houseki no kuni
shirakami fubuki (aristocrat kei)	388	hololive
yamato kai ni (kancolle)	388	kantai collection
chibi miku	387	vocaloid, utau
craft lawrence	387	spice and wolf
kimura natsuki	387	idolmaster, idolmaster cinderella girls
magisa (granblue fantasy)	387	granblue fantasy
naegi komaru	387	danganronpa (series), danganronpa another episode: ultra despair girls, danganronpa: trigger happy havoc
rex lapis (genshin impact)	387	genshin impact
sailor neptune	387	bishoujo senshi sailor moon
yotsuyu goe brutus	387	final fantasy, final fantasy xiv
anchorage (azur lane)	386	azur lane
bao (vtuber)	386	indie virtual youtuber
frieza	386	dragon ball, dragon ball z
dog (mixed breed) (kemono friends)	385	kemono friends
kanzaki kaori	385	toaru majutsu no index, toaru majutsu no index: old testament
marvelous sunday (umamusume)	385	umamusume
misdreavus	385	pokemon
nitocris (swimsuit assassin) (second ascension) (fate)	385	fate/grand order, fate (series)
artoria caster (third ascension) (fate)	384	fate/grand order, fate (series)
de ruyter (kancolle)	384	kantai collection
ebisuzawa kurumi	384	gakkou gurashi!
gentilhomme usher	384	genshin impact
haruno haruka	384	go! princess precure, precure
ibara mayaka	384	hyouka
nihilego	384	pokemon, pokemon sm
shauntal (pokemon)	384	pokemon, pokemon bw
waltrud krupinski	384	world witches series, brave witches
aoyagi touya	383	project sekai
archetto (arknights)	383	arknights
catria (fire emblem)	383	fire emblem, fire emblem: mystery of the emblem, fire emblem heroes
elf (dragon's crown)	383	dragon's crown
executor (arknights)	383	arknights
kinshi no ane (92m)	383	original
marina (fear & hunger)	383	fear & hunger 2: termina
melusine (second ascension) (fate)	383	fate/grand order, fate (series)
roxanne (pokemon)	383	pokemon, pokemon oras
airi (queen's blade)	382	queen's blade
bartz klauser	382	final fantasy, final fantasy v, dissidia final fantasy
helena (kancolle)	382	kantai collection
kanamori sayaka	382	eizouken ni wa te wo dasu na!
kon kanaho	382	assault lily
m4a1 (mod3) (girls' frontline)	382	girls' frontline
matsukai mao	382	nijisanji
nena trinity	382	gundam, gundam 00
suo sango	382	nijisanji
tieria erde	382	gundam, gundam 00
yak (kemono friends)	382	kemono friends, kemono friends 3
hinoka (fire emblem)	381	fire emblem, fire emblem fates, fire emblem heroes
mina (blue archive)	381	blue archive
nearl the radiant knight (arknights)	381	arknights
ortlinde (fate)	381	fate/grand order, fate (series)
palla (fire emblem)	381	fire emblem, fire emblem: mystery of the emblem, fire emblem heroes
atalanta alter (fate)	380	fate (series), fate/grand order, fate/apocrypha
cure sunshine	380	heartcatch precure!, precure
frankenstein's monster	380	
jean (sea breeze dandelion) (genshin impact)	380	genshin impact
kotori (takanashi kiara)	380	hololive, hololive english
m14 (girls' frontline)	380	girls' frontline
spider-man (2099)	380	marvel, spider-man (series), spider-verse
takanashi kiara (fever night)	380	hololive, hololive english
tinkaton	380	pokemon, pokemon sv
urbosa	380	the legend of zelda, the legend of zelda: breath of the wild
bell cranel	379	dungeon ni deai wo motomeru no wa machigatteiru darou ka
gold ship (run revolt launcher) (umamusume)	379	umamusume
pien cat (needy girl overdose)	379	needy girl overdose
privaty (nikke)	379	goddess of victory: nikke
protagonist 3 (housamo)	379	tokyo afterschool summoners
shirakami fubuki (fubukitek)	379	hololive
sirin	379	honkai (series), honkai impact 3rd
takozonesu	379	splatoon (series), splatoon 1
wild geese	379	gochuumon wa usagi desu ka?
3.1-tan	378	os-tan
aesc (rain witch) (fate)	378	fate/grand order, fate (series)
alcremie (strawberry sweet)	378	pokemon
aono miki	378	fresh precure!, precure
fischl (ein immernachtstraum) (genshin impact)	378	genshin impact
kitagawa yuusuke	378	persona, persona 5
vox akuma	378	nijisanji, nijisanji en
andrew graves	377	the coffin of andy and leyley
edna (tales)	377	tales of (series), tales of zestiria
emily stewart	377	idolmaster, idolmaster million live!, idolmaster million live! theater days
lize helesta (1st costume)	377	nijisanji
lucca ashtear	377	chrono trigger
nishikata	377	karakai jouzu no takagi-san
otter spirit (touhou)	377	touhou
sky striker ace - raye	377	yu-gi-oh!
thrud (fate)	377	fate/grand order, fate (series)
chloe (fire emblem)	376	fire emblem, fire emblem engage
doma umaru	376	himouto! umaru-chan
felicia (fire emblem)	376	fire emblem, fire emblem fates
frenda seivelun	376	toaru majutsu no index, toaru kagaku no railgun, toaru kagaku no railgun t
hachune miku	376	vocaloid
k1-b0	376	danganronpa (series), danganronpa v3: killing harmony
little bel (azur lane)	376	azur lane
mori calliope (sleepwear)	376	hololive, hololive english
okita j. souji (first ascension) (fate)	376	fate (series), fate/grand order
seele vollerei (starchasm nyx)	376	honkai (series), honkai impact 3rd
shenhe (frostflower dew) (genshin impact)	376	genshin impact
berserker (fate/zero)	375	fate (series), fate/zero, fate/grand order
draco centauros	375	puyopuyo, madou monogatari
estelle bright	375	eiyuu densetsu, sora no kiseki
gavis bettel	375	holostars, holostars english
hawawa-chan (shiro kuma shake)	375	original
hirato (kancolle)	375	kantai collection
komakusa sannyo	375	touhou
new jersey (exhilarating steps!) (azur lane)	375	azur lane
ragna the bloodedge	375	blazblue
suzumura sango	375	precure, tropical-rouge! precure
usugumo (kancolle)	375	kantai collection
abigail williams (emerald float) (fate)	374	fate/grand order, fate (series)
alucard (hellsing)	374	hellsing
america (hetalia)	374	axis powers hetalia
einhard stratos	374	lyrical nanoha, mahou shoujo lyrical nanoha vivid
iron man	374	marvel, avengers (series), marvel cinematic universe
mademoiselle crabaletta	374	genshin impact
pallas (arknights)	374	arknights
syndra	374	league of legends
udagawa tomoe	374	bang dream!
vf-1	374	macross, choujikuu yousai macross, macross: do you remember love?
annie (league of legends)	373	league of legends
kirito (sao-ggo)	373	sword art online
marie rose (devilish servant against the splashing waves)	373	dead or alive, dead or alive 5
rina atherina	373	original
toyama kasumi	373	bang dream!
yu mei-ren (first ascension) (fate)	373	fate/grand order, fate (series)
bronya zaychik (herrscher of reason)	372	honkai (series), honkai impact 3rd
dedenne	372	pokemon, pokemon (anime)
garry (ib)	372	ib (kouri)
hibiki yuuta	372	gridman universe, ssss.gridman
hisuian zorua	372	pokemon, pokemon legends: arceus
inugami korone (loungewear)	372	hololive
parlor dragonmaid	372	yu-gi-oh!
paya (zelda)	372	the legend of zelda, the legend of zelda: breath of the wild
reno (azur lane)	372	azur lane
tsukimiya ayu	372	kanon
agnes tachyon (lunatic lab) (umamusume)	371	umamusume
american beaver (kemono friends)	371	kemono friends
chiaki (blue archive)	371	blue archive
rom (neptunia)	371	neptune (series)
sei shounagon (first ascension) (fate)	371	fate (series), fate/grand order
shibuki ran	371	aikatsu! (series), aikatsu!
shiro (no game no life)	371	no game no life
snowball (overwatch)	371	overwatch, overwatch 1
fran (ff12)	370	final fantasy, final fantasy xii
llenn (sao)	370	sword art online, sword art online alternative: gun gale online
nero (devil may cry)	370	devil may cry (series), devil may cry 5, devil may cry 4
sessyoin kiara (swimsuit mooncancer) (second ascension)	370	fate/grand order, fate (series)
yukikaze panettone	370	dog days
hatsune (princess connect!)	369	princess connect!
judith (tales)	369	tales of (series), tales of vesperia
lass (pokemon)	369	pokemon, pokemon swsh
pina (sao)	369	sword art online
pipkin pippa	369	phase connect
rukkhadevata (genshin impact)	369	genshin impact
sakuranomiya maika	369	blend s
apricot the lich	368	vshojo
delphox	368	pokemon
doomguy	368	doom (series), doom eternal
feldt grace	368	gundam, gundam 00
ichinose kotomi	368	clannad
sakaki (azumanga daioh)	368	azumanga daioh
serie (sousou no frieren)	368	sousou no frieren
servbot (mega man)	368	mega man (series), mega man legends (series)
sof (blue archive)	368	blue archive
staryu	368	pokemon, pokemon (anime)
tirpitz (azur lane)	368	azur lane
yorktown (azur lane)	368	azur lane
yukikaze (azur lane)	368	azur lane
archetype earth	367	tsukihime, fate (series), fate/grand order
cure miracle	367	mahou girls precure!, precure
houshou marine (nun)	367	hololive
jabami yumeko	367	kakegurui
mochizuki honami	367	project sekai
okita souji alter (first ascension) (fate)	367	fate (series), fate/grand order, koha-ace
rorolina frixell	367	atelier (series), atelier rorona, atelier totori
shirogane miyuki	367	kaguya-sama wa kokurasetai ~tensai-tachi no renai zunousen~
takei hisa	367	saki (manga)
boota (ttgl)	366	tengen toppa gurren lagann
konngara (touhou)	366	touhou, touhou (pc-98)
luz noceda	366	the owl house
natsuiro matsuri (matsuri's day off)	366	hololive
shiratori aira (dandadan)	366	dandadan
tiffania westwood	366	zero no tsukaima
vignette tsukinose april	366	gabriel dropout
yahagi kai ni (kancolle)	366	kantai collection
aliza (granblue fantasy)	365	granblue fantasy
buttercup (ppg)	365	powerpuff girls
cure butterfly	365	hirogaru sky! precure, precure
destroyer princess	365	kantai collection
duramente (umamusume)	365	umamusume
evil twin lil-la	365	yu-gi-oh!
felix argyle	365	re:zero kara hajimeru isekai seikatsu
hubert von vestra	365	fire emblem, fire emblem: three houses
klee (blossoming starlight) (genshin impact)	365	genshin impact
renge (blue archive)	365	blue archive
sakurai rihoko	365	amagami
sena (blue archive)	365	blue archive
trish una	365	jojo no kimyou na bouken, vento aureo
ayanami kai ni (kancolle)	364	kantai collection
chou-10cm-hou-chan	364	kantai collection
dola (nijisanji)	364	nijisanji
k.s.miracle (umamusume)	364	umamusume
suzu (cookie)	364	cookie (touhou), touhou
bondrewd	363	made in abyss
ceylon (arknights)	363	arknights
maryland (kancolle)	363	kantai collection
mast (nikke)	363	goddess of victory: nikke
messmer the impaler	363	elden ring, elden ring: shadow of the erdtree
vermeil (arknights)	363	arknights
amayadori machi	362	kumamiko
hero's daughter (dq5)	362	dragon quest, dragon quest v
naruko (naruto)	362	naruto (series), naruto, naruto shippuuden
sela (23)	362	original
societte (granblue fantasy)	362	granblue fantasy
yotsuba alice	362	dokidoki! precure, precure
artoria caster (first ascension) (fate)	361	fate/grand order, fate (series)
grim aloe	361	quiz magic academy the world evolve, quiz magic academy, bombergirl
kinako (40hara)	361	original
kobo kanaeru (1st costume)	361	hololive, hololive indonesia, hololive english
ntw-20 (girls' frontline)	361	girls' frontline
regulus (reverse:1999)	361	reverse:1999
adachi tooru	360	persona, persona 4
fujiwara hajime	360	idolmaster, idolmaster cinderella girls
gigi murin (1st costume)	360	hololive, hololive english
giovanna (guilty gear)	360	guilty gear, guilty gear strive
hei (darker than black)	360	darker than black
kafu (cevio)	360	cevio, kamitsubaki studio
kenmochi touya	360	nijisanji
musashi kai (kancolle)	360	kantai collection
noelle silva	360	black clover
princess bonnibel bubblegum	360	adventure time
protagonist (metaphor: refantazio)	360	metaphor: refantazio
tadano hitohito	360	komi-san wa komyushou desu
bronya zaychik (herrscher of truth)	359	honkai (series), honkai impact 3rd
director chimera (spy x family)	359	spy x family
kotama (blue archive)	359	blue archive
kromer (project moon)	359	limbus company, project moon
lee-enfield (girls' frontline)	359	girls' frontline
mickey mouse	359	disney, touhou
nagayoshi subaru	359	idolmaster, idolmaster million live!, idolmaster million live! theater days
necro (guilty gear)	359	guilty gear, guilty gear xrd
rita mordio	359	tales of (series), tales of vesperia
sono midoriko	359	girls und panzer
crocodile (one piece)	358	one piece
hinamori amu	358	shugo chara!
k/da ahri	358	league of legends
master (vocaloid)	358	vocaloid
metal sonic	358	sonic (series)
ol-chan (oouso)	358	original
pavolia reine (1st costume)	358	hololive, hololive indonesia
seeu	358	vocaloid
selena (pgr)	358	punishing: gray raven
souya (kancolle)	358	kantai collection
wicke (pokemon)	358	pokemon, pokemon sm
yellow (among us)	358	among us, original
akatsuki kai ni (kancolle)	357	kantai collection
ana (overwatch)	357	overwatch, overwatch 1
ark royal (azur lane)	357	azur lane
hibiscus (arknights)	357	arknights
hikami sumire	357	aikatsu! (series), aikatsu!
isabella valentine	357	soulcalibur, soulcalibur iv
marui mitsuba	357	mitsudomoe (manga)
perseus (unfamiliar duties) (azur lane)	357	azur lane
provence (arknights)	357	arknights
ram (neptunia)	357	neptune (series)
yu mei-ren (third ascension) (fate)	357	fate/grand order, fate (series)
akagi ritsuko	356	neon genesis evangelion
azuma (azur lane)	356	azur lane
bottle miku	356	vocaloid
coyote (kemono friends)	356	kemono friends, kemono friends v project
fukae (kancolle)	356	kantai collection
futatsuiwa mamizou (human)	356	touhou
himekawa yoshino	356	date a live
himemiya anthy	356	shoujo kakumei utena
laharl	356	disgaea, disgaea d2, makai senki disgaea
miraidon	356	pokemon, pokemon sv
plasma-chan (kancolle)	356	kantai collection
saitou ena	356	yurucamp
seele vollerei (swallowtail phantasm)	356	honkai (series), honkai impact 3rd
sharkboo (zenless zone zero)	356	zenless zone zero
shidou irina	356	high school dxd
subaru nakajima	356	lyrical nanoha, mahou shoujo lyrical nanoha strikers
aircraft carrier princess	355	kantai collection
hiodoshi ao (1st costume)	355	hololive, hololive dev is
hk416 (black kitty's gift) (girls' frontline)	355	girls' frontline
hod (project moon)	355	project moon, lobotomy corporation, library of ruina
impa	355	the legend of zelda, the legend of zelda: breath of the wild, hyrule warriors: age of calamity
irelia	355	league of legends
nakajima (girls und panzer)	355	girls und panzer
ratna petit	355	nijisanji
tifa lockhart (shining spirit)	355	final fantasy, final fantasy vii, final fantasy vii remake
tosa (azur lane)	355	azur lane
yu mei-ren (swimsuit lancer) (fate)	355	fate/grand order, fate (series)
yuzuki yukari (shizuku)	355	voiceroid, a.i. voice
aina (mao lian)	354	original
angel girl (shimmer)	354	original
dracule mihawk	354	one piece
dragonair	354	pokemon
hinase (cookie)	354	cookie (touhou), touhou
majikina mina	354	samurai spirits, snk
myrrh (fire emblem)	354	fire emblem, fire emblem: the sacred stones, fire emblem heroes
nakagawa nana	354	love live!, love live! nijigasaki high school idol club
toudou shimako	354	maria-sama ga miteru
ushiwakamaru (swimsuit assassin) (fate)	354	fate/grand order, fate (series)
alisa southerncross	353	keroro gunsou
cleopatra (fate)	353	fate/grand order, fate (series)
karenina (pgr)	353	punishing: gray raven
plusle	353	pokemon
saemonza (girls und panzer)	353	girls und panzer
skitty	353	pokemon
uzumaki boruto	353	naruto (series), boruto: naruto next generations, naruto
baizhu (genshin impact)	352	genshin impact
black-tailed prairie dog (kemono friends)	352	kemono friends
hachiouji naoto	352	ijiranaide nagatoro-san
hortensia (fire emblem)	352	fire emblem, fire emblem engage
lunch (dragon ball)	352	dragon ball, dragon ball (classic)
red blood cell (hataraku saibou)	352	hataraku saibou
shirabe ako	352	precure, suite precure
takasu ryuuji	352	toradora!
threo (granblue fantasy)	352	granblue fantasy
yamato-no-kami yasusada	352	touken ranbu
yozakura (senran kagura)	352	senran kagura, senran kagura shinovi versus
dancer (final fantasy)	351	final fantasy, final fantasy xiv
elizabeth liones	351	nanatsu no taizai
flint (girls und panzer)	351	girls und panzer
griseo (starry impression)	351	honkai (series), honkai impact 3rd
hanzo (overwatch)	351	overwatch, overwatch 1
hiei kai ni (kancolle)	351	kantai collection
himemori luna (sundress)	351	hololive
starscream	351	transformers, transformers: generation 1
ump40 (girls' frontline)	351	girls' frontline
cham cham	350	samurai spirits, snk
common dolphin (kemono friends)	350	kemono friends, kemono friends 3
kawakaze kai ni (kancolle)	350	kantai collection
leina (queen's blade)	350	queen's blade
mulberry (arknights)	350	arknights
saikawa riko	350	kobayashi-san chi no maidragon
saniwa (touken ranbu)	350	touken ranbu
scarle yonaguni	350	nijisanji, nijisanji en
sesshoumaru	350	inuyasha
shaw (arknights)	350	arknights
south dakota (azur lane)	350	azur lane
tokitou muichirou	350	kimetsu no yaiba
tsutsukakushi tsukiko	350	hentai ouji to warawanai neko.
akuma (street fighter)	349	street fighter
incineroar	349	pokemon
katarina claes	349	otome game no hametsu flag shika nai akuyaku reijou ni tensei shite shimatta
luxray	349	pokemon
mihama chiyo	349	azumanga daioh
milim nava	349	tensei shitara slime datta ken
ogami tamaki	349	idolmaster, idolmaster million live!, idolmaster million live! theater days
sagiri kai (swimsuit mode) (kancolle)	349	kantai collection
tatebayashi sakurako	349	kantai collection
yagami makino	349	idolmaster, idolmaster cinderella girls
ansel (arknights)	348	arknights
green heart (neptunia)	348	neptune (series)
iris (konosuba)	348	kono subarashii sekai ni shukufuku wo!
kaede johan nouvel	348	assault lily
maria marionette	348	nijisanji, nijisanji en
saria (zelda)	348	the legend of zelda, the legend of zelda: ocarina of time
sturm (granblue fantasy)	348	granblue fantasy
yoneme mei	348	love live!, love live! superstar!!
candice (pokemon)	347	pokemon, pokemon dppt
cerebella (skullgirls)	347	skullgirls
cornelia li britannia	347	code geass
kotozume yukari	347	kirakira precure a la mode, precure
minun	347	pokemon
mogador (azur lane)	347	azur lane
silver the hedgehog	347	sonic (series)
ho-oh	346	pokemon
kurokawa eren	346	precure, suite precure
manaka non	346	pretty series, pripara
naoko (lynus)	346	original
noss (rariatto)	346	noss & zakuro, original
plume (arknights)	346	arknights
ray (arknights)	346	arknights
sariel (touhou)	346	touhou, touhou (pc-98)
shiokko (murasaki shion)	346	hololive
alisa reinford	345	eiyuu densetsu, sen no kiseki (series), sen no kiseki i
barghest (second ascension) (fate)	345	fate/grand order, fate (series)
ibaraki douji (swimsuit lancer) (fate)	345	fate/grand order, fate (series)
ivysaur	345	pokemon, super smash bros., pokemon frlg
north carolina (azur lane)	345	azur lane
perroccino (fuwamoco)	345	hololive, hololive english
sekiro	345	sekiro: shadows die twice
shaymin (land)	345	pokemon
spike spiegel	345	cowboy bebop
undine (guilty gear)	345	guilty gear, guilty gear xrd
yukihana lamy (loungewear)	345	hololive
zessica wong	345	aquarion (series), aquarion evol
fujimaru ritsuka (male) (decisive battle chaldea uniform)	344	fate/grand order, fate (series)
hanamichi ran	344	delicious party precure, precure
high priest (ragnarok online)	344	ragnarok online
kamille bidan	344	gundam, zeta gundam
m. bison	344	street fighter
meloetta (aria)	344	pokemon, vocaloid, project voltage
mikazuki munechika	344	touken ranbu
ogin (girls und panzer)	344	girls und panzer
saint-louis (azur lane)	344	azur lane
sitonai (fate)	344	fate/grand order, fate (series)
super sailor moon	344	bishoujo senshi sailor moon, bishoujo senshi sailor moon supers, bishoujo senshi sailor moon s
taihou (temptation on the sea breeze) (azur lane)	344	azur lane
yuuki rito	344	to love-ru, to love-ru darkness
glaucus (arknights)	343	arknights
grayfia lucifuge	343	high school dxd
sukoya kana (1st costume)	343	nijisanji
yumizuka satsuki	343	tsukihime, melty blood
gazer (monster girl encyclopedia)	342	monster girl encyclopedia
hamaguchi ayame	342	idolmaster, idolmaster cinderella girls
hasshaku-sama	342	original, 2channel
latifa fleuranza	342	amagi brilliant park
nino (fire emblem)	342	fire emblem, fire emblem: the blazing blade, fire emblem heroes
ookami mio (hololive summer 2019)	342	hololive
superman	342	dc comics, superman (series), batman (series)
tachibana taki	342	kimi no na wa.
antonio salieri (fate)	341	fate/grand order, fate (series)
santa alter	341	fate (series), fate/grand order
space ereshkigal (first ascension) (fate)	341	fate/grand order, fate (series)
theresa apocalypse (valkyrie pledge)	341	honkai (series), honkai impact 3rd
athrun zala	340	gundam, gundam seed, gundam seed freedom
haruhara haruko	340	flcl
hinatsuki mikan	340	machikado mazoku
illya (princess connect!)	340	princess connect!
momoka (blue archive)	340	blue archive
owari akane	340	danganronpa (series), danganronpa 2: goodbye despair
thistle (dungeon meshi)	340	dungeon meshi
udin (kureiji ollie)	340	hololive, hololive indonesia
adachi sakura	339	adachi to shimamura
baobhan sith (second ascension) (fate)	339	fate/grand order, fate (series)
if (neptunia)	339	neptune (series)
mine fujiko	339	lupin iii
mizuhara koyomi	339	azumanga daioh
raiden (metal gear)	339	metal gear (series), metal gear rising: revengeance
rozalin	339	disgaea, makai senki disgaea 2
sayama saho (gibagiba)	339	original
cheelai	338	dragon ball, dragon ball super, dragon ball super broly
hermione granger	338	harry potter (series), wizarding world
kfp employee (takanashi kiara)	338	hololive, hololive english
mysterious heroine x alter (second ascension) (fate)	338	fate (series), fate/grand order
one (cevio)	338	cevio, vocaloid
prince of lan ling (fate)	338	fate/grand order, fate (series)
serena (yu-gi-oh!)	338	yu-gi-oh!, yu-gi-oh! arc-v
sheffield (kancolle)	338	kantai collection
sommie (fire emblem)	338	fire emblem, fire emblem engage, fire emblem heroes
takane (blue archive)	338	blue archive
alear (male) (fire emblem)	337	fire emblem, fire emblem engage
alicia (granblue fantasy)	337	granblue fantasy
closure (arknights)	337	arknights
dobermann (arknights)	337	arknights
eri (boku no hero academia)	337	boku no hero academia
lance (pokemon)	337	pokemon, pokemon hgss
luocha (honkai: star rail)	337	honkai: star rail, honkai (series)
marie antoinette (swimsuit caster) (fate)	337	fate (series), fate/grand order
momose ginko	337	link! like! love live!, love live!
sakurai touko	337	senpai ga uzai kouhai no hanashi
takino tomo	337	azumanga daioh
thunder (girls' frontline)	337	girls' frontline
ukuru (kancolle)	337	kantai collection
ushiromiya jessica	337	umineko no naku koro ni
akebono kai ni (kancolle)	336	kantai collection
clark kent	336	dc comics, superman (series), my adventures with superman
fletcher mk ii (kancolle)	336	kantai collection
isolde (reverse:1999)	336	reverse:1999
kagura (azumanga daioh)	336	azumanga daioh
kama (swimsuit avenger) (third ascension) (fate)	336	fate (series), fate/grand order
kira yoshikage	336	jojo no kimyou na bouken, diamond wa kudakenai
princess of moonbrook	336	dragon quest, dragon quest ii
red xiii	336	final fantasy, final fantasy vii, final fantasy vii remake
riliane lucifen d'autriche	336	vocaloid, evillious nendaiki, aku no musume (vocaloid)
zenobia (fate)	336	fate/grand order, fate (series)
darkrai	335	pokemon
kawashima mizuki	335	idolmaster, idolmaster cinderella girls
mudrock (obsidian) (arknights)	335	arknights
sf-a2 miki	335	vocaloid
snow white (nikke)	335	goddess of victory: nikke
klan klein	334	macross, macross frontier
pyro (tf2)	334	team fortress 2
robin hood (fate)	334	fate (series), fate/grand order, fate/extra
silica (sao-alo)	334	sword art online, sword art online: code register
takane manaka	334	love plus
astaroth (shinrabanshou)	333	shinrabanshou
beanstalk (arknights)	333	arknights
chel (the road to el dorado)	333	the road to el dorado
ichigo (cookie)	333	cookie (touhou), touhou
koga koharu	333	idolmaster, idolmaster cinderella girls, idolmaster cinderella girls u149
majima goro	333	ryuu ga gotoku (series)
tachikawa mimi	333	digimon, digimon adventure
taihou (sweet time after school) (azur lane)	333	azur lane
yuki (touhou)	333	touhou, touhou (pc-98)
aircraft carrier oni	332	kantai collection
cellien (kemono friends)	332	kemono friends
edogawa conan	332	meitantei conan
hitotsuyanagi riri	332	assault lily
supply depot princess	332	kantai collection
asari nanami	331	idolmaster, idolmaster cinderella girls
blue mary	331	the king of fighters, fatal fury
brighid (xenoblade)	331	xenoblade chronicles (series), xenoblade chronicles 2
godsworn alexiel	331	granblue fantasy
goomy	331	pokemon
harmony (splatoon)	331	splatoon (series), splatoon 3
hataya misuzu	331	gakuen idolmaster, idolmaster
koshigaya komari	331	non non biyori
minea (dq4)	331	dragon quest, dragon quest iv
pikl (elira pendora)	331	nijisanji, nijisanji en
slowpoke	331	pokemon
gible	330	pokemon, pokemon dppt
kakyoin noriaki	330	jojo no kimyou na bouken, stardust crusaders
kirino (swimsuit) (blue archive)	330	blue archive
m950a (girls' frontline)	330	girls' frontline
moonlight flower	330	ragnarok online
morpeko (hangry)	330	pokemon, pokemon swsh
ooshio kai ni (kancolle)	330	kantai collection
pebble (koseki bijou)	330	hololive, hololive english
tokoyami towa (5th costume)	330	hololive
airani iofifteen (1st costume)	329	hololive, hololive indonesia
angela (seiken densetsu 3)	329	seiken densetsu, seiken densetsu 3
blossom (ppg)	329	powerpuff girls
butterfree	329	pokemon
gallagher (honkai: star rail)	329	honkai (series), honkai: star rail
handa roco	329	idolmaster, idolmaster million live!, idolmaster million live! theater days
hassan of the cursed arm (fate)	329	fate (series), fate/grand order, fate/stay night
kasumi (princess connect!)	329	princess connect!
kurumi (blue archive)	329	blue archive
muffet	329	undertale
nicholas d. wolfwood	329	trigun, trigun stampede
banana (girls' frontline)	328	girls' frontline
bay (nikke)	328	goddess of victory: nikke
hisuian typhlosion	328	pokemon, pokemon legends: arceus
kirishima kai ni (kancolle)	328	kantai collection
mary (nikke)	328	goddess of victory: nikke
miyauchi renge	328	non non biyori
namazuo toushirou	328	touken ranbu
sayaka (saru getchu)	328	saru getchu
suu (monster musume)	328	monster musume no iru nichijou
tsareena	328	pokemon
wolf (league of legends)	328	league of legends
yan qing (fate)	328	fate/grand order, fate (series)
yaotome urushi	328	soredemo ayumu wa yosetekuru
anastasia (swimsuit archer) (fate)	327	fate/grand order, fate (series)
astolfo (saber) (first ascension) (fate)	327	fate (series), fate/grand order
ayunda risu (1st costume)	327	hololive, hololive indonesia
fluttershy	327	my little pony, my little pony: friendship is magic
gotoh hitori (tsuchinoko)	327	bocchi the rock!
komekko	327	kono subarashii sekai ni shukufuku wo!
lila decyrus	327	atelier (series), atelier ryza, atelier ryza 1
nyotengu	327	dead or alive, dead or alive 5
oruyanke (shirakami fubuki)	327	hololive
san diego (azur lane)	327	azur lane
toon zelda	327	the legend of zelda, the legend of zelda: the wind waker, the legend of zelda: spirit tracks
a.b.a	326	guilty gear, guilty gear strive, guilty gear xx
amity blight	326	the owl house
kroos the keen glint (arknights)	326	arknights
kuramochi meruto	326	nijisanji
luca kaneshiro	326	nijisanji, nijisanji en
raiden mei (herrscher of origin)	326	honkai (series), honkai impact 3rd
rainbow dash	326	my little pony, my little pony: friendship is magic
shimushu (kancolle)	326	kantai collection
todoroki hajime (1st costume)	326	hololive, hololive dev is
wonder woman	326	dc comics, wonder woman (series)
yuri briar	326	spy x family
ampharos	325	pokemon
ayachi nene	325	sanoba witch
calstone light o (umamusume)	325	umamusume
cure march	325	precure, smile precure!
durandal (umamusume)	325	umamusume
evangeline a.k. mcdowell	325	mahou sensei negima!
evil twin ki-sikil	325	yu-gi-oh!
kaminari denki	325	boku no hero academia
kasumi kai ni (swimsuit mode) (kancolle)	325	kantai collection
kintsuba (shiranui flare)	325	hololive
kishibe (chainsaw man)	325	chainsaw man
miyagawa takane	325	assault lily
momomiya ichigo	325	tokyo mew mew
sushang (honkai: star rail)	325	honkai: star rail, honkai (series)
wobbuffet	325	pokemon, pokemon (anime)
ayane (swimsuit) (blue archive)	324	blue archive
corrin (female) (novice vacationer) (fire emblem)	324	fire emblem, fire emblem fates, fire emblem heroes
dabi (boku no hero academia)	324	boku no hero academia
eyjafjalla the hvit aska (arknights)	324	arknights
hippopotamus (kemono friends)	324	kemono friends
iguro obanai	324	kimetsu no yaiba
kiyohime (swimsuit lancer) (first ascension) (fate)	324	fate (series), fate/grand order
luna (pgr)	324	punishing: gray raven
marinette dupain-cheng	324	miraculous ladybug
menace (queen's blade)	324	queen's blade
nakano yuka	324	idolmaster, idolmaster cinderella girls
perfumer (arknights)	324	arknights
tendou nabiki	324	ranma 1/2
veronica (dq11)	324	dragon quest, dragon quest xi
yakumo yukari (young)	324	touhou
yuzuhara konomi	324	to heart (series), to heart 2
arbok	323	pokemon, kantai collection
arihara nanami	323	riddle joker
ex-rumia	323	touhou
ichika (1ssakawaguchi)	323	original
koyanskaya (chinese lostbelt outfit) (fate)	323	fate/grand order, fate (series)
lapis (fire emblem)	323	fire emblem, fire emblem engage
meiou setsuna	323	bishoujo senshi sailor moon
nelson (azur lane)	323	azur lane
son goten	323	dragon ball, dragon ball z
togekiss	323	pokemon
angelia (girls' frontline)	322	girls' frontline
asutora-chan	322	original
indianapolis (azur lane)	322	azur lane
kashuu kiyomitsu	322	touken ranbu
mikura (kancolle)	322	kantai collection
mujina	322	gridman universe, ssss.dynazenon
rindou mikoto (1st costume)	322	nijisanji
rinoa heartilly	322	final fantasy, final fantasy viii
sableye	322	pokemon
urushibara ruka	322	steins;gate
yakishio lemon	322	make heroine ga oo sugiru!
airi (the infernal temptress)	321	queen's blade
genos	321	one-punch man
hoshimi junna	321	shoujo kageki revue starlight
kirakishou	321	rozen maiden
kudelia aina bernstein	321	gundam, gundam tekketsu no orphans
metera (granblue fantasy)	321	granblue fantasy
rizu-kyun	321	sono bisque doll wa koi wo suru
shinguuji sakura	321	sakura taisen
taiyou (kancolle)	321	kantai collection
urotsuki	321	yume 2kki
amasawa yuuko	320	dennou coil
deedlit	320	record of lodoss war
sussurro (summer flower) (arknights)	320	arknights
tailmon	320	digimon, digimon adventure
villetta nu	320	code geass
yagoo	320	hololive, hololive english
adeleine	319	kirby (series), kirby 64
anne bonny (fate)	319	fate (series), fate/grand order
cure happy	319	precure, smile precure!
flonne (fallen angel)	319	disgaea, makai senki disgaea
honolulu (umbrella girl) (azur lane)	319	azur lane
itou chika	319	ichigo mashimaro
kronie (ouro kronii)	319	hololive, hololive english
mahito (jujutsu kaisen)	319	jujutsu kaisen
papyrus (undertale)	319	undertale
sessyoin kiara (lily)	319	fate/grand order, fate (series)
suzuran (yukibare) (arknights)	319	arknights
takizawa asuka	319	precure, tropical-rouge! precure
aircraft carrier water oni	318	kantai collection
daiwa scarlet (trifle vacation) (umamusume)	318	umamusume
dokuro-kun (houshou marine)	318	hololive
emilico (shadows house)	318	shadows house
gascogne (azur lane)	318	azur lane
iwatani naofumi	318	tate no yuusha no nariagari
keroro	318	keroro gunsou
kurumi (touhou)	318	touhou, touhou (pc-98)
lady (devil may cry)	318	devil may cry (series), devil may cry 3
miyamoto musashi (first ascension) (fate)	318	fate/grand order, fate (series)
riolu	318	pokemon
ruru amour	318	precure, hugtto! precure
sampo koski	318	honkai: star rail, honkai (series)
shimamura hougetsu	318	adachi to shimamura
shirley fenette	318	code geass
takagi (tansuke)	318	original
thelema nutriscu	318	honkai (series), honkai impact 3rd
amanda o'neill	317	little witch academia
cecilia immergreen (1st costume)	317	hololive, hololive english
erika (blue archive)	317	blue archive
kaguya (blue archive)	317	blue archive
komaki manaka	317	to heart (series), to heart 2
minneapolis (azur lane)	317	azur lane
mitsugashira enoko	317	touhou
mizutani eri	317	idolmaster, idolmaster dearly stars
shigure kai san (swimsuit) (kancolle)	317	kantai collection
shinomiya runa	317	vspo!
xion (kingdom hearts)	317	kingdom hearts, kingdom hearts 358/2 days
constance von nuvelle	316	fire emblem, fire emblem: three houses
dainsleif (genshin impact)	316	genshin impact
futaba sana	316	magia record: mahou shoujo madoka magica gaiden, mahou shoujo madoka magica
kanae (nijisanji)	316	nijisanji
kasukabe tsumugi	316	voicevox
krul tepes	316	owari no seraph
lucia: plume (pgr)	316	punishing: gray raven
lumen (arknights)	316	arknights
lycanroc	316	pokemon
mina (pokemon)	316	pokemon, pokemon sm
sakamata chloe (jirai kei)	316	hololive
scizor	316	pokemon
tenochtitlan (second ascension) (fate)	316	fate/grand order, fate (series)
unohana retsu	316	bleach, bleach: sennen kessen-hen
angelina (distinguished visitor) (arknights)	315	arknights
aoyama sumika	315	original
asami sato	315	avatar legends, the legend of korra
ekko (league of legends)	315	league of legends, arcane: league of legends
malon	315	the legend of zelda, the legend of zelda: ocarina of time
misaki mei	315	another
miyamoto musashi (second ascension) (fate)	315	fate/grand order, fate (series)
natsuiro matsuri (casual)	315	hololive
regina (dokidoki! precure)	315	dokidoki! precure, precure
rimuru tempest (slime)	315	tensei shitara slime datta ken
shannon (umineko)	315	umineko no naku koro ni
wednesday addams	315	addams family, wednesday (netflix)
zain (omaru polka)	315	hololive
aak (arknights)	314	arknights
ariel (disney)	314	the little mermaid
astra militarum	314	warhammer 40k
brown long-eared bat (kemono friends)	314	kemono friends, kemono friends v project
citrinne (fire emblem)	314	fire emblem, fire emblem engage
fairy maid (touhou)	314	touhou
female saniwa (touken ranbu)	314	touken ranbu
hatsushimo kai ni (kancolle)	314	kantai collection
iws 2000 (girls' frontline)	314	girls' frontline
kagura hikari	314	shoujo kageki revue starlight
margay (kemono friends)	314	kemono friends
modernia (nikke)	314	goddess of victory: nikke
squirrel girl (marvel)	314	marvel, marvel rivals
xander (fire emblem)	314	fire emblem, fire emblem fates, fire emblem heroes
ae-3803	313	hataraku saibou
amagiri (kancolle)	313	kantai collection
captain america	313	marvel, avengers (series), marvel cinematic universe
cthugha (nyaruko-san)	313	haiyore! nyaruko-san
fie claussell	313	eiyuu densetsu, sen no kiseki (series), sen no kiseki i
hitachi mako	313	senren banka
joy (pokemon)	313	pokemon, pokemon (anime), pokemon (classic anime)
kasugano urara (yes! precure 5)	313	precure, yes! precure 5, yes! precure 5 gogo!
komori met	313	vspo!
kuo shenlin	313	assault lily
li sushang	313	honkai (series), honkai impact 3rd
luigi torelli (kancolle)	313	kantai collection
pumpkaboo	313	pokemon
soda kazuichi	313	danganronpa (series), danganronpa 2: goodbye despair
yoshinon	313	date a live
yukino bijin (umamusume)	313	umamusume
ace trainer (pokemon)	312	pokemon, pokemon bw
akatsuki uni	312	uni create
amami rantaro	312	danganronpa (series), danganronpa v3: killing harmony
espurr	312	pokemon, pokemon xy
hiro (hidamari sketch)	312	hidamari sketch
houston (kancolle)	312	kantai collection
kintoki (sakura miko)	312	hololive
kobayakawa yutaka	312	lucky star
kojo anna	312	nanashi inc., sugar lyric
ninetales	312	pokemon
pepe (arknights)	312	arknights
rikku (ff10)	312	final fantasy, final fantasy x, final fantasy x-2
soundwave (transformers)	312	transformers, transformers: generation 1
tanigawa kanna	312	ano natsu de matteru
tatsuta kai ni (kancolle)	312	kantai collection
united kingdom (hetalia)	312	axis powers hetalia
yua serufu	312	do it yourself!!
zoroark	312	pokemon
angelina (summer flower) (arknights)	311	arknights
chloe (pokemon)	311	pokemon, pokemon (anime), pokemon journeys
fujino shizuru	311	my-hime
haruna (2016 swimsuit mode) (kancolle)	311	kantai collection
houndoom	311	pokemon
inukai iroha	311	precure, wonderful precure!
joltik	311	pokemon
lady avalon (second ascension) (fate)	311	fate/grand order, fate (series)
lize helesta (4th costume)	311	nijisanji
miteiru (shirakami fubuki)	311	hololive
naga (nikke)	311	goddess of victory: nikke
nozomi (princess connect!)	311	princess connect!
ryu lion	311	dungeon ni deai wo motomeru no wa machigatteiru darou ka
shikanoko noko	311	shikanoko nokonoko koshitantan
sophitia alexandra	311	soulcalibur
timerra (fire emblem)	311	fire emblem, fire emblem engage
wendy marvell	311	fairy tail
ajaw (genshin impact)	310	genshin impact
bubbles (ppg)	310	powerpuff girls
fartooth (arknights)	310	arknights
jashin-chan	310	jashin-chan dropkick
maruyama saki	310	girls und panzer
pleinair	310	disgaea, original
ppk (girls' frontline)	310	girls' frontline
shinomiya himawari	310	vividred operation
snom	310	pokemon
voyager (fate)	310	fate (series), fate/grand order, fate/requiem
warabeda meiji	310	nijisanji
yakushiji saaya	310	precure, hugtto! precure
chris (konosuba)	309	kono subarashii sekai ni shukufuku wo!
dark knight (final fantasy)	309	final fantasy, final fantasy xiv
madoka aguri	309	dokidoki! precure, precure
miyu edelfelt (beast style)	309	fate (series), fate/kaleid liner prisma illya
portland (azur lane)	309	azur lane
severa (fire emblem)	309	fire emblem, fire emblem awakening
tachibana momoka (bubukka)	309	original
zaku	309	gundam, mobile suit gundam
anya melfissa (1st costume)	308	hololive, hololive indonesia
ashe (league of legends)	308	league of legends
b.b. hood	308	darkstalkers
female tourist c (arknights)	308	arknights
glimmer (xenoblade)	308	xenoblade chronicles (series), xenoblade chronicles 3, xenoblade chronicles 3: future redeemed
himemiya chikane	308	kannazuki no miko
hiramitsu hinata	308	healin' good precure, precure
izmir	308	granblue fantasy
maiden (nikke)	308	goddess of victory: nikke
puyo (puyopuyo)	308	puyopuyo, madou monogatari
shiragiku hotaru	308	idolmaster, idolmaster cinderella girls
starmie	308	pokemon
t-elos	308	xenosaga, xenosaga episode iii
tategami aoi	308	kirakira precure a la mode, precure
tristana (league of legends)	308	league of legends
yaeno muteki (umamusume)	308	umamusume
yagami light	308	death note
chacha (fate)	307	fate/grand order, fate (series), koha-ace
hazawa tsugumi	307	bang dream!
igawa sakura	307	taimanin (series), taimanin asagi
ikaros	307	sora no otoshimono
menat	307	street fighter, street fighter v
poyoyo (nakiri ayame)	307	hololive
utane uta	307	utau
velma dinkley	307	scooby-doo
yune (fire emblem)	307	fire emblem, fire emblem: radiant dawn, fire emblem heroes
yuzuki roa	307	nijisanji
chaika trabant	306	hitsugi no chaika
cure sunny	306	precure, smile precure!
diglett	306	pokemon
eisen (sousou no frieren)	306	sousou no frieren
fubuzilla (shirakami fubuki)	306	hololive
kumano kai ni (kancolle)	306	kantai collection
luigi di savoia duca degli abruzzi (kancolle)	306	kantai collection
mikisugi aikurou	306	kill la kill
natsu dragneel	306	fairy tail
nori (hidamari sketch)	306	hidamari sketch
ogata hyakunosuke	306	golden kamuy
rita rossweisse (umbral rose)	306	honkai (series), honkai impact 3rd
robin (female) (seaside tactician) (fire emblem)	306	fire emblem, fire emblem awakening, fire emblem heroes
shizuko (swimsuit) (blue archive)	306	blue archive
white lion (kemono friends)	306	kemono friends, kemono friends 3
wishiwashi	306	pokemon, pokemon sm
zaizen tokiko	306	idolmaster, idolmaster cinderella girls
zeta (summer) (granblue fantasy)	306	granblue fantasy
crimvael	305	ishuzoku reviewers
crownslayer (arknights)	305	arknights
guinaifen (honkai: star rail)	305	honkai: star rail, honkai (series)
hydreigon	305	pokemon
jellyfish (splatoon)	305	splatoon (series)
kinoshita hideyoshi	305	baka to test to shoukanjuu
mineta minoru	305	boku no hero academia
mochizuki ryouji	305	persona, persona 3, persona 3 portable
nu gundam	305	gundam, char's counterattack
pollux (fate)	305	fate (series), fate/grand order
sakamata chloe (gyarumata)	305	hololive
saotome alto	305	macross, macross frontier
skadi the corrupting heart (sublimation) (arknights)	305	arknights
zombie fairy (touhou)	305	touhou
baobhan sith (swimsuit pretender) (third ascension) (fate)	304	fate/grand order, fate (series)
dottore (genshin impact)	304	genshin impact
elie macdowell	304	eiyuu densetsu, zero no kiseki, ao no kiseki
hildr (fate)	304	fate/grand order, fate (series)
i-203 (kancolle)	304	kantai collection
komichi aya	304	kin-iro mosaic
kushieda minori	304	toradora!
label girl (dipp)	304	touhou, dolls in pseudo paradise
leoparde (mahou shoujo ni akogarete)	304	mahou shoujo ni akogarete
mejiro mcqueen (ripple fairlady) (umamusume)	304	umamusume
mouri ran	304	meitantei conan
nu-13	304	blazblue
okita souji alter (second ascension) (fate)	304	fate (series), fate/grand order
pac-man	304	pac-man (game), mario (series), super smash bros.
parasoul (skullgirls)	304	skullgirls
sneasel	304	pokemon
toudou aoi (jujutsu kaisen)	304	jujutsu kaisen
trucy wright	304	ace attorney, apollo justice: ace attorney
vittorio veneto (azur lane)	304	azur lane
wang liu mei	304	gundam, gundam 00
xp-tan	304	os-tan
youko (girls und panzer)	304	girls und panzer
araiguma-san	303	original
artoria pendragon (swimsuit archer) (first ascension) (fate)	303	fate (series), fate/grand order
atsuko (swimsuit) (blue archive)	303	blue archive
baltimore (finish line flagbearer) (azur lane)	303	azur lane
ben bigger	303	zenless zone zero
captain falcon	303	f-zero, super smash bros., mario (series)
child gilgamesh (fate)	303	fate (series), fate/grand order, fate/hollow ataraxia
exiled warrior leina	303	queen's blade
foo fighters (jojo)	303	jojo no kimyou na bouken, stone ocean
fukuji mihoko	303	saki (manga)
gotoh futari	303	bocchi the rock!
maruruk	303	made in abyss
morgan le fay (queen of winter) (fate)	303	fate/grand order, fate (series)
nyatasha nyanners	303	vshojo
ogasawara sachiko	303	maria-sama ga miteru
pandoria (xenoblade)	303	xenoblade chronicles (series), xenoblade chronicles 2
seiren (suite precure)	303	precure, suite precure
vestia zeta (1st costume)	303	hololive, hololive indonesia
anya alstreim	302	code geass
beni-enma (first ascension)	302	fate (series), fate/grand order
caulifla	302	dragon ball, dragon ball super
fal (girls' frontline)	302	girls' frontline
fujimoto rina	302	idolmaster, idolmaster cinderella girls
goblin slayer	302	goblin slayer!
hamuzou	302	idolmaster, idolmaster (classic)
hugh (pokemon)	302	pokemon, pokemon bw2
koharu rikka	302	cevio, synthesizer v
kurugaya yuiko	302	little busters!
little blue whale (kancolle)	302	kantai collection
masurao (sekaiju)	302	sekaiju no meikyuu, sekaiju no meikyuu 5
monarch (azur lane)	302	azur lane
murakami (girls und panzer)	302	girls und panzer
zoya petrovna vecheslova	302	original
anthuria	301	granblue fantasy
cheese-kun	301	code geass, pizza hut
cheria barnes	301	tales of (series), tales of graces
irene (kanniiepan)	301	original
ishigami nozomi	301	nijisanji
jailbird (nerissa ravencroft)	301	hololive, hololive english
kitchen dragonmaid	301	yu-gi-oh!
kusugawa sasara	301	to heart (series), to heart 2
malenia goddess of rot	301	elden ring
misora (princess connect!)	301	princess connect!
seras victoria	301	hellsing
shigaraki tomura	301	boku no hero academia
syuen (nikke)	301	goddess of victory: nikke
tio plato	301	eiyuu densetsu, zero no kiseki, ao no kiseki
tsuyuzaki mahiru	301	shoujo kageki revue starlight
aoba kokona	300	yama no susume
azumi (girls und panzer)	300	girls und panzer
blind girl (popopoka)	300	original
dark elven forest ranger	300	last origin
edytha rossmann	300	world witches series, brave witches
ene (kagerou project)	300	kagerou project
hecatia lapislazuli (earth)	300	touhou
heiter	300	sousou no frieren
hero (headspace) (omori)	300	omori
illyasviel von einzbern (swimsuit archer)	300	fate (series), fate/grand order
inaba mob (touhou)	300	touhou
k2 (girls' frontline)	300	girls' frontline
leo (fire emblem fates)	300	fire emblem, fire emblem fates
mother (yoru mac)	300	yoru mac, mcdonald's
mount lady	300	boku no hero academia
nero claudius (bride) (third ascension) (fate)	300	fate (series), fate/extra, fate/extra ccc
ozora akari	300	aikatsu! (series), aikatsu!
purple sister	300	neptune (series)
tomoe (queen's blade)	300	queen's blade
amiya (medic) (arknights)	299	arknights, ambience synesthesia
cardigan (arknights)	299	arknights
ciel phantomhive	299	kuroshitsuji
frankie foster	299	foster's home for imaginary friends
iwasaki minami	299	lucky star
kaya (blue archive)	299	blue archive
leopard (yatterman)	299	yoru no yatterman, time bokan (series), yatterman
mochizuki chiyome (fate)	299	fate/grand order, fate (series)
morte (arknights)	299	arknights
myoukou kai ni (kancolle)	299	kantai collection
namine	299	kingdom hearts, kingdom hearts ii
ooba minori	299	original
sawaizumi chiyu	299	healin' good precure, precure
diantha (pokemon)	298	pokemon, pokemon xy
eugeo	298	sword art online, sword art online: alicization
fubuki (spring mode) (kancolle)	298	kantai collection
hornet (azur lane)	298	azur lane
ike eveland	298	nijisanji, nijisanji en
jacques de molay (foreigner) (fate)	298	fate/grand order, fate (series)
laura matsuda	298	street fighter, street fighter v
mash kyrielight (ortenaus)	298	fate/grand order, fate (series)
mineva lao zabi	298	gundam, gundam unicorn
morgana (league of legends)	298	league of legends
rinpoo chuan	298	breath of fire, breath of fire ii
seki hiromi	298	idolmaster, idolmaster cinderella girls
tokiha mai	298	my-hime
akiyama rinko	297	taimanin (series), taimanin yukikaze
balalaika (black lagoon)	297	black lagoon
hoso-inu	297	hololive
ikeda chitose	297	yuru yuri
masurao 2 (sekaiju)	297	sekaiju no meikyuu, sekaiju no meikyuu 5
merlin (fate/prototype) (second ascension)	297	fate/grand order, fate (series), fate/grand order arcade
morgan le fay (water princess) (fate)	297	fate/grand order, fate (series)
shalltear bloodfallen	297	overlord (maruyama)
shy (character)	297	shy (series)
suicune	297	pokemon
sword maiden	297	goblin slayer!
ushiwakamaru (swimsuit assassin) (first ascension) (fate)	297	fate/grand order, fate (series)
yana (chihuri)	297	original
akumi (yoclesh)	296	vyugen, indie virtual youtuber
blaidd the half-wolf	296	elden ring
carmen (project moon)	296	project moon, lobotomy corporation
carrot (one piece)	296	one piece
cure heart	296	dokidoki! precure, precure
elbe (azur lane)	296	azur lane
emori miku	296	liver city
hiiragi shinoa	296	owari no seraph
iz (asteroid ill)	296	original
koromaru (persona)	296	persona, persona 3, persona 3 portable
lucas (mother 3)	296	mother (series), mother 3, mother 2
malkuth (project moon)	296	project moon, library of ruina, lobotomy corporation
ohr (blue archive)	296	blue archive
reticulated giraffe (kemono friends)	296	kemono friends
star nun (diva)	296	little nuns (diva)
aisaki emiru	295	precure, hugtto! precure
bradamante (first ascension) (fate)	295	fate/grand order, fate (series)
hoppip	295	pokemon
japan (hetalia)	295	axis powers hetalia
seta kaoru	295	bang dream!
yuri (dirty pair)	295	dirty pair
ancient princess menace	294	queen's blade
fiona frost	294	spy x family
florina (fire emblem)	294	fire emblem, fire emblem: the blazing blade
honebami toushirou	294	touken ranbu
hyuuga saki	294	precure, futari wa precure splash star, yes! precure 5
matsumae ohana	294	hanasaku iroha
melusine (swimsuit ruler) (first ascension) (fate)	294	fate/grand order, fate (series)
moze (honkai: star rail)	294	honkai: star rail, honkai (series)
nagato (great fox's respite) (azur lane)	294	azur lane
okazaki tomoya	294	clannad
ophelia phamrsolone	294	fate/grand order, fate (series)
prinz eugen (final lap) (azur lane)	294	azur lane
shimazu yoshino	294	maria-sama ga miteru
symmetra (overwatch)	294	overwatch, overwatch 1
titania (sao)	294	sword art online
yamakaze kai ni (kancolle)	294	kantai collection
yano erika	294	shirobako
young zelda	294	the legend of zelda, the legend of zelda: ocarina of time
aozaki touko	293	kara no kyoukai
argenti (honkai: star rail)	293	honkai: star rail, honkai (series)
barghest (swimsuit archer) (fate)	293	fate/grand order, fate (series)
dialga	293	pokemon
leona (league of legends)	293	league of legends
ri-class heavy cruiser	293	kantai collection
rurudo lion	293	indie virtual youtuber
zoe (league of legends)	293	league of legends
artorias the abysswalker	292	dark souls (series), dark souls i
asagami fujino	292	kara no kyoukai, fate (series), fate/grand order
murasaki (senran kagura)	292	senran kagura, senran kagura shinovi versus
murasaki shikibu (swimsuit rider) (fate)	292	fate/grand order, fate (series)
onitsuka natsumi	292	love live!, love live! superstar!!
riju	292	the legend of zelda, the legend of zelda: tears of the kingdom, the legend of zelda: breath of the wild
soul evans	292	soul eater
taliyah	292	league of legends
yamanouchi kano	292	yoru no kurage wa oyogenai
alolan exeggutor	291	pokemon, pokemon sm
ayase fuuka	291	yotsubato!
colette brunel	291	tales of (series), tales of symphonia
gebura (project moon)	291	project moon, library of ruina, lobotomy corporation
hindenburg (delirious duel) (azur lane)	291	azur lane
hoshizora ikuyo	291	precure, smile precure!
kenjou akira	291	precure, kirakira precure a la mode
kuroe shizuku	291	sono bisque doll wa koi wo suru
matsunaga ryo	291	idolmaster, idolmaster cinderella girls
miyazono kawori	291	shigatsu wa kimi no uso
nidalee	291	league of legends
oleana (pokemon)	291	pokemon, pokemon swsh
priest (ragnarok online)	291	ragnarok online
shirai yuyu	291	assault lily
sinder (vtuber)	291	indie virtual youtuber
takao (full throttle charmer) (azur lane)	291	azur lane
tamaki kotatsu	291	en'en no shouboutai
white (among us)	291	among us, original
zekrom	291	pokemon, pokemon bw
abigail williams (festival outfit) (fate)	290	fate/grand order, fate (series)
akane lize	290	stellive
akimoto komachi	290	precure, yes! precure 5, yes! precure 5 gogo!
battleship water oni	290	kantai collection
ellen (touhou)	290	touhou, touhou (pc-98)
employee (project moon)	290	project moon, lobotomy corporation
izumi yuki (heaven burns red)	290	heaven burns red
juri (blue archive)	290	blue archive
kei (dirty pair)	290	dirty pair
kel (headspace) (omori)	290	omori
makoto (genshin impact)	290	genshin impact
onodera kosaki	290	nisekoi
penthesilea (fate)	290	fate/grand order, fate (series)
ryomou shimei	290	ikkitousen
sumire (blue archive)	290	blue archive
tan yang (kancolle)	290	kantai collection
tetra	290	the legend of zelda, the legend of zelda: the wind waker
totoro	290	tonari no totoro
akershus fortress (oshiro project)	289	oshiro project:re
chimchar	289	pokemon, pokemon dppt
emma august	289	nijisanji
hayanami (kancolle)	289	kantai collection
hero (faraway) (omori)	289	omori
indomitable (ms. motivationless maid) (azur lane)	289	azur lane
ishtar (swimsuit rider) (fate)	289	fate (series), fate/grand order
kiryuuin ragyou	289	kill la kill
mikasa (azur lane)	289	azur lane
minase nayuki	289	kanon
rachel gardner	289	satsuriku no tenshi
red mage (final fantasy)	289	final fantasy, final fantasy xiv
shyrei faolan	289	indie virtual youtuber, vyugen
stella unibell	289	soulworker
sumeragi lee noriega	289	gundam, gundam 00
togata mirio	289	boku no hero academia
ushio (swimsuit mode) (kancolle)	289	kantai collection
ainz ooal gown	288	overlord (maruyama)
amada ken	288	persona, persona 3, persona 3 portable
bruno bucciarati	288	jojo no kimyou na bouken, vento aureo
casca (berserk)	288	berserk
destroyer (girls' frontline)	288	girls' frontline
douki-kun (douki-chan)	288	ganbare douki-chan
froakie	288	pokemon, pokemon xy
fu hua (shadow knight)	288	honkai (series), honkai impact 3rd
ichinose minori	288	precure, tropical-rouge! precure
ikari gendou	288	neon genesis evangelion
kanaria	288	rozen maiden
kunihiro hajime	288	saki (manga)
meltryllis (third ascension) (fate)	288	fate (series), fate/grand order, fate/extra
mitsumine mashiro	288	mikakunin de shinkoukei
momosuzu nene (casual)	288	hololive
ohishi izumi	288	idolmaster, idolmaster cinderella girls
sasaki kojirou (fate)	288	fate (series), fate/stay night, fate/grand order
tenochtitlan (swimsuit mooncancer) (fate)	288	fate/grand order, fate (series)
vita (lone planetfarer) (honkai impact)	288	honkai (series), honkai impact 3rd
zeta gundam (mobile suit)	288	gundam, zeta gundam
akebi komichi	287	akebi-chan no serafuku
arjuna alter (fate)	287	fate/grand order, fate (series)
bloody wolf (elden ring)	287	elden ring
captain nemo (first ascension) (fate)	287	fate/grand order, fate (series)
cure twinkle	287	precure, go! princess precure
delia ketchum	287	pokemon, pokemon (anime), pokemon (classic anime)
duskull	287	pokemon
ezreal	287	league of legends
girl holding a cat (kancolle)	287	kantai collection
hatsume mei	287	boku no hero academia
hero (dq3)	287	dragon quest, dragon quest iii
i-400 (kancolle)	287	kantai collection
kaela kovalskia (1st costume)	287	hololive, hololive indonesia
katy (pokemon)	287	pokemon, pokemon sv
kokomine cocona	287	flip flappers
kuonji ukyou	287	ranma 1/2
minato aqua (hololive summer 2019)	287	hololive
nakabeni yua	287	miru tights
nara shikamaru	287	naruto (series), naruto, naruto shippuuden
shiba miyuki	287	mahouka koukou no rettousei
shiromiya asuka (kuromiya)	287	original
unicorn (long-awaited date) (azur lane)	287	azur lane
yang guifei (first ascension) (fate)	287	fate/grand order, fate (series)
anna (ikeuchi tanuma)	286	original
baltimore (after-school ace) (azur lane)	286	azur lane
ende (chihuri)	286	original
enlightened byleth (male)	286	fire emblem, fire emblem: three houses
freyja wion	286	macross, macross delta
hachijou (kancolle)	286	kantai collection
kurikoma komaru	286	aogiri koukou
l (death note)	286	death note
mei mei (jujutsu kaisen)	286	jujutsu kaisen
mirae (closers)	286	closers
tenkubashi tomoka	286	idolmaster, idolmaster million live!
valkyrie (apex legends)	286	apex legends
vera (pgr)	286	punishing: gray raven
yaia (granblue fantasy)	286	granblue fantasy
yukihana lamy (casual)	286	hololive
dendra (pokemon)	285	pokemon, pokemon sv
donquixote doflamingo	285	one piece
doronjo	285	yatterman, time bokan (series), yoru no yatterman
emet-selch	285	final fantasy, final fantasy xiv
feiqizi (fkey)	285	original
hare (camp) (blue archive)	285	blue archive
howl (howl no ugoku shiro)	285	howl no ugoku shiro
kira yamato	285	gundam, gundam seed, gundam seed freedom
kusakabe misao	285	lucky star
mosin-nagant (girls' frontline)	285	girls' frontline
pheromosa	285	pokemon
something (omori)	285	omori
supergirl	285	dc comics, superman (series)
taki (soulcalibur)	285	soulcalibur
ushio kai ni (kancolle)	285	kantai collection
ushiromiya natsuhi	285	umineko no naku koro ni
wis'adel (arknights)	285	arknights
alice liddell (american mcgee's alice)	284	american mcgee's alice, alice: madness returns
annytf	284	indie virtual youtuber
applin	284	pokemon, pokemon sv
choso (jujutsu kaisen)	284	jujutsu kaisen
hanazono yurine	284	jashin-chan dropkick
jinbe (one piece)	284	one piece
jingburger	284	waktaverse
kazuno sarah	284	love live!, love live! sunshine!!
kitkallos (yu-gi-oh!)	284	yu-gi-oh!
kouhai-chan (douki-chan)	284	ganbare douki-chan
lily (vocaloid)	284	vocaloid
ling xiaoyu	284	tekken
meteor (arknights)	284	arknights
misaki akeno	284	high school fleet
munakata atsumi	284	idolmaster, idolmaster cinderella girls
mysta rias	284	nijisanji, nijisanji en
ribeyrolles (girls' frontline)	284	girls' frontline
shizuku murasaki	284	hunter x hunter
takeya yuki	284	gakkou gurashi!
tmp (girls' frontline)	284	girls' frontline
ushiromiya rosa	284	umineko no naku koro ni
wakasa yuuri	284	gakkou gurashi!
yuisis (granblue fantasy)	284	granblue fantasy
azumarill	283	pokemon
constantine xi (fate)	283	fate (series), fate/grand order
cutiefly	283	pokemon
daybit sem void	283	fate/grand order, fate (series)
gepard landau	283	honkai: star rail, honkai (series)
groudon	283	pokemon
hisaishi kanade	283	hibike! euphonium, gekijouban hibike! euphonium
inteleon	283	pokemon
jax (the amazing digital circus)	283	the amazing digital circus
kristen (arknights)	283	arknights
logos (arknights)	283	arknights
metagross	283	pokemon
nui sociere (1st costume)	283	nijisanji
paladin (final fantasy)	283	final fantasy, final fantasy xiv
ribbon (kirby)	283	kirby (series), kirby 64
sacred heart	283	lyrical nanoha, mahou shoujo lyrical nanoha vivid
tamatsukuri misumaru	283	touhou
ump45 (mod3) (girls' frontline)	283	girls' frontline
yokoyama chika	283	idolmaster, idolmaster cinderella girls
yuzuriha (under night in-birth)	283	under night in-birth
chamber dragonmaid	282	yu-gi-oh!
ebenholz (arknights)	282	arknights
hero (dq11)	282	dragon quest, dragon quest xi
hero (dq5)	282	dragon quest, dragon quest v
jason voorhees	282	friday the 13th
luviagelita edelfelt	282	fate (series), fate/hollow ataraxia
milo (pokemon)	282	pokemon, pokemon swsh
palkia	282	pokemon
prushka	282	made in abyss
sakura hibiki	282	dumbbell nan kilo moteru?
taisa (cookie)	282	cookie (touhou), touhou
tamamo no mae (third ascension) (fate)	282	fate (series), fate/grand order, fate/extra
teana lanster	282	lyrical nanoha, mahou shoujo lyrical nanoha strikers
tequila (arknights)	282	arknights
tomari mari	282	indie virtual youtuber
yan vismok	282	library of ruina, project moon
aki rosenthal (1st costume)	281	hololive
bertolt hoover	281	shingeki no kyojin
claire redfield	281	resident evil, resident evil 2
ebi-chan (gawr gura)	281	hololive, hololive english
hoshino (armed) (blue archive)	281	blue archive
komari chika	281	make heroine ga oo sugiru!
kukulkan (fate)	281	fate/grand order, fate (series)
lecia (granblue fantasy)	281	granblue fantasy
miles morales	281	marvel, spider-man (series), spider-verse
mishou mai	281	precure, futari wa precure splash star
neptune (azur lane)	281	azur lane
nightmare (nanashi mumei)	281	hololive, hololive english
nymph (sora no otoshimono)	281	sora no otoshimono
ryouna (senran kagura)	281	senran kagura, senran kagura shinovi versus
sun wukong	281	journey to the west
uchiha itachi	281	naruto (series), naruto, naruto shippuuden
vice-versa (skullgirls)	281	skullgirls
wakan tanka	281	tokyo afterschool summoners
absinthe (arknights)	280	arknights
agnes claudel	280	eiyuu densetsu, kuro no kiseki (series), kuro no kiseki i
araki hina	280	idolmaster, idolmaster cinderella girls
asada shino	280	sword art online
bloody marie (skullgirls)	280	skullgirls
charlotte aulin	280	castlevania (series), castlevania: portrait of ruin
chen hai (azur lane)	280	azur lane
hotarumaru	280	touken ranbu
kubiwa (kutan)	280	original
mary read (fate)	280	fate (series), fate/grand order
pinkie pie	280	my little pony, my little pony: friendship is magic
scathach skadi (swimsuit ruler) (fate)	280	fate/grand order, fate (series)
surtr's golem (arknights)	280	arknights
unicorn gundam	280	gundam, gundam unicorn
akishimo (kancolle)	279	kantai collection
cassandra alexandra	279	soulcalibur
knight (hollow knight)	279	hollow knight
minakami sayo	279	mahou shoujo ni akogarete
momoe nagisa (magical girl)	279	mahou shoujo madoka magica, mahou shoujo madoka magica: hangyaku no monogatari
nitocris alter (fate)	279	fate/grand order, fate (series)
old man (guin guin)	279	arknights
red toad (mario)	279	mario (series)
ronald mcdonald	279	mcdonald's
ryouko (tenchi muyou!)	279	tenchi muyou!
shiina mahiru (otonari no tenshi-sama)	279	otonari no tenshi-sama ni itsu no mani ka dame ningen ni sarete ita ken
chain chomp	278	mario (series), new super mario bros. u deluxe
charlemagne (fate)	278	fate (series), fate/grand order, fate/extra
cloud retainer (genshin impact)	278	genshin impact
kokkoro (summer) (princess connect!)	278	princess connect!
loba (apex legends)	278	apex legends
megaman.exe	278	mega man (series), mega man battle network (series)
nier (brother)	278	nier (series), nier
oosuki mamako	278	tsuujou kougeki ga zentai kougeki de ni-kai kougeki no okaasan wa suki desu ka?
panette (fire emblem)	278	fire emblem, fire emblem engage
rumi (girls und panzer)	278	girls und panzer
ryoubi (senran kagura)	278	senran kagura, senran kagura shinovi versus
aerith gainsborough (red dress)	277	final fantasy, final fantasy vii, final fantasy vii remake
agumon	277	digimon, digimon adventure
amiya (guard) (arknights)	277	arknights
anubis (mythology)	277	egyptian mythology, original
dori (genshin impact)	277	genshin impact
fighting miku (project voltage)	277	pokemon, project voltage, vocaloid
goodra	277	pokemon
guile	277	street fighter
henya the genius	277	vshojo
iwato kasumi	277	saki (manga)
marciana (nikke)	277	goddess of victory: nikke
natsuki rin	277	precure, yes! precure 5, yes! precure 5 gogo!
nodoka (blue archive)	277	blue archive
takayama haruka	277	sakura trick
usami ichika	277	kirakira precure a la mode, precure
yoshida masaki	277	watashi ga motenai no wa dou kangaetemo omaera ga warui!
anabel (pokemon)	276	pokemon, pokemon sm
decidueye	276	pokemon
edward teach (fate)	276	fate (series), fate/grand order
enderman	276	minecraft
fediel (granblue fantasy)	276	granblue fantasy
flowey (undertale)	276	undertale
gavial the invincible (arknights)	276	arknights
giratina (origin)	276	pokemon, pokemon dppt
gundou mirei	276	nijisanji
io (granblue fantasy)	276	granblue fantasy
jessica the liberated (arknights)	276	arknights
judy hopps	276	zootopia
kawakaze (azur lane)	276	azur lane
suirin (tukikagerou)	276	original
suou (blue archive)	276	blue archive
super sass (girls' frontline)	276	girls' frontline
vivi ornitier	276	final fantasy, final fantasy ix
white len (tsukihime)	276	tsukihime, melty blood
aty (summon night)	275	summon night, summon night 3
ceres fauna (jirai kei)	275	hololive, hololive english
deoxys	275	pokemon
diabellze the original sinkeeper	275	yu-gi-oh!
fin e ld si laffinty	275	rinne no lagrange
funada kiito	275	assault lily
fusou (azur lane)	275	azur lane
haku (p&d)	275	puzzle & dragons
hie (hiememiko)	275	original, kantai collection
kaidou minami	275	precure, go! princess precure
kunashiri (kancolle)	275	kantai collection
merry nightmare	275	yumekui merry
pina korata	275	idolmaster, idolmaster cinderella girls
sakimiya iruka	275	dolphin wave
seraphine (league of legends)	275	league of legends
shanks (one piece)	275	one piece
sirfetch'd	275	pokemon, vocaloid
ankimo (tokino sora)	274	hololive
atarashi ako	274	saki (manga), saki achiga-hen
brigitte (overwatch)	274	overwatch, overwatch 1
brooke (mleth)	274	original
chidori kaname	274	full metal panic!
helm (aqua marine) (nikke)	274	goddess of victory: nikke
hulkenberg (metaphor: refantazio)	274	metaphor: refantazio
kaiboukan no. 4 (kancolle)	274	kantai collection
lei fang	274	dead or alive
michinoku komaro	274	seitokai nimo anawa aru!
nekonyaa (girls und panzer)	274	girls und panzer
sae (hidamari sketch)	274	hidamari sketch
scirocco (kancolle)	274	kantai collection
taihou (seaside daydreams) (azur lane)	274	azur lane
tana (fire emblem)	274	fire emblem, fire emblem: the sacred stones, fire emblem heroes
vlad iii (fate/apocrypha)	274	fate (series), fate/grand order, fate/apocrypha
ayla (chrono trigger)	273	chrono trigger
batsubyou	273	kantai collection
bianca (pgr)	273	punishing: gray raven
cinnabar (houseki no kuni)	273	houseki no kuni
emmet (pokemon)	273	pokemon, pokemon bw
etie (fire emblem)	273	fire emblem, fire emblem engage
harmony's clownfish (splatoon)	273	splatoon (series), splatoon 3
helena blavatsky (swimsuit archer) (fate)	273	fate/grand order, fate (series)
kirisawa juuzou (character)	273	kantai collection
luna platz (mega man)	273	mega man (series), mega man star force (series)
mashiro meme	273	nijisanji
may (gundam build divers re:rise)	273	gundam, gundam build divers, gundam build divers re:rise
mutsu kai ni (kancolle)	273	kantai collection
naga the serpent	273	slayers
orie ballardiae harada	273	under night in-birth
player character (mabinogi)	273	mabinogi, original
power girl	273	dc comics, superman (series)
alipheese fateburn xvi	272	mon-musu quest!
alphinaud leveilleur	272	final fantasy, final fantasy xiv
homulilly	272	mahou shoujo madoka magica, mahou shoujo madoka magica: hangyaku no monogatari
iris (mega man)	272	mega man (series), mega man x (series), mega man x4
mirai (senran kagura)	272	senran kagura, senran kagura shoujo-tachi no shin'ei
nekomusume (gegege no kitarou 5)	272	gegege no kitarou
ningguang (orchid's evening gown) (genshin impact)	272	genshin impact
paldean wooper	272	pokemon, pokemon sv
poniko	272	yume nikki
pyukumuku	272	pokemon, pokemon sm
sakura miko (street)	272	hololive
shoto (vtuber)	272	indie virtual youtuber
sky striker ace - roze	272	yu-gi-oh!
suzuki (girls und panzer)	272	girls und panzer
zooey (summer) (granblue fantasy)	272	granblue fantasy
anemone (eureka seven)	271	eureka seven (series), eureka seven
black lady (sailor moon)	271	bishoujo senshi sailor moon, bishoujo senshi sailor moon r
bort	271	houseki no kuni
filo (tate no yuusha no nariagari)	271	tate no yuusha no nariagari
fu hua (night squire)	271	honkai (series), honkai impact 3rd
inuyama tamaki	271	noripro
iona (aoki hagane no arpeggio)	271	aoki hagane no arpeggio
iwado anna	271	original
kjera (arknights)	271	arknights
milla maxwell	271	tales of (series), tales of xillia
millhiore f. biscotti	271	dog days
nachoneko	271	indie virtual youtuber
neutral chao	271	sonic (series)
sakuna-hime	271	tensui no sakuna-hime
sayla mass	271	gundam, mobile suit gundam
shamal	271	lyrical nanoha, mahou shoujo lyrical nanoha, mahou shoujo lyrical nanoha a's
xiao wu (douluo dalu)	271	douluo dalu
diane (nanatsu no taizai)	270	nanatsu no taizai
ember (selen tatsuki)	270	nijisanji, nijisanji en
flora (dq5)	270	dragon quest, dragon quest v
gaming (genshin impact)	270	genshin impact
horikita suzune	270	youkoso jitsuryoku shijou shugi no kyoushitsu e
iida tenya	270	boku no hero academia
kaminari qpi	270	vspo!
kitarou	270	gegege no kitarou
koga mitsuki	270	kininatteru hito ga otoko ja nakatta
loremaster (helltaker)	270	helltaker
munchlax	270	pokemon
poke kid (pokemon)	270	pokemon, pokemon swsh
serval landau	270	honkai: star rail, honkai (series)
suou mikoto (school rumble)	270	school rumble
superb bird-of-paradise (kemono friends)	270	kemono friends
tsuchiya (girls und panzer)	270	girls und panzer
wang yujia	270	assault lily
aegislash	269	pokemon
aihara mei	269	citrus (saburouta)
alexander (fate)	269	fate/grand order, fate (series)
chespin	269	pokemon, pokemon xy
eva 00	269	neon genesis evangelion
feh (fire emblem heroes)	269	fire emblem, fire emblem heroes
heroine (dq3)	269	dragon quest, dragon quest iii
hidaka ai	269	idolmaster, idolmaster dearly stars
kurotsuchi nemu	269	bleach
long island (azur lane)	269	azur lane
red (among us)	269	among us
saigusa haruka	269	little busters!
shirogane kei	269	kaguya-sama wa kokurasetai ~tensai-tachi no renai zunousen~
siegfried (fate)	269	fate (series), fate/grand order, fate/apocrypha
spider-man (miles morales)	269	marvel, spider-man (series), spider-verse
taihou kai (kancolle)	269	kantai collection
tokoyami towa (school uniform)	269	hololive
uzui tengen	269	kimetsu no yaiba
yui (ceremonial) (princess connect!)	269	princess connect!
cecilia (shiro seijo to kuro bokushi)	268	shiro seijo to kuro bokushi
dif (difman)	268	original
kuon (utawarerumono)	268	utawarerumono, utawarerumono: itsuwari no kamen
natsuki karin	268	cevio, synthesizer v
oda nobunaga (swimsuit berserker) (first ascension) (fate)	268	fate (series), fate/grand order
rotom (normal)	268	pokemon
russia (hetalia)	268	axis powers hetalia
salome (one piece)	268	one piece
sara (granblue fantasy)	268	granblue fantasy
sherlock holmes (fate)	268	fate/grand order, fate (series)
tuscaloosa (kancolle)	268	kantai collection
umika (blue archive)	268	blue archive
ursula hartmann	268	world witches series, strike witches: suomus misfits squadron, strike witches
aihara yuzu	267	citrus (saburouta)
aiz wallenstein	267	dungeon ni deai wo motomeru no wa machigatteiru darou ka
atago (school traumerei) (azur lane)	267	azur lane
bruce wayne	267	dc comics, batman (series), superman (series)
edward wong hau pepelu tivrusky iv	267	cowboy bebop
emil (nier)	267	nier (series), nier:automata, nier
ephraim (fire emblem)	267	fire emblem, fire emblem: the sacred stones, fire emblem heroes
julia (idolmaster)	267	idolmaster, idolmaster million live!
korrina (pokemon)	267	pokemon, pokemon xy
kos-mos ver. 4	267	xenosaga, xenosaga episode iii
kouzuki mahiru	267	yoru no kurage wa oyogenai
magical mirai miku (2016)	267	vocaloid, magical mirai (vocaloid)
noihara himari	267	omamori himari
pompompurin	267	sanrio
sonsaku hakufu	267	ikkitousen
yagami iori	267	the king of fighters
asriel dreemurr	266	undertale
bullet (blazblue)	266	blazblue, blazblue: chronophantasma
cure dream	266	precure, yes! precure 5, yes! precure 5 gogo!
dark miku (project voltage)	266	vocaloid, pokemon, project voltage
eunectes (forgemaster) (arknights)	266	arknights
komori kiri	266	sayonara zetsubou sensei
leonardo da vinci (rider) (first ascension) (fate)	266	fate/grand order, fate (series)
mata hari (fate)	266	fate/grand order, fate (series)
mist (fire emblem)	266	fire emblem, fire emblem: path of radiance, fire emblem: radiant dawn
penny polendina	266	rwby
problem solver sensei (blue archive)	266	blue archive
reina (tekken)	266	tekken, tekken 8
shigure (azur lane)	266	azur lane
team skull grunt	266	pokemon, pokemon sm
tearlaments kitkallos	266	yu-gi-oh!
umikaze kai ni (kancolle)	266	kantai collection
akari (raigou)	265	original
bradamante (third ascension) (fate)	265	fate/grand order, fate (series)
celty sturluson	265	durarara!!
cure precious	265	precure, delicious party precure
dokibird (vtuber) (bounty hunter)	265	indie virtual youtuber
feraligatr	265	pokemon
gokuhara gonta	265	danganronpa (series), danganronpa v3: killing harmony
guizhong (genshin impact)	265	genshin impact
iijima yun	265	new game!
kukuri (mawaru)	265	original
kurusugawa himeko	265	kannazuki no miko
lee (arknights)	265	arknights
mad hatter (alice in wonderland)	265	alice in wonderland
matsuoka miu	265	ichigo mashimaro
milly ashford	265	code geass
nakiri alice	265	shokugeki no souma
okita j. souji (third ascension) (fate)	265	fate (series), fate/grand order
reinforce zwei	265	lyrical nanoha, mahou shoujo lyrical nanoha strikers, mahou shoujo lyrical nanoha
salamence	265	pokemon
satou lilly	265	katawa shoujo
sovetskaya rossiya (azur lane)	265	azur lane
susie (deltarune)	265	deltarune
togami byakuya	265	danganronpa (series), danganronpa: trigger happy havoc
himiko (first ascension) (fate)	264	fate/grand order, fate (series)
kamizaki risa	264	amagami
kishibe rohan	264	jojo no kimyou na bouken, diamond wa kudakenai
krile mayer baldesion (ff5)	264	final fantasy, final fantasy v
saionji mary	264	nanashi inc., honey strap
souchou	264	vshojo, indie virtual youtuber
takakura himari	264	mawaru penguindrum
akuma nihmune	263	indie virtual youtuber
bandana waddle dee	263	kirby (series)
bardock	263	dragon ball, dragon ball z
cell (dragon ball)	263	dragon ball, dragon ball z
cure sword	263	dokidoki! precure, precure
kiana kaslana (void drifter)	263	honkai (series), honkai impact 3rd
kitsu chiri	263	sayonara zetsubou sensei
momohime	263	oboro muramasa
momosuzu nene (old design)	263	hololive
nanashi mumei (new year)	263	hololive, hololive english
orimoto rika	263	jujutsu kaisen
pidgey	263	pokemon
shiina noriko	263	idolmaster, idolmaster cinderella girls
tsuyuri kumin	263	chuunibyou demo koi ga shitai!
yagami kou	263	new game!
aila jyrkiainen	262	gundam, gundam build fighters
arung samudra (cessa)	262	ombok diving and delivery services
cure berry	262	fresh precure!, precure
dreepy	262	pokemon
ebina nana	262	himouto! umaru-chan
elfriend (shiranui flare)	262	hololive
kaguya madoka	262	precure, star twinkle precure
mage (ragnarok online)	262	ragnarok online
matsuoka gou	262	free!
mikoko (kemomimi oukoku kokuei housou)	262	kemomimi oukoku kokuei housou
muten roushi	262	dragon ball, dragon ball z, dragon ball (classic)
nakiri ayame (girly)	262	hololive
nekomata okayu (membership)	262	hololive
nikki (nikki)	262	nikki (series), infinity nikki
peter griffin	262	family guy
rhein kraft (umamusume)	262	umamusume
scylla (azur lane)	262	azur lane
tsurumaru tsuyoshi (umamusume)	262	umamusume
yamin (cookie)	262	cookie (touhou), touhou
akagi towa	261	precure, go! princess precure
amae koromo	261	saki (manga)
anyoji hime	261	link! like! love live!, love live!
astolfo (saber) (third ascension) (fate)	261	fate (series), fate/grand order
budew	261	pokemon
cait sith (final fantasy)	261	final fantasy, final fantasy vii, final fantasy vii remake
changsheng (genshin impact)	261	genshin impact
cure milky	261	precure, star twinkle precure
fae (fire emblem)	261	fire emblem, fire emblem: the binding blade, fire emblem heroes
hector (fate)	261	fate/grand order, fate (series)
kedama (touhou)	261	touhou
kim dokja	261	omniscient reader's viewpoint
kinomoto sakura (platinum star dress)	261	cardcaptor sakura
minami rena	261	magia record: mahou shoujo madoka magica gaiden, mahou shoujo madoka magica
paracelsus (guilty gear)	261	guilty gear, guilty gear strive
psychic miku (project voltage)	261	vocaloid, pokemon, project voltage
sei shounagon (swimsuit berserker) (fate)	261	fate/grand order, fate (series)
st ar-15 (mod3) (girls' frontline)	261	girls' frontline
yuki miku (2011)	261	vocaloid
athena cykes	260	ace attorney, phoenix wright: ace attorney - dual destinies
bounsweet	260	pokemon, pokemon sm
buena vista (umamusume)	260	umamusume
chrollo lucilfer	260	hunter x hunter
evil neuro-sama	260	indie virtual youtuber
hootsie (nanashi mumei)	260	hololive, hololive english
hosomi shizuko	260	girls und panzer, gekitotsu! joshikousei oiroke sensha gundan
lucifer morningstar (hazbin hotel)	260	hazbin hotel
olive laurentia	260	original
ooji mochizou	260	tamako market
sasha (haguhagu)	260	original
suomi (midsummer pixie) (girls' frontline)	260	girls' frontline
yamabuki saya	260	bang dream!
alice carroll	259	aria (manga)
alicia florence	259	aria (manga)
anceril sacred	259	shirokami project, original
artemis (fate)	259	fate/grand order, fate (series)
asakusa midori	259	eizouken ni wa te wo dasu na!
fate testarossa (true sonic form)	259	lyrical nanoha, mahou shoujo lyrical nanoha strikers
goshiki agiri	259	kill me baby
hitomi (doa)	259	dead or alive
irys (casualrys) (hololive)	259	hololive, hololive english
lois lane	259	dc comics, superman (series), my adventures with superman
mabel pines	259	gravity falls
matou kariya	259	fate (series), fate/zero
mitsurugi meiya	259	muv-luv, muv-luv alternative
mugino shizuri	259	toaru majutsu no index, toaru kagaku no railgun
noctis lucis caelum	259	final fantasy, final fantasy xv
reona west	259	pretty series, pripara
rotom dex	259	pokemon, pokemon sm
saigyou ayakashi	259	touhou
sakurakoji kinako	259	love live!, love live! superstar!!
sett (league of legends)	259	league of legends
shiina mashiro	259	sakura-sou no pet na kanojo
shionne (tales)	259	tales of (series), tales of arise
takakamo shizuno	259	saki (manga), saki achiga-hen
unzen (azur lane)	259	azur lane
zeke von genbu (xenoblade)	259	xenoblade chronicles (series), xenoblade chronicles 2
amemiya nazuna	258	vshojo
anila (summer) (granblue fantasy)	258	granblue fantasy
bonnie (pokemon)	258	pokemon, pokemon (anime), pokemon xy (anime)
dragoon (final fantasy)	258	final fantasy, final fantasy xiv
kefla (dragon ball)	258	dragon ball, dragon ball super
kinuhata saiai	258	toaru majutsu no index, toaru kagaku no railgun
mew ichigo	258	tokyo mew mew
naoki miki	258	gakkou gurashi!
paula (mother 2)	258	mother (series), mother 2
poison ivy	258	dc comics, batman (series)
pyramid head	258	silent hill (series), silent hill 2
selkie (fire emblem)	258	fire emblem, fire emblem fates
shidou hikaru	258	magic knight rayearth
taihou (phoenix's spring song) (azur lane)	258	azur lane
tar-21 (girls' frontline)	258	girls' frontline
usami taiga	258	original
yoshida ryouko	258	machikado mazoku
yuuki chihiro	258	nijisanji
abigail williams (swimsuit foreigner) (second ascension) (fate)	257	fate/grand order, fate (series)
akikawa yayoi (umamusume)	257	umamusume
aleksandra i. pokryshkin	257	brave witches, world witches series
alleyne (queen's blade)	257	queen's blade
altera the santa (fate)	257	fate/grand order, fate (series)
amaha masane	257	witchblade
astarion	257	baldur's gate, baldur's gate 3, dungeons & dragons
hanazono tae	257	bang dream!
henrietta de tristain	257	zero no tsukaima
hiradaira chisaki	257	nagi no asukara
inaba meguru	257	sanoba witch
kurobe natsumi (shiromanta)	257	senpai ga uzai kouhai no hanashi
mela (pokemon)	257	pokemon, pokemon sv
menou kaname (taishi)	257	original
monoko	257	yume nikki
nijino yume	257	aikatsu! (series), aikatsu stars!
poppi qtpi (xenoblade)	257	xenoblade chronicles (series), xenoblade chronicles 2
tanaka gundham	257	danganronpa (series), danganronpa 2: goodbye despair
tenkawa nayuta	257	onii-chan wa oshimai!
thompson (girls' frontline)	257	girls' frontline
tsurugi (swimsuit) (blue archive)	257	blue archive
walking mushroom (dungeon meshi)	257	dungeon meshi
walpurgisnacht (madoka magica)	257	mahou shoujo madoka magica, mahou shoujo madoka magica (anime)
weavile	257	pokemon
ash (titanfall 2)	256	apex legends
dorothy (princess principal)	256	princess principal
dorothy haze	256	va-11 hall-a
elizabeth rose bloodflame (1st costume)	256	hololive, hololive english
hoshikawa sara (4th costume)	256	nijisanji
nea (chihuri)	256	original
saratoga mk ii (kancolle)	256	kantai collection
shiota nagisa	256	ansatsu kyoushitsu
tooth fairy (reverse:1999)	256	reverse:1999
velvet scarlatina	256	rwby
witch mercy	256	overwatch, overwatch 1
yarai miu	256	dracu-riot!
yukong (honkai: star rail)	256	honkai: star rail, honkai (series)
alicia renato (yashiro sousaku)	255	original
bai (granblue fantasy)	255	granblue fantasy
baizhi (wuthering waves)	255	wuthering waves
caren hortensia (amor caren) (second ascension)	255	fate (series), fate/grand order
daiwa scarlet (scarlet nuit etoile) (umamusume)	255	umamusume
gotland (fuji speedway race queen mode) (kancolle)	255	kantai collection
karin (p&d)	255	puzzle & dragons
kazuradrop (fate)	255	fate (series), fate/grand order
koyanskaya (foreigner) (first ascension) (fate)	255	fate/grand order, fate (series)
light dragon (zelda)	255	the legend of zelda, the legend of zelda: tears of the kingdom
meira (touhou)	255	touhou, touhou (pc-98)
nekomata okayu (wonderland)	255	hololive
oosawa aya	255	kininatteru hito ga otoko ja nakatta
peke	255	to love-ru
petra gurin (1st costume)	255	nijisanji, nijisanji en
tia (nikke)	255	goddess of victory: nikke
yuni (precure)	255	precure, star twinkle precure
alina (arknights)	254	arknights
amano hina (tenki no ko)	254	tenki no ko
arulumaya	254	granblue fantasy
camieux	254	granblue fantasy
crobat	254	pokemon
fuura kafuka	254	sayonara zetsubou sensei
kagamihara sakura	254	yurucamp
kriemhild (fate)	254	fate (series), fate/grand order
lenalee lee	254	d.gray-man
lina (michihasu)	254	original
meloco kyoran	254	nijisanji, nijisanji en
musha miko tomoe	254	queen's blade
pururut	254	neptune (series), kami jigen game neptune v
rarity (my little pony)	254	my little pony, my little pony: friendship is magic
rope (arknights)	254	arknights
rosa (tears of themis)	254	tears of themis
scolipede	254	pokemon
takano miyo	254	higurashi no naku koro ni
tsubaki yayoi	254	blazblue
tsumugi (princess connect!)	254	princess connect!
agent 4 (splatoon)	253	splatoon (series), splatoon 2
argalia (project moon)	253	project moon, library of ruina
aria pokoteng	253	aria (manga)
bambietta basterbine	253	bleach, bleach: sennen kessen-hen
cure pine	253	fresh precure!, precure
gigi andalusia	253	gundam, gundam hathaway's flash
hibiki ryouga	253	ranma 1/2
i-19 (azur lane)	253	azur lane
inuyama mana	253	gegege no kitarou
jaune arc	253	rwby
johnny joestar	253	jojo no kimyou na bouken, steel ball run
kisaki (kindergarten uniform) (blue archive)	253	blue archive
kofune ushio	253	summertime render
privaty (unkind maid) (nikke)	253	goddess of victory: nikke
schwertkreuz	253	lyrical nanoha, mahou shoujo lyrical nanoha, mahou shoujo lyrical nanoha a's
suzumi (blue archive)	253	blue archive
tyranitar	253	pokemon
zhezhi (wuthering waves)	253	wuthering waves
fate testarossa (movie 1st form)	252	lyrical nanoha, mahou shoujo lyrical nanoha, mahou shoujo lyrical nanoha the movie 1st
feena (grandia)	252	grandia, grandia i
fujibayashi ryou	252	clannad
irene (voyage of feathers) (arknights)	252	arknights, ambience synesthesia
kaburamaru	252	kimetsu no yaiba
karin (school uniform) (blue archive)	252	blue archive
kongou (aoki hagane no arpeggio)	252	aoki hagane no arpeggio
lara croft	252	tomb raider
nakata sae	252	amagami
ogerpon (teal mask)	252	pokemon, pokemon sv
robin (batrobin k)	252	dc comics, batman (series)
sig mcx (girls' frontline)	252	girls' frontline
super-shorty (girls' frontline)	252	girls' frontline
tidus	252	final fantasy, final fantasy x, final fantasy vii
unown	252	pokemon
yamagami karuta	252	nijisanji
yggdrasil (granblue fantasy)	252	granblue fantasy
alcremie (vanilla cream)	251	pokemon
ayase alisa	251	love live!, love live! school idol project
drum (kancolle)	251	kantai collection
jakuri (ar tonelico)	251	ar tonelico, ar tonelico ii
lorelei (pokemon)	251	pokemon, pokemon frlg
mayer (arknights)	251	arknights
norimaki arale	251	dr. slump
parvati (fate)	251	fate/grand order, fate (series)
raphiel shiraha ainsworth	251	gabriel dropout
ridley	251	metroid, super smash bros., mario (series)
sakura miko (old design)	251	hololive
songque	251	honkai (series), honkai impact 3rd
stella vermillion	251	rakudai kishi no cavalry
tamada tamaki	251	girls und panzer, gekitotsu! joshikousei oiroke sensha gundan
tiphereth a (project moon)	251	project moon, lobotomy corporation, library of ruina
tomoe (blue archive)	251	blue archive
amamiya elena	250	precure, star twinkle precure
apple (reverse:1999)	250	reverse:1999
cattleya (queen's blade)	250	queen's blade
emma millstein	250	eiyuu densetsu, sen no kiseki (series), sen no kiseki i
felt (re:zero)	250	re:zero kara hajimeru isekai seikatsu
ferdinand von aegir	250	fire emblem, fire emblem: three houses
futaba aoi (vividred operation)	250	vividred operation
heavy cruiser princess	250	kantai collection
hinomori shiho	250	project sekai
hisuian zoroark	250	pokemon
lady nagant	250	boku no hero academia
raspberyl	250	disgaea, makai senki disgaea 3
savage (arknights)	250	arknights
shiki (senran kagura)	250	senran kagura, senran kagura shinovi versus
astarte (surio)	249	original
carbuncle (puyopuyo)	249	puyopuyo, madou monogatari
cyril brooklyn	249	w tails cat, galgrease, galhound
etou kanami	249	toji no miko
fleki	249	dungeon meshi
hk416 (mod3) (girls' frontline)	249	girls' frontline
huang (granblue fantasy)	249	granblue fantasy
ibuki douji (swimsuit berserker) (fate)	249	fate (series), fate/grand order
inugami korone (street)	249	hololive
komi shuuko	249	komi-san wa komyushou desu
myne (honzuki no gekokujou)	249	honzuki no gekokujou
nina (girls und panzer)	249	girls und panzer
niyon (granblue fantasy)	249	granblue fantasy
ouroboros (girls' frontline)	249	girls' frontline
sailor pluto	249	bishoujo senshi sailor moon
scene (arknights)	249	arknights
shinx	249	pokemon
akiha rumiho	248	steins;gate
big boss	248	metal gear (series)
bronya zaychik (haxxor bunny)	248	honkai (series), honkai impact 3rd
cerestia of life	248	last origin
cure rhythm	248	precure, suite precure
dratini	248	pokemon
encore (wuthering waves)	248	wuthering waves
fox mccloud	248	star fox, super smash bros., mario (series)
hecatia lapislazuli (moon)	248	touhou
karma (nakiri ayame)	248	hololive
khiara (personal ami)	248	original
kitami yuzu	248	idolmaster, idolmaster cinderella girls
kitashirakawa anko	248	tamako market
lamia (pgr)	248	punishing: gray raven
lee (pgr)	248	punishing: gray raven
mia fey	248	ace attorney
minato tomoka	248	rou-kyuu-bu!
miyamae shiho (jack dempa)	248	original
mizuki seira	248	idolmaster, idolmaster cinderella girls
ryuushen	248	nijisanji
sentret	248	pokemon, pokemon sv
shimotsuki potofu	248	original
angra mainyu (fate)	247	fate (series), fate/hollow ataraxia, fate/grand order
applejack	247	my little pony, my little pony: friendship is magic
drusilla (zenless zone zero)	247	zenless zone zero
edea lee	247	bravely default (series), bravely default: flying fairy
galaktika	247	sekai seifuku: bouryaku no zvezda
happy meek (umamusume)	247	umamusume
kakania (reverse:1999)	247	reverse:1999
kochou kanae	247	kimetsu no yaiba
mareep	247	pokemon
matsuno ichimatsu	247	osomatsu (series), osomatsu-san, osomatsu-kun
matsuno jyushimatsu	247	osomatsu (series), osomatsu-san, osomatsu-kun
michelle (bang dream!)	247	bang dream!
midnight (boku no hero academia)	247	boku no hero academia
minamoto shizuka	247	doraemon
niijima sae	247	persona, persona 5
roll.exe (mega man)	247	mega man (series), mega man battle network (series)
roserade	247	pokemon, pokemon dppt
shiranui (nakiri ayame)	247	hololive
shizuna rem misurugi	247	eiyuu densetsu, kuro no kiseki (series), kuro no kiseki i
starly	247	pokemon
tenten (naruto)	247	naruto (series), naruto
terrance rainer	247	pokemon
u-47 (azur lane)	247	azur lane
uesugi kenshin (fate)	247	fate/grand order, fate (series)
virgilia (umineko)	247	umineko no naku koro ni
yui tsuruno	247	magia record: mahou shoujo madoka magica gaiden, mahou shoujo madoka magica
zaizen aoi	247	yu-gi-oh!, yu-gi-oh! vrains
ashwatthama (fate)	246	fate/grand order, fate (series)
elizabeth bathory (second ascension) (fate)	246	fate (series), rojiura satsuki: chapter heroine sanctuary
giovanni (pokemon)	246	pokemon
irene (the adjudicatrix and her resolve) (arknights)	246	arknights
kuzuryu fuyuhiko	246	danganronpa (series), danganronpa 2: goodbye despair
miori celesta	246	indie virtual youtuber
okazaki ushio	246	clannad
serafall leviathan	246	high school dxd
bronya zaychik (outstanding attitude)	245	honkai (series), honkai impact 3rd
demi-fiend	245	shin megami tensei, shin megami tensei iii: nocturne
enna alouette (1st costume)	245	nijisanji, nijisanji en
hishi akebono (umamusume)	245	umamusume
jessica (reverse:1999)	245	reverse:1999
miltank	245	pokemon
mitty (made in abyss)	245	made in abyss
ouro kronii (4th costume)	245	hololive, hololive english
pawmi	245	pokemon, pokemon sv
sanhua (wuthering waves)	245	wuthering waves
sceptile	245	pokemon
senju muramasa	245	eromanga sensei
sideroca (light breeze) (arknights)	245	arknights
sonohara anri	245	durarara!!
u-1146	245	hataraku saibou
valkyrie police academy student (blue archive)	245	blue archive
wolf link	245	the legend of zelda, the legend of zelda: twilight princess
yukino (blue archive)	245	blue archive
australian devil (kemono friends)	244	kemono friends
bison (arknights)	244	arknights
elaine (pokemon)	244	pokemon, pokemon lgpe
elis (touhou)	244	touhou, touhou (pc-98)
fighter (dungeon and fighter)	244	dungeon and fighter
fuuma kotarou (fate)	244	fate/grand order, fate (series)
garie tuman	244	senki zesshou symphogear
kirishima romin	244	yu-gi-oh!, yu-gi-oh! sevens
kousaka china	244	gundam, gundam build fighters
lemuen (arknights)	244	arknights
lucia: crimson abyss (pgr)	244	punishing: gray raven
machina x flayon	244	holostars, holostars english
sonia strumm (mega man)	244	mega man (series), mega man star force (series)
spirit blossom ahri	244	league of legends
springfield (stirring mermaid) (girls' frontline)	244	girls' frontline
tanemura koyori	244	watashi ni tenshi ga maiorita!
yuuhi riri	244	nijisanji
zero (code geass)	244	code geass
darth vader	243	star wars
fuiba fuyu	243	gochuumon wa usagi desu ka?
jean kirstein	243	shingeki no kyojin
mega lopunny	243	pokemon
mika (genshin impact)	243	genshin impact
mint blancmanche	243	galaxy angel
phoebe (pokemon)	243	pokemon, pokemon rse
shirogane noel (dirndl)	243	hololive
svd (girls' frontline)	243	girls' frontline
takenouchi sora	243	digimon, digimon adventure
venus paques (umamusume)	243	umamusume
winged lion (dungeon meshi)	243	dungeon meshi
wishiwashi (solo)	243	pokemon, pokemon sm
yotsuya miko	243	mieruko-chan
asseylum vers allusia	242	aldnoah.zero
diavolo	242	jojo no kimyou na bouken, vento aureo
eiden (nu carnival)	242	nu carnival
folinic (arknights)	242	arknights
growlithe	242	pokemon
hiryuu kai ni (kancolle)	242	kantai collection
hoshimachi suisei (maid)	242	hololive
iori utahime	242	jujutsu kaisen
jean (gunnhildr's legacy) (genshin impact)	242	genshin impact
katsushika hokusai (traveling outfit) (fate)	242	fate/grand order, fate (series)
knight (dungeon and fighter)	242	dungeon and fighter
kokonoe (blazblue)	242	blazblue
mori yuki	242	uchuu senkan yamato, uchuu senkan yamato 2199
moroboshi ataru	242	urusei yatsura
nanami (pgr)	242	punishing: gray raven
oomiya shinobu	242	kin-iro mosaic
rapunzel (disney)	242	tangled
sakura ayane	242	
serina (christmas) (blue archive)	242	blue archive
shikinami kai ni (kancolle)	242	kantai collection
tamura manami	242	ore no imouto ga konna ni kawaii wake ga nai
tanigaki genjirou	242	golden kamuy
they (kiman)	242	among us, original
ursula charistes	242	little witch academia
yomiko readman	242	read or die
aardwolf (kemono friends)	241	kemono friends
chiya (urara meirochou)	241	urara meirochou
coconut (nekopara)	241	nekopara
commandant (pgr)	241	punishing: gray raven
common bottlenose dolphin (kemono friends)	241	kemono friends
cure macaron	241	precure, kirakira precure a la mode
elfuda (elf-san wa yaserarenai.)	241	elf-san wa yaserarenai.
euryale (third ascension) (fate)	241	fate/grand order, fate (series)
jewelry bonney	241	one piece
medea (lily) (fate)	241	fate (series), fate/grand order
priscilla the crossbreed	241	dark souls (series), dark souls i
satsuki rin	241	touhou
saya (blue archive)	241	blue archive
shinguji korekiyo	241	danganronpa (series), danganronpa v3: killing harmony
shirakami fubuki (hololive summer 2019)	241	hololive
star platinum	241	jojo no kimyou na bouken, stardust crusaders
takayama maria	241	boku wa tomodachi ga sukunai
tsurumaru kuninaga	241	touken ranbu
usada pekora (prisoner)	241	hololive
uzumaki himawari	241	naruto (series), boruto: naruto next generations
wally (pokemon)	241	pokemon, pokemon oras
zarya (overwatch)	241	overwatch, overwatch 1
alolan raichu	240	pokemon, pokemon sm
cure lovely	240	happinesscharge precure!, precure
delutaya	240	indie virtual youtuber
elysium (arknights)	240	arknights
heroine (dq4)	240	dragon quest, dragon quest iv
hk416 (starry cocoon) (girls' frontline)	240	girls' frontline
honolulu (summer accident?!) (azur lane)	240	azur lane
katsura kotonoha	240	school days
kohibari kurumi	240	tenshi souzou re-boot!
kuroshio kai ni (kancolle)	240	kantai collection
lily (ender lilies)	240	ender lilies quietus of the knights
marui hitoha	240	mitsudomoe (manga)
megumi (girls und panzer)	240	girls und panzer
melona (queen's blade)	240	queen's blade
misono karin	240	magia record: mahou shoujo madoka magica gaiden, mahou shoujo madoka magica
momiji (blue archive)	240	blue archive
peacock (skullgirls)	240	skullgirls
pela (honkai: star rail)	240	honkai: star rail, honkai (series)
sasaki kanna (kaedeko)	240	gaki kyonyuu
tail (honkai: star rail)	240	honkai: star rail, honkai (series)
teemo	240	league of legends
yuuno scrya	240	lyrical nanoha, mahou shoujo lyrical nanoha
zapstring (wuthering waves)	240	wuthering waves
brid (nikke)	239	goddess of victory: nikke
crona (soul eater)	239	soul eater
elysia (peachy spring) (honkai impact)	239	honkai (series), honkai impact 3rd
fukuda noriko	239	idolmaster, idolmaster million live!
itoshiki nozomu	239	sayonara zetsubou sensei
kid (chrono cross)	239	chrono cross
kira tsubasa	239	love live!, love live! school idol project
kusanagi kyou	239	the king of fighters
maruzensky (blasting off summer night) (umamusume)	239	umamusume
nikaidou (dorohedoro)	239	dorohedoro
reinhardt (overwatch)	239	overwatch, overwatch 1
reuniclus	239	pokemon
sharpedo	239	pokemon
shinomiya karen	239	idolmaster, idolmaster million live!
shiratsuyu (swimsuit) (kancolle)	239	kantai collection
shizuka rin (1st costume)	239	nijisanji
shizuki hitomi	239	mahou shoujo madoka magica, mahou shoujo madoka magica (anime)
tailred	239	ore twintail ni narimasu
zhuge kongming (honkai impact)	239	honkai (series), honkai impact 3rd
akigumo kai ni (kancolle)	238	kantai collection
amagi kai (kancolle)	238	kantai collection
arcee	238	transformers
artemis (sailor moon)	238	bishoujo senshi sailor moon
asumi sena	238	vspo!, cattleya regina games
curly brace	238	doukutsu monogatari
elu (nijisanji)	238	nijisanji
ethel (xenoblade)	238	xenoblade chronicles (series), xenoblade chronicles 3
flora (fire emblem)	238	fire emblem, fire emblem fates
juvia lockser	238	fairy tail
kaga nazuna	238	vspo!, lupinus virtual games
kamiki mirai	238	gundam, gundam build fighters, gundam build fighters try
laegjarn (fire emblem)	238	fire emblem, fire emblem heroes
lakshmibai (fate)	238	fate/grand order, fate (series)
loona (helluva boss)	238	helluva boss
nora valkyrie	238	rwby
orihara izaya	238	durarara!!
power girl (1976 costume)	238	dc comics, superman (series)
saiga-12 (girls' frontline)	238	girls' frontline
samejima mamimi	238	flcl
scott pilgrim	238	scott pilgrim (series), scott pilgrim takes off
tatsugiri	238	pokemon
tenma maemi	238	phase connect
toph bei fong	238	avatar legends, avatar: the last airbender
vivi (ac8231)	238	original
zas m21 (girls' frontline)	238	girls' frontline
akazutsumi momoko	237	powerpuff girls z
anastella (zenless zone zero)	237	zenless zone zero
apollo justice	237	ace attorney, apollo justice: ace attorney
cure magical	237	mahou girls precure!, precure
cure moonlight	237	heartcatch precure!, precure
finana ryugu (1st costume)	237	nijisanji, nijisanji en
fnc (girls' frontline)	237	girls' frontline
goredolf musik	237	fate (series), fate/grand order
grim reaper	237	
hitoyo (baffu)	237	original
jinshi (kusuriya no hitorigoto)	237	kusuriya no hitorigoto
kana (fire emblem)	237	fire emblem, fire emblem fates
kimeemaru	237	touhou
kurumi (kantoku)	237	original
matsuno karamatsu	237	osomatsu (series), osomatsu-san, osomatsu-kun
maylene (pokemon)	237	pokemon, pokemon dppt
natu	237	pokemon
nishimiya shouko	237	koe no katachi
pidgeot	237	pokemon
plymouth (azur lane)	237	azur lane
pola (seaside coincidence) (azur lane)	237	azur lane
saria (the law) (arknights)	237	arknights
serina (nurse) (blue archive)	237	blue archive
setsuna f. seiei	237	gundam, gundam 00
steve (minecraft)	237	minecraft
takamine takane	237	haite kudasai takamine-san
washington (azur lane)	237	azur lane
yagi toshinori	237	boku no hero academia
yato (arknights)	237	arknights, monster hunter (series)
yuki miku (2017)	237	vocaloid
bamboo memory (umamusume)	236	umamusume
chuck (psg)	236	panty & stocking with garterbelt
crown (nikke)	236	goddess of victory: nikke
cure wing	236	hirogaru sky! precure, precure
giuseppe garibaldi (kancolle)	236	kantai collection
heywood l. edwards (kancolle)	236	kantai collection
hikigaya komachi	236	yahari ore no seishun lovecome wa machigatteiru.
iwasawa masami	236	angel beats!
jururu	236	waktaverse
kisaragi ren (vtuber)	236	vspo!, iris black games
kohaku (yua)	236	original
kurosaki mea	236	to love-ru, to love-ru darkness
magik (x-men)	236	marvel, x-men, marvel rivals
marle (chrono trigger)	236	chrono trigger
mimino kurumi	236	precure, yes! precure 5, yes! precure 5 gogo!
naoe riki	236	little busters!
papika (flip flappers)	236	flip flappers
sakura miko (work)	236	hololive
shinazugawa sanemi	236	kimetsu no yaiba
swire the elegant wit (arknights)	236	arknights
u-1196	236	hataraku saibou, hataraku saibou black
urakaze (yukata mode) (kancolle)	236	kantai collection
vileplume	236	pokemon
ahiru (princess tutu)	235	princess tutu
arsene lupin iii	235	lupin iii
boryeon (last origin)	235	last origin
crono (chrono trigger)	235	chrono trigger
cure yell	235	precure, hugtto! precure
daki (kimetsu no yaiba)	235	kimetsu no yaiba
eiko carol	235	final fantasy, final fantasy ix
eva beatrice	235	umineko no naku koro ni
fall guy	235	fall guys
gawr gura (party dress)	235	hololive, hololive english
hamakaze (yukata mode) (kancolle)	235	kantai collection
houshou kumarine	235	hololive
kiyohime (swimsuit lancer) (third ascension) (fate)	235	fate (series), fate/grand order
louise (touhou)	235	touhou, touhou (pc-98)
meerkat (kemono friends)	235	kemono friends, kemono friends 3
mightyena	235	pokemon
siesta (zero no tsukaima)	235	zero no tsukaima
takaishi takeru	235	digimon, digimon adventure
tamamo (mon-musu quest!)	235	mon-musu quest!
tohsaka tokiomi	235	fate (series), fate/zero
asclepius (fate)	234	fate/grand order, fate (series)
corsola	234	pokemon
ginga nakajima	234	lyrical nanoha, mahou shoujo lyrical nanoha strikers
hellhound (monster girl encyclopedia)	234	monster girl encyclopedia
kumashiro maya	234	seikimatsu occult gakuin
levy mcgarden	234	fairy tail
light cruiser oni	234	kantai collection
liru	234	renkin san-kyuu magical pokaan
mash kyrielight (senpai killer outfit)	234	fate/grand order, fate (series)
ne-class heavy cruiser	234	kantai collection
oikura sodachi	234	monogatari (series), owarimonogatari
ribombee	234	pokemon
rir-chan	234	original
tamamo no mae (jk) (fate)	234	fate (series), fate/extra, fate/extella
victorious (kancolle)	234	kantai collection
z1 leberecht maass (swimsuit mode) (kancolle)	234	kantai collection
ariake (kancolle)	233	kantai collection
azuki azusa	233	hentai ouji to warawanai neko.
cucouroux (granblue fantasy)	233	granblue fantasy
cure diamond	233	precure, dokidoki! precure
fi (zelda)	233	the legend of zelda, the legend of zelda: skyward sword
impostor (among us)	233	among us
izuna (shinrabanshou)	233	shinrabanshou
kagayaki homare	233	precure, hugtto! precure
minccino	233	pokemon, pokemon bw
murata himeko (vermillion knight)	233	honkai (series), honkai impact 3rd
nagusa (blue archive)	233	blue archive
neneka (princess connect!)	233	princess connect!
nishikitaitei-chan	233	kantai collection
peter parker	233	marvel, spider-man (series)
princess leia	233	star wars, star wars: return of the jedi
puniru (puniru wa kawaii slime)	233	puniru wa kawaii slime
quilava	233	pokemon
ramona flowers	233	scott pilgrim (series), scott pilgrim takes off
red pikmin	233	pikmin (series), super smash bros.
regis altare	233	holostars, holostars english
scathacha (granblue fantasy)	233	granblue fantasy
senkawa minato	233	onii-chan wa oshimai!
shu yamino	233	nijisanji, nijisanji en
shuten douji (festival outfit) (fate)	233	fate/grand order, fate (series)
yatagarasu (tsukumo sana)	233	hololive, hololive english
alessandra susu	232	tokyo 7th sisters
araki nonoka (karaage bou)	232	original
aru (new year) (blue archive)	232	blue archive
black gold saw	232	black rock shooter
dark pit	232	kid icarus, kid icarus uprising, super smash bros.
diego brando	232	jojo no kimyou na bouken, steel ball run
genocider shou	232	danganronpa (series), danganronpa: trigger happy havoc
ichii tooru	232	a channel
igarashi rika	232	nijisanji
janna (league of legends)	232	league of legends
joker (dc)	232	dc comics, batman (series)
kuronami (lvi)	232	original
lae'zel	232	baldur's gate, baldur's gate 3, dungeons & dragons
linne (under night in-birth)	232	under night in-birth
mash kyrielight (swimsuit of perpetual summer ver.02)	232	fate/grand order, fate (series)
matilda bouanich	232	reverse:1999
mona (pact of stars and moon) (genshin impact)	232	genshin impact
mousse (arknights)	232	arknights
murakami tomoe	232	idolmaster, idolmaster cinderella girls
orion (bear) (fate)	232	fate (series), fate/grand order
perlica (arknights)	232	arknights, arknights: endfield
rixia mao	232	eiyuu densetsu, ao no kiseki, zero no kiseki
shirogane noel (school uniform)	232	hololive
teddiursa	232	pokemon
uzuki kou	232	nijisanji
wu zetian (first ascension) (fate)	232	fate/grand order, fate (series)
xingchen	232	vocaloid
yusa emi	232	hataraku maou-sama!
bastet (p&d)	231	puzzle & dragons
ceruledge	231	pokemon
chasca (genshin impact)	231	genshin impact
conte di cavour nuovo (kancolle)	231	kantai collection
cure grace	231	precure, healin' good precure
elisia valfelto	231	original
g36c (girls' frontline)	231	girls' frontline
guts (kill la kill)	231	kill la kill
hisoka morow	231	hunter x hunter
house dragonmaid	231	yu-gi-oh!
kido tsubomi	231	kagerou project
koffing	231	pokemon
lethe (fire emblem)	231	fire emblem, fire emblem: path of radiance, fire emblem: radiant dawn
maihama ayumu	231	idolmaster, idolmaster million live!
mint (arknights)	231	arknights
munna	231	pokemon, pokemon bw
piyoko (uruha rushia)	231	hololive
retoree (show by rock!!)	231	show by rock!!
samsung sam	231	samsung
sen no rikyu (fate)	231	fate/grand order, fate (series)
shoukaku kai ni (kancolle)	231	kantai collection
sv-98 (girls' frontline)	231	girls' frontline
swiftsure (azur lane)	231	azur lane
yamato aki	231	idolmaster, idolmaster cinderella girls
algerie (azur lane)	230	azur lane
belial (granblue fantasy)	230	granblue fantasy
cindy aurum	230	final fantasy, final fantasy xv
dark magician	230	yu-gi-oh!
haku (sen to chihiro no kamikakushi)	230	sen to chihiro no kamikakushi
halsin	230	baldur's gate, baldur's gate 3, dungeons & dragons
kahili (pokemon)	230	pokemon, pokemon sm
katana man (chainsaw man)	230	chainsaw man
lion king (lancer) (fate)	230	fate/grand order, fate (series)
marida cruz	230	gundam, gundam unicorn
mizushima saki	230	idolmaster, idolmaster side-m
originium slug (arknights)	230	arknights
project bunny	230	honkai (series), honkai impact 3rd
queen draco (second ascension) (fate)	230	fate/grand order, fate (series)
roxas	230	kingdom hearts
shimohara sadako	230	brave witches, world witches series
sigurd (fate)	230	fate (series), fate/grand order
snow white (disney)	230	snow white and the seven dwarfs
taira no kagekiyo (fate)	230	fate/grand order, fate (series)
takaya noriko	230	top wo nerae! (series), top wo nerae!
u-olga marie	230	fate/grand order, fate (series)
uchiha obito	230	naruto (series), naruto shippuuden
beelstarmon	229	digimon
bili girl 33	229	bilibili
bowser jr.	229	mario (series)
chi-class torpedo cruiser	229	kantai collection
falling devil (chainsaw man)	229	chainsaw man
fighting master alleyne	229	queen's blade
king (snk)	229	the king of fighters, ryuuko no ken
koshigaya natsumi	229	non non biyori
kotohime (touhou)	229	touhou, touhou (pc-98)
light hello (umamusume)	229	umamusume
lycion	229	dungeon meshi
mayl sakurai (mega man)	229	mega man (series), mega man battle network (series)
meguru (cookie)	229	cookie (touhou), touhou
murasaki shikibu (swimsuit rider) (first ascension) (fate)	229	fate/grand order, fate (series)
otogibara era	229	nijisanji
penelo	229	final fantasy, final fantasy xii
roromiya karuta	229	inu x boku ss
rosado (fire emblem)	229	fire emblem, fire emblem engage
tokoyami fumikage	229	boku no hero academia
victini	229	pokemon, pokemon bw
ana coppola	228	ichigo mashimaro
asterios (fate)	228	fate (series), fate/grand order
catherine (project moon)	228	limbus company, project moon
chinatsu (hot spring) (blue archive)	228	blue archive
cogita (pokemon)	228	pokemon, pokemon legends: arceus
forte (shingeki no bahamut)	228	granblue fantasy, shingeki no bahamut
jenet behrn	228	fatal fury, garou: mark of the wolves, snk
kabu (pokemon)	228	pokemon, pokemon swsh
kagurazaka asuna	228	mahou sensei negima!
kawashima sapphire	228	hibike! euphonium
kokonoe tsubaki	228	original
master chief	228	halo (series)
oomuro hanako	228	yuru yuri, oomuro-ke
roboco-san (hoodie)	228	hololive
slaine troyard	228	aldnoah.zero
soldier 11 (zenless zone zero)	228	zenless zone zero
tap dance city (umamusume)	228	umamusume
toujou tsukasa	228	heaven burns red
allen avadonia	227	vocaloid, evillious nendaiki, aku no musume (vocaloid)
asakura rikako	227	touhou, touhou (pc-98)
hakuryuu (azur lane)	227	azur lane
himawari-san (character)	227	himawari-san
kamiya midori	227	original
kazama souta	227	senpai ga uzai kouhai no hanashi
ladydevimon	227	digimon
leblanc (league of legends)	227	league of legends
lurantis	227	pokemon
melantha (arknights)	227	arknights
mochizuki hijiri	227	idolmaster, idolmaster cinderella girls
queen dizzy	227	guilty gear, guilty gear strive
ro-500 (swimsuit mode) (kancolle)	227	kantai collection
siberian tiger (kemono friends)	227	kemono friends
smoker (one piece)	227	one piece
udagawa ako	227	bang dream!
valkyrie (p&d)	227	puzzle & dragons
yuzuriha (jigokuraku)	227	jigokuraku
articuno	226	pokemon
bagpipe (queen no. 1) (arknights)	226	arknights
caesar anthonio zeppeli	226	jojo no kimyou na bouken, battle tendency
christina (princess connect!)	226	princess connect!
dick grayson	226	dc comics, batman (series)
gemma (monster hunter wilds)	226	monster hunter (series), monster hunter wilds
gilgamesh (immoral biker jacket) (fate)	226	fate (series), fate/stay night
goldeen	226	pokemon
gotland andra (kancolle)	226	kantai collection
hakamada hinata	226	rou-kyuu-bu!
judd (splatoon)	226	splatoon (series), splatoon 1
lapis lazuli (houseki no kuni)	226	houseki no kuni
mandricardo (fate)	226	fate/grand order, fate (series)
ninja (final fantasy)	226	final fantasy
pkp (girls' frontline)	226	girls' frontline
rio rollins	226	super blackjack
roux louka	226	gundam, gundam zz
sabo (one piece)	226	one piece
sapphira nyx	226	final fantasy, final fantasy xiv, original
scarlet ibis (kemono friends)	226	kemono friends
seiya kou	226	bishoujo senshi sailor moon, bishoujo senshi sailor moon stars
sonoda yuu	226	sakura trick
steelix	226	pokemon
super sailor chibi moon	226	bishoujo senshi sailor moon, bishoujo senshi sailor moon supers
the yuudachi-like creature	226	kantai collection
voyager (reverse:1999)	226	reverse:1999
whip (kof)	226	the king of fighters
zange	226	kannagi
anzai romi	225	girls und panzer
chansey	225	pokemon
chariot (black rock shooter)	225	black rock shooter
elysia (summer miss elf) (honkai impact)	225	honkai (series), honkai impact 3rd
floragato	225	pokemon
furutaka kai ni (kancolle)	225	kantai collection
griseo (cosmic expression)	225	honkai (series), honkai impact 3rd
hana (fire emblem)	225	fire emblem, fire emblem fates
hat kid	225	a hat in time
helma lennartz	225	strike witches: suomus misfits squadron, world witches series
hiwatashi nazuna	225	brand new animal
itokonoue kaoru	225	project kv
kataoka yuuki	225	saki (manga)
koshimizu toru	225	nijisanji
kushima kamome	225	summer pockets
majora (entity)	225	the legend of zelda, the legend of zelda: majora's mask
narancia ghirga	225	jojo no kimyou na bouken, vento aureo
ninomae ina'nis (new year)	225	hololive, hololive english
okita sougo	225	gintama
olivia (pokemon)	225	pokemon, pokemon sm
q-bee	225	darkstalkers
raising heart (standby mode)	225	lyrical nanoha, mahou shoujo lyrical nanoha
relm arrowny	225	final fantasy, final fantasy vi
roro (gunvolt)	225	azure striker gunvolt, azure striker gunvolt 2
sara valestein	225	eiyuu densetsu, sen no kiseki (series), sen no kiseki i
sei shounagon (swimsuit berserker) (first ascension) (fate)	225	fate/grand order, fate (series)
shizuku (kantoku)	225	original
skirk (genshin impact)	225	genshin impact
sophie (tales)	225	tales of (series), tales of graces
yuugumo kai ni (kancolle)	225	kantai collection
zubat	225	pokemon
alastor (hazbin hotel)	224	hazbin hotel
ayra (fire emblem)	224	fire emblem, fire emblem: genealogy of the holy war
chinchou	224	pokemon
cinnamon (nekopara)	224	nekopara
debidebi debiru	224	nijisanji
firefly (ar-26710) (honkai: star rail)	224	honkai: star rail, honkai (series)
frankenstein's monster (swimsuit saber) (first ascension) (fate)	224	fate (series), fate/grand order
hoshimachi suisei (shout in crisis)	224	hololive
irisu fuyumi	224	hyouka
lisa (ponyo)	224	gake no ue no ponyo
manon legrand	224	street fighter, street fighter 6
mizuki kotori (yu-gi-oh!)	224	yu-gi-oh!, yu-gi-oh! zexal
nymph (arknights)	224	arknights
rpk-16 (renate) (girls' frontline)	224	girls' frontline
ryuuzaki umi	224	magic knight rayearth
saigyouji yuyuko (living)	224	touhou
shiranui kai ni (kancolle)	224	kantai collection
volcarona	224	pokemon
yabuki kana	224	idolmaster, idolmaster million live!
atri	223	atri-my dear moments-
aurochs (kemono friends)	223	kemono friends
azuki (nekopara)	223	nekopara
azula	223	avatar legends, avatar: the last airbender
bumblebee (transformers)	223	transformers
cure wonderful	223	precure, wonderful precure!
digitan (porforever)	223	original
dlanor a. knox	223	umineko no naku koro ni
final form frieza	223	dragon ball, dragon ball z
haruka (new year) (blue archive)	223	blue archive
ikuta haruki	223	idolmaster, idolmaster shiny colors
jinako carigiri	223	fate (series), fate/grand order, fate/extra
k' (kof)	223	the king of fighters
murkrow	223	pokemon
pandora (mega man)	223	mega man (series), mega man zx
rosanna (nikke)	223	goddess of victory: nikke
sessyoin kiara (swimsuit mooncancer) (first ascension)	223	fate/grand order, fate (series)
shamu meruruusa	223	kaiten muten-maru
sin kiske	223	guilty gear, guilty gear xrd, guilty gear strive
snow white (sinoalice)	223	sinoalice
southern tamandua (kemono friends)	223	kemono friends
suicidal girl (hamsterfragment)	223	original
suzushina yuriko	223	toaru majutsu no index
suzuya (christmas mode) (kancolle)	223	kantai collection
watarase jun	223	happiness!
baobhan sith (swimsuit pretender) (second ascension) (fate)	222	fate/grand order, fate (series)
cerberus (shingeki no bahamut)	222	shingeki no bahamut
delthea (fire emblem)	222	fire emblem, fire emblem echoes: shadows of valentia
durga (fate)	222	fate (series), fate/grand order
killer queen	222	jojo no kimyou na bouken, diamond wa kudakenai
kogami akira	222	lucky star
lorenz hellman gloucester	222	fire emblem, fire emblem: three houses
magatsuchi shouta	222	kobayashi-san chi no maidragon
magia azure	222	mahou shoujo ni akogarete
orfevre (old design) (umamusume)	222	umamusume
sekishiro mico	222	nanashi inc., honey strap
silence suzuka (emerald on the waves) (umamusume)	222	umamusume
tabitha (zero no tsukaima)	222	zero no tsukaima
tachibana hinano	222	vspo!
tamamo aria (fate)	222	fate (series), fate/samurai remnant
usada pekora (furi furi bunny dress)	222	hololive
aizawa kazuha	221	assault lily
chosen undead	221	dark souls (series), dark souls i
kanae (tsukiman)	221	original
litchi faye ling	221	blazblue
lunch (bad) (dragon ball)	221	dragon ball, dragon ball (classic)
manaka non (normal)	221	pretty series, pripara
martha (swimsuit ruler) (third ascension) (fate)	221	fate/grand order, fate (series)
mp5 (girls' frontline)	221	girls' frontline
nikaido chizuru	221	idolmaster, idolmaster million live!
rattata	221	pokemon
senya (dq11)	221	dragon quest, dragon quest xi
souya ichika	221	nanashi inc., animare
spirit blossom kindred	221	league of legends
takamine noa	221	idolmaster, idolmaster cinderella girls
tanaka mako	221	watashi ga motenai no wa dou kangaetemo omaera ga warui!
tiger (kemono friends)	221	kemono friends
ursula (23)	221	original
wien margarete	221	love live!, love live! superstar!!
bili girl 22	220	bilibili
buront	220	touhou, final fantasy, final fantasy xi
cthulhu	220	cthulhu mythos
dipper pines	220	gravity falls
dorothy west	220	pretty series, pripara
dragapult	220	pokemon
gokotai	220	touken ranbu
io (pso2)	220	phantasy star, phantasy star online 2
koshi torako	220	shikanoko nokonoko koshitantan
matara kan	220	vshojo
meika hime	220	vocaloid
mishima kazuya	220	tekken, super smash bros.
osakabehime (swimsuit archer) (fate)	220	fate/grand order, fate (series)
platinum (shimmering dew) (arknights)	220	arknights
razia	220	granblue fantasy
snuffy (vtuber)	220	indie virtual youtuber
solaria (ebonyxh)	220	original
swanna	220	pokemon, pokemon bw
weapon merchant cattleya	220	queen's blade
wilhelmina braunschweig ingenohl friedeburg	220	high school fleet
xenomorph	220	alien (series), alien (1979)
a-chan (1st costume) (hololive)	219	hololive
aipom	219	pokemon
alakazam	219	pokemon
chou-10cm-hou-chan (hatsuzuki's)	219	kantai collection
cure nyammy	219	precure, wonderful precure!
emilie (genshin impact)	219	genshin impact
emily stock	219	original
empoleon	219	pokemon
hanazono hakari	219	kimi no koto ga dai dai dai dai daisuki na 100-nin no kanojo
haruna (new year) (blue archive)	219	blue archive
kurosu aroma	219	pretty series, pripara
kyouno madoka	219	rinne no lagrange
lilith (saikin yatotta maid ga ayashii)	219	saikin yatotta maid ga ayashii
mitachurl (genshin impact)	219	genshin impact
momdroid (mechanical buddy universe)	219	mechanical buddy universe
painwheel (skullgirls)	219	skullgirls
ramza beoulve	219	final fantasy, final fantasy tactics
rika (touhou)	219	touhou, touhou (pc-98)
satyr (granblue fantasy)	219	granblue fantasy
shiny chariot	219	little witch academia
tibetan fox (kemono friends)	219	kemono friends
zentreya (dragon)	219	vshojo
aizawa tomo	218	tomo-chan wa onna no ko
antonio salieri (second ascension) (fate)	218	fate/grand order, fate (series)
black cat (marvel)	218	marvel, spider-man (series)
cithis	218	dungeon meshi
drifblim	218	pokemon
framme (fire emblem)	218	fire emblem, fire emblem engage
gundula rall	218	world witches series, brave witches
matsumi kuro	218	saki (manga), saki achiga-hen
miyadeguchi mizuchi	218	touhou
musharna	218	pokemon, pokemon bw
mystia lorelei (bird)	218	touhou
nishizono chigusa	218	nijisanji
poro (league of legends)	218	league of legends
quiet (metal gear)	218	metal gear (series), metal gear solid v: the phantom pain
rapunzel (nikke)	218	goddess of victory: nikke
red riding hood (sinoalice)	218	sinoalice
rockruff	218	pokemon
sumomo (blue archive)	218	blue archive
velouria (fire emblem)	218	fire emblem, fire emblem fates
wolfgang amadeus mozart (fate)	218	fate/grand order, fate (series)
yagen toushirou	218	touken ranbu
zakuro (rariatto)	218	noss & zakuro
akatsuki (log horizon)	217	log horizon
doudanuki masakuni	217	touken ranbu
elhaym van houten	217	xenogears
fletchling	217	pokemon
freyja (fire emblem)	217	fire emblem, fire emblem heroes
gagaga girl	217	yu-gi-oh!, yu-gi-oh! zexal
haxorus	217	pokemon
hector (fire emblem)	217	fire emblem, fire emblem: the blazing blade
helianthus (girls' frontline)	217	girls' frontline
k/da all out evelynn	217	league of legends
kobushi abiru	217	sayonara zetsubou sensei
lulu (ff10)	217	final fantasy, final fantasy x
matsuno choromatsu	217	osomatsu (series), osomatsu-san, osomatsu-kun
meika mikoto	217	vocaloid
mithrun (young)	217	dungeon meshi
nakaseko kaori	217	hibike! euphonium
nina (breath of fire ii)	217	breath of fire, breath of fire ii
orin the red	217	baldur's gate, baldur's gate 3, dungeons & dragons
spheal	217	pokemon
swampert	217	pokemon
taion (xenoblade)	217	xenoblade chronicles (series), xenoblade chronicles 3
tosaki mimi	217	vspo!, cattleya regina games
viola (pokemon)	217	pokemon, pokemon xy
yang guifei (third ascension) (fate)	217	fate/grand order, fate (series)
yunomiya agari	217	original
a.k.i. (street fighter)	216	street fighter, street fighter 6
albacore (azur lane)	216	azur lane
beatrice (princess principal)	216	princess principal
belarus (hetalia)	216	axis powers hetalia
broly (dragon ball z)	216	dragon ball, dragon ball z
cure chocolat	216	kirakira precure a la mode, precure
cure la mer	216	precure, tropical-rouge! precure
cure passion	216	fresh precure!, precure
duke of york (azur lane)	216	azur lane
godzilla (shin)	216	godzilla (series), shin godzilla
helena blavatsky (third ascension) (fate)	216	fate/grand order, fate (series)
kaname buccaneer	216	macross, macross delta
kikyou (inuyasha)	216	inuyasha
kiryuu moeka	216	steins;gate
kiyohime (third ascension) (fate)	216	fate/grand order, fate (series)
majin buu	216	dragon ball, dragon ball z
may of doom	216	last origin
otouto (92m)	216	original
rhea (summer) (fire emblem)	216	fire emblem, fire emblem: three houses, fire emblem heroes
selphie tilmitt	216	final fantasy, final fantasy viii
strelizia	216	darling in the franxx
tanikaze amane	216	tenshi souzou re-boot!
teletha testarossa	216	full metal panic!
yoshino chidori	216	persona, persona 3
asbel lhant	215	tales of (series), tales of graces
dana zane	215	va-11 hall-a
dateko (92m)	215	original
kiryu tsukasa (idolmaster)	215	idolmaster, idolmaster cinderella girls
rodney (azur lane)	215	azur lane
suo sango (1st costume)	215	nijisanji
thanatos (hades)	215	hades (series), hades 1
anne (shingeki no bahamut)	214	shingeki no bahamut, manaria friends
chouno ami	214	girls und panzer
crystal exarch	214	final fantasy, final fantasy xiv
cure summer	214	precure, tropical-rouge! precure
eliza (skullgirls)	214	skullgirls
ermes costello	214	jojo no kimyou na bouken, stone ocean
evelysse (star ocean)	214	star ocean, star ocean anamnesis
female mage (dungeon and fighter)	214	dungeon and fighter
futaki kanata	214	little busters!
godzilla (monsterverse)	214	godzilla (series), monsterverse
inu sakuya (nejikirio)	214	touhou
lawine (sousou no frieren)	214	sousou no frieren
le temeraire (azur lane)	214	azur lane
li sushang (jade knight)	214	honkai (series), honkai impact 3rd
masaki sasami jurai	214	tenchi muyou!
nazuna (hidamari sketch)	214	hidamari sketch
nuko (shoujo shuumatsu ryokou)	214	shoujo shuumatsu ryokou
ogami sakura	214	danganronpa (series), danganronpa: trigger happy havoc
protagonist 2 (housamo)	214	tokyo afterschool summoners
raven (honkai impact)	214	honkai (series), honkai impact 3rd
sakuyamon	214	digimon
shining (silent night) (arknights)	214	arknights
shinko windy (umamusume)	214	umamusume
shiro (sewayaki kitsune no senko-san)	214	sewayaki kitsune no senko-san
soda (twinkling bunny) (nikke)	214	goddess of victory: nikke
sr-3mp (girls' frontline)	214	girls' frontline
sunday silence (racehorse)	214	umamusume, original
takamura yui	214	muv-luv, muv-luv alternative, muv-luv total eclipse
xiao (project moon)	214	library of ruina, project moon
archie (pokemon)	213	pokemon, pokemon oras
aria wintermint	213	the crawling city
dark samus	213	metroid, metroid prime, super smash bros.
fairimon	213	digimon
felicia hardy	213	marvel, spider-man (series)
kaburagi t. kotetsu	213	tiger & bunny
kuroki tomoki	213	watashi ga motenai no wa dou kangaetemo omaera ga warui!
luke fon fabre	213	tales of (series), tales of the abyss
mass production eva	213	neon genesis evangelion, the end of evangelion
mukaido manaka	213	nagi no asukara
nakatsu shizuru	213	rewrite
princess of the crystal	213	mawaru penguindrum
sakutarou (umineko)	213	umineko no naku koro ni
sapling (ceres fauna)	213	hololive, hololive english
soma peries	213	gundam, gundam 00
sophie twilight	213	tonari no kyuuketsuki-san
tachibana himeko	213	k-on!
takamiya rion (1st costume)	213	nijisanji
tsukuyomi ai	213	voiceroid
utsushimi kemii	213	boku no hero academia
aika granzchesta	212	aria (manga)
airi kanna	212	stellive
anabuki tomoko	212	world witches series, strike witches: suomus misfits squadron
arisa (shadowverse)	212	shadowverse
asta (black clover)	212	black clover
dokugamine riruka	212	bleach
gohan beast	212	dragon ball, dragon ball super, dragon ball super super hero
guido mista	212	jojo no kimyou na bouken, vento aureo
hina (girls band cry)	212	girls band cry
hoshiguma (ronin huntress) (arknights)	212	arknights
jakuzure nonon (symphony regalia)	212	kill la kill
makinami (kancolle)	212	kantai collection
minthara	212	baldur's gate, baldur's gate 3, dungeons & dragons
nakahara misaki	212	nhk ni youkoso!
nephenee (fire emblem)	212	fire emblem, fire emblem: path of radiance, fire emblem: radiant dawn
petra leyte	212	re:zero kara hajimeru isekai seikatsu
sage (granblue fantasy)	212	granblue fantasy
shirakami fubuki (new year)	212	hololive
tokido saya	212	little busters!
type 100 (girls' frontline)	212	girls' frontline
vanessa (kof)	212	the king of fighters
ajax (azur lane)	211	azur lane
asakura karen (heaven burns red)	211	heaven burns red
cure flora	211	go! princess precure, precure
d (nikke)	211	goddess of victory: nikke
drake (nikke)	211	goddess of victory: nikke
ebi frion (natsuiro matsuri)	211	hololive
eliwood (fire emblem)	211	fire emblem, fire emblem: the blazing blade
emiya alter	211	fate (series), fate/grand order
emma frost	211	marvel, x-men, marvel rivals
female gunner (dungeon and fighter)	211	dungeon and fighter
fumizuki (azur lane)	211	azur lane
gunner (sekaiju)	211	sekaiju no meikyuu, sekaiju no meikyuu 2
hassel (pokemon)	211	pokemon, pokemon sv
hermione (azur lane)	211	azur lane
horsea	211	pokemon
i:p masquerena	211	yu-gi-oh!
jessie rasberry	211	final fantasy, final fantasy vii, final fantasy vii remake
kiriha (tsugumomo)	211	tsugumomo
krystal	211	star fox
misaka worst	211	toaru majutsu no index, toaru majutsu no index: new testament
nyarla (osiimi)	211	crawling dreams
olimar	211	pikmin (series), super smash bros., mario (series)
rakka (haibane)	211	haibane renmei
waluigi	211	mario (series)
yuki miku (2019)	211	vocaloid
yuri (project moon)	211	project moon, limbus company
alita	210	battle angel alita
altair (re:creators)	210	re:creators
ars almal (1st costume)	210	nijisanji
bomb devil (chainsaw man)	210	chainsaw man
bra (dragon ball)	210	dragon ball, dragon ball gt
caterpie	210	pokemon
chesed (project moon)	210	project moon, library of ruina, lobotomy corporation
cinder fall	210	rwby
colonel sanders	210	kfc
cyrus (pokemon)	210	pokemon, pokemon dppt
hikasa tomoshika	210	voms
izumi-no-kami kanesada	210	touken ranbu
japanese wolf (kemono friends)	210	kemono friends
kate (shadows house)	210	shadows house
levia (closers)	210	closers
lynn minmay	210	macross, choujikuu yousai macross, macross: do you remember love?
maribel (dq7)	210	dragon quest, dragon quest vii
miyanaga teru	210	saki (manga)
neo asari	210	gakuen idolmaster, idolmaster
nonohara akane	210	idolmaster, idolmaster million live!
pearl fey	210	ace attorney
projekt red (light breeze) (arknights)	210	arknights
protean assassin melona	210	queen's blade
ravel phenex	210	high school dxd
red pyro (tf2)	210	team fortress 2
sanya (kuzuha)	210	nijisanji
starscourge radahn	210	elden ring
turn a gundam (mobile suit)	210	gundam, turn a gundam
ultraman	210	ultra series, ultraman (1st series)
zygarde	210	pokemon
2p (nier:automata)	209	nier (series), nier:automata
asashio (halloween mode) (kancolle)	209	kantai collection
bloom (irys)	209	hololive, hololive english
caspar von bergliez	209	fire emblem, fire emblem: three houses
crimson viper	209	street fighter, street fighter iv (series)
hattori shizuka	209	strike witches, world witches series
igrene (fire emblem)	209	fire emblem, fire emblem: the binding blade
kakavasha (honkai: star rail)	209	honkai: star rail, honkai (series)
kazuha's friend (genshin impact)	209	genshin impact
lucifer (umineko)	209	umineko no naku koro ni
lunafreya nox fleuret	209	final fantasy, final fantasy xv
miyabi (senran kagura)	209	senran kagura, senran kagura shinovi versus
mizusaki tsubame	209	eizouken ni wa te wo dasu na!
murasaki shion (hololive summer 2019)	209	hololive
nah (fire emblem)	209	fire emblem, fire emblem awakening
nono (top wo nerae 2!)	209	top wo nerae! (series), top wo nerae 2!
nozaki umetarou	209	gekkan shoujo nozaki-kun
penpen	209	neon genesis evangelion
prunechi	209	original
skullman (blue archive)	209	blue archive
stg44 (girls' frontline)	209	girls' frontline
tachibana yuu (yakitomato)	209	original
utsumi erice (swimsuit avenger)	209	fate (series), fate/grand order
wonderlands x showtime miku	209	project sekai, vocaloid
yozora mel (2nd costume)	209	hololive
2k-tan	208	os-tan
aimaina	208	vocaloid
ambriel (arknights)	208	arknights
amou kanade	208	senki zesshou symphogear
android 17	208	dragon ball, dragon ball z
astgenne (arknights)	208	arknights
bakugou mitsuki	208	boku no hero academia
battle bunny riven	208	league of legends
cicin mage (genshin impact)	208	genshin impact
cure majesty	208	hirogaru sky! precure, precure
cure princess	208	precure, happinesscharge precure!
danjin (wuthering waves)	208	wuthering waves
dick gumshoe	208	ace attorney
eve santaclaus	208	idolmaster, idolmaster cinderella girls
finn the human	208	adventure time
hanabusa lisa	208	vspo!, cattleya regina games
hoto mocha	208	gochuumon wa usagi desu ka?
kachimachi kosuzu	208	link! like! love live!, love live!
konoe a. mercury	208	blazblue
lilim (monster girl encyclopedia)	208	monster girl encyclopedia, original
machoke	208	pokemon
matou shinji	208	fate (series), fate/stay night
riku (kingdom hearts)	208	kingdom hearts
rose (street fighter)	208	street fighter
sara (touhou)	208	touhou, touhou (pc-98)
shimizu kiyoko	208	haikyuu!!
sonya (fire emblem gaiden)	208	fire emblem, fire emblem echoes: shadows of valentia
xu fu (first ascension) (fate)	208	fate/grand order, fate (series)
andreana (arknights)	207	arknights
drednaw	207	pokemon, pokemon swsh
himura kenshin	207	rurouni kenshin
karibuchi hikari	207	world witches series, brave witches
kouhai-chan (tawawa)	207	getsuyoubi no tawawa
kuriboh	207	yu-gi-oh!
kurohanya (niliu chahui)	207	original
kyoka (halloween) (princess connect!)	207	princess connect!
mihama chiyo's father	207	azumanga daioh
pholia	207	granblue fantasy
shellder	207	pokemon
suzuka gozen (swimsuit rider) (fate)	207	fate/grand order, fate (series)
takatsuki ichika	207	ano natsu de matteru
thief (final fantasy)	207	final fantasy, final fantasy x, final fantasy x-2
tien (granblue fantasy)	207	granblue fantasy
tsukimi eiko	207	paripi koumei
vergilius (project moon)	207	project moon, limbus company
watson amelia (party dress)	207	hololive, hololive english
yagokoro	207	touhou
abyssal admiral (kancolle)	206	kantai collection
anchorage water oni	206	kantai collection
arctic fox (kemono friends)	206	kemono friends
china (hetalia)	206	axis powers hetalia
cubone	206	pokemon
dedf1sh	206	splatoon (series), splatoon 3, splatoon 3: side order
doujima ryoutarou	206	persona, persona 4
gawr gura (school uniform)	206	hololive, hololive english
gotou moyoko	206	girls und panzer
gray fullbuster	206	fairy tail
hinata natsumi	206	keroro gunsou
hoshina tomoko	206	to heart, to heart (series)
indigo (arknights)	206	arknights
ishida yamato	206	digimon, digimon adventure
kamio reiji (yua)	206	kantai collection
karen (pokemon)	206	pokemon, pokemon hgss
katou hazuki	206	hibike! euphonium
kirahoshi ciel	206	kirakira precure a la mode, precure
kisaragi shintarou	206	kagerou project
konori mii	206	toaru majutsu no index, toaru kagaku no railgun
laimu (vtuber)	206	vinesauce, indie virtual youtuber
lucie (millie parfait)	206	nijisanji, nijisanji en
makaino ririmu (5th costume)	206	nijisanji
matsuno osomatsu	206	osomatsu (series), osomatsu-san, osomatsu-kun
mg5 (girls' frontline)	206	girls' frontline
munetani mashiro	206	high school fleet
onsoku no sonic	206	one-punch man
pauline (mario)	206	mario (series), donkey kong (series)
poliwag	206	pokemon
popukar (arknights)	206	arknights
qiyana (league of legends)	206	league of legends
rain mikamura	206	gundam, g gundam
sakurazaki setsuna	206	mahou sensei negima!
sp//dr	206	marvel, spider-man (series), spider-verse
vaggie	206	hazbin hotel
velvet (odin sphere)	206	odin sphere
aoyama blue mountain	205	gochuumon wa usagi desu ka?
c-ms (girls' frontline)	205	girls' frontline
chou-10cm-hou-chan (teruzuki's)	205	kantai collection
giratina (altered)	205	pokemon
hanami kotoha	205	mahou girls precure!, precure
histoire	205	neptune (series)
i-201 (kancolle)	205	kantai collection
illumi zoldyck	205	hunter x hunter
joseph joestar (old)	205	jojo no kimyou na bouken, stardust crusaders
junkrat (overwatch)	205	overwatch, overwatch 1
kenmochi touko	205	nijisanji
koko (kamitsubaki studio)	205	kamitsubaki studio
kujou hikari	205	futari wa precure, precure, futari wa precure max heart
miyako (princess connect!)	205	princess connect!
nicola (granblue fantasy)	205	granblue fantasy
richter belmont	205	castlevania (series), castlevania: rondo of blood, super smash bros.
sawatari makoto	205	kanon
spongebob squarepants	205	spongebob squarepants (series)
tamanami (kancolle)	205	kantai collection
tongkkangi (streamer)	205	tongkkangi
usami (danganronpa)	205	danganronpa (series), danganronpa 2: goodbye despair, galaga
violet (ac8231)	205	original
add (fate)	204	fate (series), lord el-melloi ii case files
agent 3 (splatoon 3)	204	splatoon (series), splatoon 3
amano nene (vtuber)	204	production kawaii
anya (mouthwashing)	204	mouthwashing
blue-eyes white dragon	204	yu-gi-oh!, yu-gi-oh! duel monsters
elven forest maker	204	last origin
emiya kiritsugu (assassin)	204	fate (series), fate/grand order
eria (yu-gi-oh!)	204	yu-gi-oh!
hyakkimaru (dororo)	204	dororo (tezuka)
illustrious (morning star of love and hope) (azur lane)	204	azur lane
jean pierre polnareff	204	jojo no kimyou na bouken, stardust crusaders
kazuno leah	204	love live!, love live! sunshine!!
kome-kome (precure)	204	delicious party precure, precure
lava the purgatory (arknights)	204	arknights
misato (princess connect!)	204	princess connect!
nacchan (ohisashiburi)	204	original
roberta (black lagoon)	204	black lagoon
sage (sonic)	204	sonic (series), sonic frontiers
seulbi lee	204	closers
shione (niliu chahui)	204	original
shiramine rika	204	original
suzutsuki (swimsuit mode) (kancolle)	204	kantai collection
uesugi u. kyouko	204	tokyo 7th sisters
vanillite	204	pokemon
afuro terumi	203	inazuma eleven (series), inazuma eleven
azhdaha (genshin impact)	203	genshin impact
cure honey	203	happinesscharge precure!, precure
gwen tennyson	203	ben 10
hisuian growlithe	203	pokemon, pokemon legends: arceus
inda karane	203	kimi no koto ga dai dai dai dai daisuki na 100-nin no kanojo
kagome misaki	203	alice gear aegis
kanbe kotori	203	rewrite
kokoro (darling in the franxx)	203	darling in the franxx
mini nobu (fate)	203	fate (series), fate/grand order
nonowa	203	idolmaster, idolmaster (classic)
octane (apex legends)	203	apex legends
pixiv-tan	203	pixiv
queen draco (third ascension) (fate)	203	fate/grand order, fate (series)
sada (pokemon)	203	pokemon, pokemon sv
sawatari akane (chainsaw man)	203	chainsaw man
shiraki meiko	203	prison school
sugimoto reimi	203	jojo no kimyou na bouken, diamond wa kudakenai
super sonic	203	sonic (series)
unsinkable sam	203	kantai collection
voltorb	203	pokemon
wolf spirit (touhou)	203	touhou
wynn (yu-gi-oh!)	203	yu-gi-oh!
yoo joonghyuk	203	omniscient reader's viewpoint
amane kanata (punk rock)	202	hololive
beast boy (dc)	202	dc comics, teen titans
blair (soul eater)	202	soul eater
curse maker	202	sekaiju no meikyuu, sekaiju no meikyuu 1
fukiyose seiri	202	toaru majutsu no index
gloom (irys)	202	hololive, hololive english
goku black	202	dragon ball, dragon ball super
hiraga saito	202	zero no tsukaima
irisviel von einzbern (angel's song)	202	fate (series), fate/zero
kotoka torahime	202	nijisanji, nijisanji en
lampent	202	pokemon
linhardt von hevring	202	fire emblem, fire emblem: three houses
rogue (x-men)	202	marvel, x-men
rosemi lovelock (1st costume)	202	nijisanji, nijisanji en
sanaki kirsch altina	202	fire emblem, fire emblem: radiant dawn
sin mal	202	honkai (series), benghuai xueyuan
suzuka utako	202	nijisanji
tav (baldur's gate)	202	baldur's gate, baldur's gate 3, dungeons & dragons
tina (closers)	202	closers
urabe mikoto	202	nazo no kanojo x
wigglytuff	202	pokemon
yui (sao-alo)	202	sword art online
zoya (path to nowhere)	202	path to nowhere
amatsuka uto	201	indie virtual youtuber
batgirl	201	dc comics, batman (series)
can (honkai impact)	201	honkai (series), honkai impact 3rd
gajeel redfox	201	fairy tail
ibarazaki emi	201	katawa shoujo
illustrious (maiden lily's radiance) (azur lane)	201	azur lane
inumaki toge	201	jujutsu kaisen
jeanne d'arc (summer) (granblue fantasy)	201	granblue fantasy
kanon (umineko)	201	umineko no naku koro ni
kimberly jackson	201	street fighter, street fighter 6
komaru (himouto! umaru-chan)	201	himouto! umaru-chan
kushizaki (vtuber)	201	indie virtual youtuber
machita chima	201	nijisanji
magolor	201	kirby (series)
metal crab (arknights)	201	arknights
minamoto no raikou (swimsuit lancer) (third ascension) (fate)	201	fate/grand order, fate (series)
niya (blue archive)	201	blue archive
raikou	201	pokemon
sakuragi hanamichi	201	slam dunk (series)
scarlet (black shadow) (nikke)	201	goddess of victory: nikke
sekai (cevio)	201	cevio, kamitsubaki studio
sherlock shellingford	201	tantei opera milky holmes
shin (dorohedoro)	201	dorohedoro
shirahoshi	201	one piece
shoukaku (sororal wings) (azur lane)	201	azur lane
tionishia	201	monster musume no iru nichijou
tobisawa misaki	201	ao no kanata no four rhythm
tsujimoto natsumi	201	taiho shichauzo
tsunomaki watame (street casual)	201	hololive
yayoi sakura	201	cu-no
ashe (overwatch)	200	overwatch, overwatch 1
aurora sya lis kaymin	200	maou-jou de oyasumi
drayton (pokemon)	200	pokemon, pokemon sv
electro emilia	200	original
formidable (timeless classics) (azur lane)	200	azur lane
futaba rio	200	seishun buta yarou
grimmjow jaegerjaquez	200	bleach
inokuma youko	200	kin-iro mosaic
kagami sumika	200	muv-luv, muv-luv alternative
kinagase tsumugu	200	kill la kill
kirito (sao-alo)	200	sword art online
lifeline (apex legends)	200	apex legends
liliruca arde	200	dungeon ni deai wo motomeru no wa machigatteiru darou ka
lucia: crimson weave (pgr)	200	punishing: gray raven
mary (medical rabbit) (nikke)	200	goddess of victory: nikke
minami kana	200	minami-ke
miyagi shiori	200	shuuniichido classmate wo kau hanashi
obi-wan kenobi	200	star wars
otto apocalypse	200	honkai (series), honkai impact 3rd
plushmallow	200	original
rita rossweisse (fallen rosemary)	200	honkai (series), honkai impact 3rd
sabotender	200	final fantasy
serizawa chikaru	200	assault lily
ushi gozen (fate)	200	fate (series), fate/samurai remnant, fate/grand order
wallace (pokemon)	200	pokemon, pokemon oras
witch (puyopuyo)	200	puyopuyo
yajuu senpai	200	manatsu no yo no inmu, touhou, cookie (touhou)
yuigahama yui's mother	200	yahari ore no seishun lovecome wa machigatteiru.
yuki aine	200	aikatsu! (series), aikatsu friends!
asuna (stacia) (sao)	199	sword art online, sword art online: alicization, sword art online: alicization - war of underworld
ayin (project moon)	199	project moon, lobotomy corporation
bald eagle (kemono friends)	199	kemono friends
blanka	199	street fighter
corrin (female) (nohr noble) (fire emblem)	199	fire emblem, fire emblem fates, fire emblem heroes
dire wolf (kemono friends)	199	kemono friends, kemono friends v project
double (skullgirls)	199	skullgirls
ekubo (mob psycho 100)	199	mob psycho 100
eruruu	199	utawarerumono
fang (arknights)	199	arknights
ichihime	199	mahjong soul
ikebukuro akiha	199	idolmaster, idolmaster cinderella girls
jing ke (fate)	199	fate/grand order, fate (series)
katou keiko	199	witches of africa, world witches series
kirino ranmaru	199	inazuma eleven (series), inazuma eleven go
kogitsunemaru	199	touken ranbu
m4 sopmod ii jr	199	girls' frontline
mage (dq3)	199	dragon quest, dragon quest iii
magilou (tales)	199	tales of (series), tales of berseria
mammon (umineko)	199	umineko no naku koro ni
marie (persona 4)	199	persona, persona 4, persona 4 the golden
marine nemo (fate)	199	fate/grand order, fate (series)
natalia luzu kimlasca lanvaldear	199	tales of (series), tales of the abyss
polteageist	199	pokemon
scarlet witch	199	marvel, marvel cinematic universe
yellow pikmin	199	pikmin (series)
alma armas	198	va-11 hall-a
ardbert hylfyst	198	final fantasy, final fantasy xiv
ashelia b'nargin dalmasca	198	final fantasy, final fantasy xii
august von parseval (the conquered unhulde) (azur lane)	198	azur lane
bicute bunnies miku	198	vocaloid
caenis (swimsuit rider) (fate)	198	fate/grand order, fate (series)
claire francois	198	watashi no oshi wa akuyaku reijou
constanze amalie von braunschbank-albrechtsberger	198	little witch academia
doseisan	198	mother (series), mother 2
gallica (metaphor: refantazio)	198	metaphor: refantazio
gundam mk ii	198	gundam, zeta gundam
hapi (fire emblem)	198	fire emblem, fire emblem: three houses
kale (dragon ball)	198	dragon ball, dragon ball super
kurochijo	198	original
littorio (azur lane)	198	azur lane
lunala	198	pokemon
maki oze	198	en'en no shouboutai
mii (nintendo)	198	super smash bros.
palmtop tiger	198	toradora!
scar (wuthering waves)	198	wuthering waves
shadow (nerissa ravencroft)	198	hololive, hololive english
shinei nouzen	198	86 -eightysix-
snowsant (arknights)	198	arknights
team rocket grunt	198	pokemon
tina armstrong	198	dead or alive
tsugumi seishirou	198	nisekoi
viral (ttgl)	198	tengen toppa gurren lagann
winda (yu-gi-oh!)	198	yu-gi-oh!
yokune ruko	198	utau
archer (fate/samurai remnant)	197	fate/samurai remnant, fate (series)
ashen one (dark souls)	197	dark souls (series), dark souls iii
axel syrios	197	holostars, holostars english
ayame (gundam build divers)	197	gundam, gundam build divers
elsa granhilte	197	re:zero kara hajimeru isekai seikatsu
ema skye	197	ace attorney, apollo justice: ace attorney
fumi (nijisanji)	197	nijisanji
gramophone miku	197	miku symphony (vocaloid), vocaloid
ha-class destroyer	197	kantai collection
hanae (christmas) (blue archive)	197	blue archive
hoshimiya mukuro	197	date a live
kim pine	197	scott pilgrim (series)
konan (naruto)	197	naruto (series), naruto shippuuden
konata (kankin jk)	197	mishiranu joshikousei ni kankin sareta mangaka no hanashi
lisa lisa	197	jojo no kimyou na bouken, battle tendency
meganium	197	pokemon
minami chiaki	197	minami-ke
priite hari (torriet)	197	original
ragatha (the amazing digital circus)	197	the amazing digital circus
rin (inuyasha)	197	inuyasha
viper (valorant)	197	valorant
akagi (warship girls r)	196	warship girls r
asama tomo	196	kyoukaisenjou no horizon
black cat d.va	196	overwatch, overwatch 1
chitose sana	196	tenshinranman
cure star	196	precure, star twinkle precure
escha malier	196	atelier (series), atelier escha & logy
firelight ekko	196	league of legends, arcane: league of legends
fukube tamaki	196	gendai ninjakko zukan, akemiho tabi nikki
hammann (retrofit) (azur lane)	196	azur lane
hanazuki (azur lane)	196	azur lane
hornet (hollow knight)	196	hollow knight
illyasviel von einzbern (swimsuit archer) (second ascension)	196	fate (series), fate/grand order
janus (azur lane)	196	azur lane
koyanskaya (assassin) (second ascension) (fate)	196	fate/grand order, fate (series)
laby (elsword)	196	elsword
m.o.m.o.	196	xenosaga
nachi kai ni (kancolle)	196	kantai collection
narberal gamma	196	overlord (maruyama)
phrenapates (blue archive)	196	blue archive
podenco (arknights)	196	arknights
princess ruto	196	the legend of zelda, the legend of zelda: ocarina of time
rance	196	rance (series)
su (honkai impact)	196	honkai (series), honkai impact 3rd
surcouf (azur lane)	196	azur lane
takizawa kyouko	196	bijin onna joushi takizawa-san
tanaka hime	196	himehina channel
termichan (not-a-bot)	196	original
vedal987	196	indie virtual youtuber
yingxing (honkai: star rail)	196	honkai: star rail, honkai (series)
zebstrika	196	pokemon
ahsoka tano	195	star wars, star wars: the clone wars
crimson avenger (elsword)	195	elsword
entoma vasilissa zeta	195	overlord (maruyama)
eris (konosuba)	195	kono subarashii sekai ni shukufuku wo!
fiz (fizintine)	195	original
harusaki nodoka	195	hololive
isayama yomi	195	ga-rei, ga-rei zero
mito ikumi	195	shokugeki no souma
omaru polka (street casual)	195	hololive
poring	195	ragnarok online
princess chain chomp	195	mario (series), new super mario bros. u deluxe
rathalos	195	monster hunter (series)
riesbyfe stridberg	195	tsukihime, melty blood
sakuragi hinako	195	hinako note
trapinch	195	pokemon
upao (amane kanata)	195	hololive
viper (toxic rabbit) (nikke)	195	goddess of victory: nikke
yuki miku (2014)	195	vocaloid
zapdos	195	pokemon
alfonse (fire emblem)	194	fire emblem, fire emblem heroes
alia (mega man)	194	mega man (series), mega man x (series)
azusa (cookie)	194	cookie (touhou), touhou
black jaguar (kemono friends)	194	kemono friends
cheese (sonic)	194	sonic (series)
dogoo	194	neptune (series)
fukube satoshi	194	hyouka
ibuki (azur lane)	194	azur lane
isokaze (azur lane)	194	azur lane
jaye (arknights)	194	arknights
kazami mizuho	194	onegai teacher
laplace (nikke)	194	goddess of victory: nikke
luna-p	194	bishoujo senshi sailor moon, bishoujo senshi sailor moon r
luna snow	194	marvel, marvel rivals
mariya mikhailovna kujou	194	tokidoki bosotto roshia-go de dereru tonari no alya-san
meowstic	194	pokemon
monk (final fantasy)	194	final fantasy, final fantasy xiv
monoe	194	yume nikki
morty (pokemon)	194	pokemon, pokemon hgss
niko (oneshot)	194	oneshot (game)
owada mondo	194	danganronpa (series), danganronpa: trigger happy havoc
pattadol	194	dungeon meshi
pieck finger	194	shingeki no kyojin
saki (the atko)	194	original
solomon (fate)	194	fate (series), fate/grand order
tojou michiru	194	dolphin wave
ushiromiya eva	194	umineko no naku koro ni
viper (shine of love) (nikke)	194	goddess of victory: nikke
wadanohara	194	funamusea, oounabara to wadanohara
yuri seo	194	closers
aida rayhunton	193	gundam, gundam g no reconguista
ameth (princess connect!)	193	princess connect!
andou mahoro	193	mahoromatic
angol mois	193	keroro gunsou
arash (fate)	193	fate (series), fate/grand order, fate/prototype
ceobe (unfettered) (arknights)	193	arknights
dp-12 (girls' frontline)	193	girls' frontline
fu hua (taixuan impression)	193	honkai (series), honkai impact 3rd
hakase fuyuki (1st costume)	193	nijisanji
hikawa iona	193	happinesscharge precure!, precure
jiyan (wuthering waves)	193	wuthering waves
kawamura reo	193	sono hanabira ni kuchizuke wo
kiryuuin aoi	193	umamusume
kisaragi momo	193	kagerou project
lambda-11	193	blazblue
little mac	193	punch-out!!, super smash bros.
locke cole	193	final fantasy, final fantasy vi
lokulo-chan (lokulo no mawashimono)	193	original
nun bora	193	nijisanji, nijisanji kr
persicaria (neural cloud)	193	girls' frontline, girls' frontline neural cloud
raiden shogun (magatsu mitake narukami no mikoto)	193	genshin impact
ralsei	193	deltarune
rei (guilty gear)	193	guilty gear, guilty gear strive
rei (princess connect!)	193	princess connect!
rita rossweisse (artemis)	193	honkai (series), honkai impact 3rd
rumi (small) (blue archive)	193	blue archive
sakurada yuuta	193	onii-chan wa oshimai!
shishio chris (1st costume)	193	nanashi inc., sugar lyric
smol mumei	193	hololive, hololive english
thanatos (persona)	193	persona, persona 3
yusa (angel beats!)	193	angel beats!
akashiya moka	192	rosario+vampire
alcryst (fire emblem)	192	fire emblem, fire emblem engage
ashe ubert	192	fire emblem, fire emblem: three houses
bewear	192	pokemon
blue pikmin	192	pikmin (series)
canal vorfeed	192	lost universe
el (girls und panzer)	192	girls und panzer
elincia ridell crimea	192	fire emblem, fire emblem: radiant dawn, fire emblem: path of radiance
firewatch (arknights)	192	arknights
flamebringer (arknights)	192	arknights
itsuka shidou	192	date a live
jumpluff	192	pokemon
kuroda kunika	192	world witches series, noble witches
liv: empyrea (pgr)	192	punishing: gray raven
live twin ki-sikil	192	yu-gi-oh!
maehara shinobu	192	love hina
marina ismail	192	gundam, gundam 00
matsukai mao (1st costume)	192	nijisanji
meme (me!me!me!)	192	me!me!me!
mikeneko (vtuber)	192	indie virtual youtuber
nana (ice climber)	192	ice climber, super smash bros., the legend of zelda
nekota tsuna (1st costume)	192	vspo!
nevada (kancolle)	192	kantai collection
osanai (shashaki)	192	original
percival (granblue fantasy)	192	granblue fantasy
petilil	192	pokemon
shikibe mayu	192	riddle joker
shimiko (blue archive)	192	blue archive
sorakado ao	192	summer pockets
sotheby	192	reverse:1999
super sailor mercury	192	bishoujo senshi sailor moon
suzuki hina	192	himehina channel
utage (disguise) (arknights)	192	arknights
winter schnee	192	rwby
alex (minecraft)	191	minecraft
anise tatlin	191	tales of (series), tales of the abyss
ayase honoka	191	idolmaster, idolmaster cinderella girls
caro ru lushe	191	lyrical nanoha, mahou shoujo lyrical nanoha strikers
fuyuan (honkai: star rail)	191	honkai: star rail, honkai (series)
general student council president (blue archive)	191	blue archive
inutade	191	dungeon meshi
iris yuma	191	soulworker
isuzu kai ni (kancolle)	191	kantai collection
kaidou (one piece)	191	one piece
kanne (sousou no frieren)	191	sousou no frieren
kanzaki aoi (kimetsu no yaiba)	191	kimetsu no yaiba
koseki reina	191	idolmaster, idolmaster cinderella girls
lamia: lost lullaby (pgr)	191	punishing: gray raven
leisurely otter (genshin impact)	191	genshin impact
lust (fma)	191	fullmetal alchemist
matangomu-chan	191	original
minamoto no raikou (swimsuit lancer) (second ascension) (fate)	191	fate/grand order, fate (series)
nami (league of legends)	191	league of legends
naruse mio	191	shinmai maou no testament
sendai hazuki	191	shuuniichido classmate wo kau hanashi
she-hulk	191	marvel
shinigami (rain code)	191	master detective archives: rain code
takei junko	191	world witches series, strike witches: kurenai no majo-tachi
tezuka rin	191	katawa shoujo
uboa	191	yume nikki
wanda maximoff	191	marvel, marvel cinematic universe
cecil harvey	190	final fantasy, final fantasy iv
chigusa asuha	190	qualidea code
elaine auclair	190	eiyuu densetsu, kuro no kiseki (series), kuro no kiseki i
elina (queen's blade)	190	queen's blade
hazuki watora	190	original
hitsugaya toushirou	190	bleach
kamikoshi sorawo	190	urasekai picnic
kaneshiya sitara	190	alice gear aegis
karina lyle	190	tiger & bunny
kiawe (pokemon)	190	pokemon
mizusawa mao	190	kimi kiss
mori calliope (party dress)	190	hololive, hololive english
ookami ryouko	190	ookami-san
prier	190	la pucelle
protagonist (love and deepspace)	190	love and deepspace
raiden mei (valkyrie bladestrike)	190	honkai (series), honkai impact 3rd
red hood (nonsense red) (nikke)	190	goddess of victory: nikke
sakurasawa sumi	190	kanojo okarishimasu
shikibe ayaka	190	original
shiva (final fantasy)	190	final fantasy
sims (azur lane)	190	azur lane
special week (hopping vitamin heart) (umamusume)	190	umamusume
spiritomb	190	pokemon
tangela	190	pokemon
togashi yuuta	190	chuunibyou demo koi ga shitai!
vex (league of legends)	190	league of legends
wendy (wendy's)	190	wendy's
aggron	189	pokemon
akari (princess connect!)	189	princess connect!
alice (sinoalice)	189	sinoalice
alluka zoldyck	189	hunter x hunter
artoria pendragon (alter swimsuit rider) (first ascension) (fate)	189	fate (series), fate/grand order
awakened miki	189	idolmaster, idolmaster (classic)
darry adai	189	tengen toppa gurren lagann
ereshkigal (third ascension) (fate)	189	fate (series), fate/grand order
fate testarossa (lightning form)	189	lyrical nanoha, mahou shoujo lyrical nanoha, mahou shoujo lyrical nanoha a's
horaki hikari	189	neon genesis evangelion
hoshimachi suisei (oriental suit)	189	hololive
kamishirasawa keine (hakutaku)	189	touhou
kitakoji hisui	189	nijisanji
koko hekmatyar	189	jormungand (manga)
me-tan	189	os-tan
micchan (ohisashiburi)	189	original
misha (honkai: star rail)	189	honkai: star rail, honkai (series)
miwa kasumi	189	jujutsu kaisen
narciso anasui	189	jojo no kimyou na bouken, stone ocean
nari (cougar1404)	189	original
narusegawa naru	189	love hina
plachta	189	atelier (series), atelier sophie
quattro bajeena	189	gundam, zeta gundam
rottytops	189	shantae (series)
tisshu (karutamo)	189	original
w (wanted) (arknights)	189	arknights, ambience synesthesia
wallace wells	189	scott pilgrim (series), scott pilgrim takes off
white mage (fft)	189	final fantasy, final fantasy tactics
yawata maru (kancolle)	189	kantai collection
yorra villeneuve (nyantcha)	189	original
bae minah (chaesu)	188	original
brief (psg)	188	panty & stocking with garterbelt
comfey	188	pokemon
doro (nikke)	188	goddess of victory: nikke
druvis iii	188	reverse:1999
emboar	188	pokemon, pokemon bw
hanya (honkai: star rail)	188	honkai: star rail, honkai (series)
hazuki (tsukuyomi)	188	tsukuyomi moonphase
jenny wakeman	188	my life as a teenage robot
kujou miyako	188	9-nine-
light cruiser princess	188	kantai collection
loran cehack	188	gundam, turn a gundam
miyamoto musashi (swimsuit berserker) (first ascension) (fate)	188	fate/grand order, fate (series)
mori nagayoshi (fate)	188	fate (series), fate/grand order
no. 21: feral scent (pgr)	188	punishing: gray raven
north flight (umamusume)	188	umamusume
rama (fate)	188	fate/grand order, fate (series)
rebecca miyamoto	188	pani poni dash!
roy (pokemon)	188	pokemon, pokemon (anime), pokemon horizons
soleil (fire emblem)	188	fire emblem, fire emblem fates
star guardian lux	188	league of legends
tora (xenoblade 2)	188	xenoblade chronicles (series), xenoblade chronicles 2
tri (zelda)	188	the legend of zelda, the legend of zelda: echoes of wisdom
yayaka	188	flip flappers
zabaniyya (housamo)	188	tokyo afterschool summoners
aruruu	187	utawarerumono
cecilia schariac	187	honkai (series), honkai impact 3rd
emma (yakusoku no neverland)	187	yakusoku no neverland
estinien varlineau	187	final fantasy, final fantasy xiv
executive mishiro	187	idolmaster, idolmaster cinderella girls
fujimaru ritsuka (female) (royal brand)	187	fate/grand order, fate (series)
girlfriend (houkago play)	187	houkago play
gm (mobile suit)	187	gundam, mobile suit gundam
hirume of heavenly incense	187	last origin
hyougintou	187	rozen maiden, original
ikusaba daisuke	187	tokyo afterschool summoners
jaguarman (fate)	187	fate/grand order, fate (series)
k/da evelynn	187	league of legends
kama (swimsuit avenger) (second ascension) (fate)	187	fate/grand order, fate (series)
mirai (kemono friends)	187	kemono friends
oricorio	187	pokemon
othinus	187	toaru majutsu no index, toaru majutsu no index: new testament
ryoma (fire emblem)	187	fire emblem, fire emblem fates
sage (valorant)	187	valorant
satou sakie	187	demi-chan wa kataritai
touyoko momoko	187	saki (manga)
wailmer	187	pokemon
azki (3rd costume) (hololive)	186	hololive
centurii-chan	186	original
cure gelato	186	kirakira precure a la mode, precure
endministrator (arknights)	186	arknights, arknights: endfield
fallenshadow (1st costume)	186	indie virtual youtuber
himemiya tori	186	ensemble stars!
holstein friesian cattle (kemono friends)	186	kemono friends
incredible ecclesia the virtuous	186	yu-gi-oh!
ingrid (taimanin murasaki)	186	taimanin (series), taimanin murasaki
ingrid brandl galatea (summer)	186	fire emblem, fire emblem: three houses, fire emblem heroes
integra hellsing	186	hellsing
kakita (92m)	186	original
kojima emi	186	girls und panzer
kongiku	186	oboro muramasa
lala (monster musume)	186	monster musume no iru nichijou
laura la mer (mermaid)	186	precure, tropical-rouge! precure
lilimon	186	digimon
mikazuki augus	186	gundam, gundam tekketsu no orphans
milfeulle sakuraba	186	galaxy angel
mitsukasa ayase	186	riddle joker
moira (nijisanji)	186	nijisanji
nanjo hikaru	186	idolmaster, idolmaster cinderella girls
onjouji toki	186	saki (manga), saki achiga-hen
phantom (arknights)	186	arknights
priscilla barielle	186	re:zero kara hajimeru isekai seikatsu
sakura nene	186	new game!
stern the destructor	186	lyrical nanoha, mahou shoujo lyrical nanoha, mahou shoujo lyrical nanoha a's
super sailor venus	186	bishoujo senshi sailor moon
ump45 (agent lop rabbit) (girls' frontline)	186	girls' frontline
yamato (swimsuit mode) (kancolle)	186	kantai collection
yorda	186	ico
amemori sayo	185	nijisanji
arisa bunnings	185	lyrical nanoha, mahou shoujo lyrical nanoha
ascalon (arknights)	185	arknights
canaan (character)	185	428: fuusa sareta shibuya de, canaan (series)
chainsaw devil	185	chainsaw man
chibikko (morihito)	185	original
corviknight	185	pokemon
dandelion (girls' frontline)	185	girls' frontline
echidna (queen's blade)	185	queen's blade
hatsune miku (noodle stopper)	185	vocaloid
ishigaki (kancolle)	185	kantai collection
ishigami nozomi (1st costume)	185	nijisanji
jett (valorant)	185	valorant
kyoko (kunio-kun)	185	kunio-kun series, river city girls
li shuwen (fate)	185	fate (series), fate/grand order
lucid (maplestory)	185	maplestory
mega man volnutt	185	mega man (series), mega man legends (series)
minami kotori (bird)	185	love live!, love live! school idol project
minami mirei	185	pretty series, pripara
miramikaru riran	185	cookie (touhou)
miyako (young) (blue archive)	185	blue archive
mu-12	185	blazblue
olivier mira armstrong	185	fullmetal alchemist
payila (granblue fantasy)	185	granblue fantasy
perfect cell	185	dragon ball, dragon ball z
raynare	185	high school dxd
richelieu (fleuron of the waves) (azur lane)	185	azur lane
shez (male) (fire emblem)	185	fire emblem, fire emblem: three houses, fire emblem warriors: three hopes
sistine fibel	185	rokudenashi majutsu koushi to akashic record
sneasler	185	pokemon
souryuu kai ni (kancolle)	185	kantai collection
takamachi nanoha (exceed mode)	185	lyrical nanoha, mahou shoujo lyrical nanoha strikers
toxtricity	185	pokemon
xatu	185	pokemon
yamagishi yukako	185	jojo no kimyou na bouken, diamond wa kudakenai
yoshizawa sumire	185	persona, persona 5, persona 5 the royal
alucard (castlevania)	184	castlevania (series)
anton ivanov	184	zenless zone zero
atra mixta	184	gundam, gundam tekketsu no orphans
carmilla (swimsuit rider) (fate)	184	fate/grand order, fate (series)
cure finale	184	delicious party precure, precure
delibird	184	pokemon
graf eisen	184	lyrical nanoha, mahou shoujo lyrical nanoha, mahou shoujo lyrical nanoha a's
hijikata-san (m.m)	184	original
hoshimachi suisei (stellar into the galaxy)	184	hololive
intrepid (azur lane)	184	azur lane
izumi koshiro	184	digimon, digimon adventure
langley (kancolle)	184	kantai collection
linkle	184	the legend of zelda, hyrule warriors
lotad	184	pokemon
lumen (gunvolt)	184	azure striker gunvolt
m37 (girls' frontline)	184	girls' frontline
meiko (inuarashi)	184	original
meruru (oreimo)	184	hoshikuzu witch meruru, ore no imouto ga konna ni kawaii wake ga nai
nanael (queen's blade)	184	queen's blade
percival (fate)	184	fate/grand order, fate (series)
pika (pokemon)	184	pokemon, pokemon adventures
r dorothy wayneright	184	the big o
sense (sousou no frieren)	184	sousou no frieren
shinano (dreams of the hazy moon) (azur lane)	184	azur lane
shinn asuka	184	gundam, gundam seed, gundam seed destiny
soren (fire emblem)	184	fire emblem, fire emblem: path of radiance
suzuya (azur lane)	184	azur lane
x-23	184	marvel, x-men
yuuki aoi	184	
baltimore (black ace) (azur lane)	183	azur lane
botan (yu yu hakusho)	183	yu yu hakusho
faye (fire emblem)	183	fire emblem, fire emblem echoes: shadows of valentia
fuyuki minami	183	dosanko gal wa namaramenkoi
gangut dva (kancolle)	183	kantai collection
gris (vertigris)	183	original
ishimaru kiyotaka	183	danganronpa (series), danganronpa: trigger happy havoc
jason (fate)	183	fate (series), fate/grand order
kamishiro rize	183	tokyo ghoul
kawasumi mai	183	kanon
kirasaka sayaka	183	strike the blood
magical mirai miku (2021)	183	vocaloid, magical mirai (vocaloid)
makishima saori	183	ore no imouto ga konna ni kawaii wake ga nai
makoto (summer) (princess connect!)	183	princess connect!
marisa (street fighter)	183	street fighter, street fighter 6
matsuno todomatsu	183	osomatsu (series), osomatsu-san, osomatsu-kun
matsuri (takayama toshinori)	183	original
mayu (vocaloid)	183	vocaloid
producer (idolmaster anime)	183	idolmaster, idolmaster (classic)
prussia (hetalia)	183	axis powers hetalia
roberta (arknights)	183	arknights
saaya (kirome)	183	haks
scarecrow (girls' frontline)	183	girls' frontline
shion (tensei shitara slime datta ken)	183	tensei shitara slime datta ken
shirayuki (arknights)	183	arknights
solaire of astora	183	dark souls (series), dark souls i
torkoal	183	pokemon
usagi-san	183	disgaea, original
akashi (swimsuit mode) (kancolle)	182	kantai collection
alchemist (girls' frontline)	182	girls' frontline
alice (wonderland bunny) (nikke)	182	goddess of victory: nikke
ashlock (arknights)	182	arknights
calamity jane (fate)	182	fate/grand order, fate (series)
eldar	182	warhammer 40k
georgette lemare	182	brave witches, world witches series
gunner 2 (sekaiju)	182	sekaiju no meikyuu, sekaiju no meikyuu 2
hachiroku (maitetsu)	182	maitetsu
harley quinn (suicide squad)	182	dc comics, suicide squad
huang baoling	182	tiger & bunny
izayoi miku	182	date a live
kana (female) (fire emblem)	182	fire emblem, fire emblem fates
kukui (pokemon)	182	pokemon, pokemon sm
manaphy	182	pokemon
obstagoon	182	pokemon
rosalinde (unicorn overlord)	182	unicorn overlord
sasha waybright	182	amphibia
seaport summer princess	182	kantai collection
sophia valentine	182	nijisanji
sparkle (school uniform) (honkai: star rail)	182	honkai: star rail, honkai (series)
steve rogers	182	marvel
suou tatsuya	182	persona, persona 2, persona 2 tsumi
vepley (girls' frontline 2)	182	girls' frontline, girls' frontline 2: exilium
viktor nikiforov	182	yuri!!! on ice
vivid bad squad miku	182	project sekai, vocaloid
yakumo mitama	182	magia record: mahou shoujo madoka magica gaiden, mahou shoujo madoka magica
yoo mina	182	counter:side
anakin skywalker	181	star wars
axew	181	pokemon
beatrix (ff9)	181	final fantasy, final fantasy ix
chiba mamoru	181	bishoujo senshi sailor moon
chobi (akchu)	181	original
cuora (arknights)	181	arknights
d (killer wife) (nikke)	181	goddess of victory: nikke
fierce deity	181	the legend of zelda, the legend of zelda: majora's mask
ibuki maya	181	neon genesis evangelion
indra (arknights)	181	arknights
live twin lil-la	181	yu-gi-oh!
matsumi yuu	181	saki (manga), saki achiga-hen
maxwell (nikke)	181	goddess of victory: nikke
mika melatika	181	nijisanji, nijisanji id
muse (amaburi)	181	amagi brilliant park
nanami mami	181	kanojo okarishimasu
queen of hearts (alice in wonderland)	181	alice in wonderland
rae taylor	181	watashi no oshi wa akuyaku reijou
ro-class destroyer	181	kantai collection
sakurada hane	181	indie virtual youtuber
sirin (miracle magical girl)	181	honkai (series), honkai impact 3rd
susato mikotoba	181	ace attorney, the great ace attorney
tachibana marika	181	nisekoi
tenzin (arknights)	181	arknights
tianzi	181	code geass
tosa (hometown zest) (azur lane)	181	azur lane
ak-alfa (girls' frontline)	180	girls' frontline
anubis (monster girl encyclopedia)	180	monster girl encyclopedia
banzoin hakka	180	holostars, holostars english
commander (nier:automata)	180	nier (series), nier:automata
debi tarou	180	idolmaster, idolmaster shiny colors
donald duck	180	disney
dromarch (xenoblade)	180	xenoblade chronicles (series), xenoblade chronicles 2
dvalin (genshin impact)	180	genshin impact
ekko (ejami)	180	original
freija crescent	180	final fantasy, final fantasy ix
fuuka (new year) (blue archive)	180	blue archive
hatsuse izuna	180	no game no life
katsuki yuuri	180	yuri!!! on ice
kazemaru ichirouta	180	inazuma eleven (series), inazuma eleven
kobayakawa miyuki	180	taiho shichauzo
kumacy	180	one piece
lincoro	180	indie virtual youtuber
northampton (kancolle)	180	kantai collection
rakan (league of legends)	180	league of legends
sakamata chloe (new year)	180	hololive
seiryuu (kemono friends)	180	kemono friends
shimura shinpachi	180	gintama
shirayuki mizore	180	rosario+vampire
shuppet	180	pokemon
sonken	180	koihime musou
taroumaru (genshin impact)	180	genshin impact
tatsuta (swimsuit mode) (kancolle)	180	kantai collection
wailord	180	pokemon
yamcha	180	dragon ball
akali (legacy)	179	league of legends
bob-omb	179	mario (series)
bokoblin	179	the legend of zelda
charlotte pudding	179	one piece
con (fate)	179	fate (series), fate/grand order
cure spicy	179	precure, delicious party precure
elira pendora (2nd costume)	179	nijisanji, nijisanji en
hanabishi haruka	179	mahou shoujo ni akogarete
hiita (yu-gi-oh!)	179	yu-gi-oh!
hisui (cookie)	179	cookie (touhou), touhou
hummy (suite precure)	179	precure, suite precure
kaniko (tsukumo sana)	179	hololive, hololive english
kars (jojo)	179	jojo no kimyou na bouken, battle tendency
kenjaku	179	jujutsu kaisen
kyon's sister	179	suzumiya haruhi no yuuutsu
lora (xenoblade)	179	xenoblade chronicles (series), xenoblade chronicles 2, xenoblade chronicles 2: torna - the golden country
mimi-chan	179	touhou, touhou (pc-98)
minami koharu	179	watashi ga motenai no wa dou kangaetemo omaera ga warui!
minori (senran kagura)	179	senran kagura
morino korisu	179	mahou shoujo ni akogarete
penance (occasionally flushed) (arknights)	179	arknights
pirotess	179	record of lodoss war
poochyena	179	pokemon
rya (elden ring)	179	elden ring
sawaguchi mai	179	sono hanabira ni kuchizuke wo
shedinja	179	pokemon
shinoda hajime	179	new game!
shiroko (young) (blue archive)	179	blue archive
suzunoki rin	179	bakuon!!
tachibana makoto	179	free!
thea (nekojira)	179	original
yesod (project moon)	179	project moon
african penguin (kemono friends)	178	kemono friends, kemono friends v project
amy (suisei no gargantia)	178	suisei no gargantia
audino	178	pokemon
cure whip	178	kirakira precure a la mode, precure
dragoon (dokibird)	178	indie virtual youtuber
dusknoir	178	pokemon
eri (pokemon)	178	pokemon, pokemon sv
gretel (sinoalice)	178	sinoalice
hatenna	178	pokemon
hellagur (arknights)	178	arknights
hirose yasuho	178	jojo no kimyou na bouken, jojolion
ichinose honami (youjitsu)	178	youkoso jitsuryoku shijou shugi no kyoushitsu e
kuja	178	final fantasy, final fantasy ix
kururun (precure)	178	precure, tropical-rouge! precure
lunalu (granblue fantasy)	178	granblue fantasy
mabosstiff	178	pokemon, pokemon sv
mercedes (odin sphere)	178	odin sphere
miyazaki nodoka	178	mahou sensei negima!
nishizono mio	178	little busters!
sachiel (evangelion)	178	neon genesis evangelion
sawashiro miyuki	178	honkai (series), genshin impact, mihoyo
sazabi	178	gundam, char's counterattack
sazanami kai (kancolle)	178	kantai collection
takao (school romanza) (azur lane)	178	azur lane
torterra	178	pokemon
transformed ditto	178	pokemon
valkyrie (vnd)	178	valkyrie no densetsu
venom snake	178	metal gear (series), metal gear solid v: the phantom pain
anosillus ii	177	gridman universe
bb (bb shot!) (fate)	177	fate (series), fate/grand order, fate/extra
beautifly	177	pokemon
castor (fate)	177	fate/grand order, fate (series)
death the kid	177	soul eater
dsr-50 (highest bid) (girls' frontline)	177	girls' frontline
enrico pucci	177	jojo no kimyou na bouken, stone ocean
fate testarossa (impulse form)	177	lyrical nanoha, mahou shoujo lyrical nanoha strikers
fujibayashi sheena	177	tales of (series), tales of symphonia
fumino tamaki	177	nijisanji
gordie (pokemon)	177	pokemon, pokemon swsh
hakamichi shizune	177	katawa shoujo
heavyrain (arknights)	177	arknights
hera (p&d)	177	puzzle & dragons
jigen daisuke	177	lupin iii
johnny (guilty gear)	177	guilty gear
kappa mob (touhou)	177	touhou
kikuri (touhou)	177	touhou, touhou (pc-98)
kimikage yui	177	alice gear aegis
kou (granblue fantasy)	177	granblue fantasy
l'arachel (fire emblem)	177	fire emblem, fire emblem: the sacred stones
layla (mino)	177	original
lenneth valkyrie	177	valkyrie profile (series)
lunch (good) (dragon ball)	177	dragon ball, dragon ball (classic)
mashiro (swimsuit) (blue archive)	177	blue archive
matsubara kaoru	177	powerpuff girls z
matterhorn (arknights)	177	arknights
mori calliope (new year)	177	hololive, hololive english
rino (princess connect!)	177	princess connect!
risty (queen's blade)	177	queen's blade
smoliv	177	pokemon
super creek (chiffon ribbon mummy) (umamusume)	177	umamusume
tifa lockhart (cowgirl)	177	final fantasy, final fantasy vii, final fantasy vii remake
tsumugi wenders	177	summer pockets
valkyrie police academy student (sg) (blue archive)	177	blue archive
vikala (blooming summer wallflower) (granblue fantasy)	177	granblue fantasy
yuki miku (2021)	177	vocaloid
anne boonchuy	176	amphibia
astarotte ygvar	176	lotte no omocha!
beedrill	176	pokemon
captain amari	176	overwatch, overwatch 1
ciri	176	the witcher (series), the witcher 3
corticarte apa lagranges	176	shinkyoku soukai polyphonica
eagle spirit (touhou)	176	touhou
floating fortress (kancolle)	176	kantai collection
gurren-lagann	176	tengen toppa gurren lagann
harukaze doremi	176	ojamajo doremi
hina (genshin impact)	176	genshin impact
io (princess connect!)	176	princess connect!
kanoe yuuko	176	tasogare otome x amnesia
kenny mccormick	176	south park
kinomoto sakura (crystal feather dress)	176	cardcaptor sakura, cardcaptor sakura clear card arc
kuroki rei	176	vividred operation
lilith (hazbin hotel)	176	hazbin hotel
lwmmg (girls' frontline)	176	girls' frontline
makina nakajima	176	macross, macross delta
minerva (fire emblem)	176	fire emblem, fire emblem: mystery of the emblem
moltres	176	pokemon
narumiya yume	176	idolmaster, idolmaster cinderella girls
nick wilde	176	zootopia
nidai nekomaru	176	danganronpa (series), danganronpa 2: goodbye despair
nino (sunaba suzume)	176	original
nyopu	176	original
rurima (cookie)	176	cookie (touhou), touhou
sango (inuyasha)	176	inuyasha
sherry birkin	176	resident evil, resident evil 6
ulquiorra cifer	176	bleach
uzaki yanagi	176	uzaki-chan wa asobitai!
yagyuu munenori (fate)	176	fate (series), fate/grand order
yuki miku (2022)	176	vocaloid
adagaki aki	175	masamune-kun no revenge
adam (honkai impact)	175	honkai (series), honkai impact 3rd
dianna soreil	175	gundam, turn a gundam
dreamer (girls' frontline)	175	girls' frontline
emerada (xenogears)	175	xenogears
ericht samaya	175	gundam, gundam suisei no majo
forte stollen	175	galaxy angel
fujimaru ritsuka (male) (tropical summer)	175	fate/grand order, fate (series)
glorious (azur lane)	175	azur lane
inui toko (1st costume)	175	nijisanji
kiyal bachika	175	tengen toppa gurren lagann
kokutou mikiya	175	kara no kyoukai
m4 sopmod ii (mod3) (girls' frontline)	175	girls' frontline
magni dezmond	175	holostars, holostars english
margaret (persona)	175	persona, persona 4
mettaton	175	undertale
myrtle (summer flowers) (arknights)	175	arknights
oboro (fire emblem)	175	fire emblem, fire emblem fates
oda nobunaga (swimsuit berserker) (second ascension) (fate)	175	fate/grand order, fate (series)
rabu (blue archive)	175	blue archive
rin (senran kagura)	175	senran kagura
sdf-1	175	macross, choujikuu yousai macross
super sailor mars	175	bishoujo senshi sailor moon
sylphy (amaburi)	175	amagi brilliant park
teto (nausicaa)	175	kaze no tani no nausicaa
tome of the night sky	175	lyrical nanoha, mahou shoujo lyrical nanoha, mahou shoujo lyrical nanoha a's
akagi kai ni (kancolle)	174	kantai collection
allenby beardsley	174	g gundam, gundam
arisaka mashiro	174	ao no kanata no four rhythm
barbatos (genshin impact)	174	genshin impact
chiester410	174	umineko no naku koro ni
durin (arknights)	174	arknights
honjou ruri	174	original
hots (gundam suisei no majo)	174	gundam, gundam suisei no majo
jason todd	174	dc comics, batman (series)
jessica (granblue fantasy)	174	granblue fantasy
kama (swimsuit avenger) (first ascension) (fate)	174	fate/grand order, fate (series)
kashima yuu	174	gekkan shoujo nozaki-kun
loki (fire emblem)	174	fire emblem, fire emblem heroes
manuela casagranda	174	fire emblem, fire emblem: three houses
maple (bofuri)	174	itai no wa iya nano de bougyoryoku ni kyokufuri shitai to omoimasu
massachusetts (dressed to impress) (azur lane)	174	azur lane
mk23 (girls' frontline)	174	girls' frontline
mohg lord of blood	174	elden ring
nekomiya ryuu	174	original
nishina toriko	174	urasekai picnic
okada akane	174	watashi ga motenai no wa dou kangaetemo omaera ga warui!
rasis	174	bemani, sound voltex
reunion soldier (arknights)	174	arknights
sakura (nikke)	174	goddess of victory: nikke
sekoshi (some1else45)	174	original
tearju lunatique	174	to love-ru, to love-ru darkness
wakabayashi tomoka	174	idolmaster, idolmaster cinderella girls
zaku ii s char custom	174	gundam, mobile suit gundam
alphys	173	undertale
asanagi yori	173	sasayaku you ni koi wo utau
ayase yue	173	mahou sensei negima!
blonde girl (popopoka)	173	original
bremerton (day-off date) (azur lane)	173	azur lane
catwoman	173	dc comics, batman (series)
fuwawa abyssgard (new year)	173	hololive, hololive english
ghetsis (pokemon)	173	pokemon, pokemon bw
grimsley (pokemon)	173	pokemon, pokemon bw
hououji fuu	173	magic knight rayearth
iori sei	173	gundam, gundam build fighters
ji-yoon (jourd4n)	173	original
lisbeth (sao-alo)	173	sword art online
lobo (fate)	173	fate/grand order, fate (series)
manako	173	monster musume no iru nichijou
marianne von edmund (summer)	173	fire emblem, fire emblem: three houses, fire emblem heroes
martha (swimsuit ruler) (second ascension) (fate)	173	fate/grand order, fate (series)
nessie (respawn)	173	apex legends
poppi alpha (xenoblade)	173	xenoblade chronicles (series), xenoblade chronicles 2
rosa farrell	173	final fantasy, final fantasy iv
shokudaikiri mitsutada	173	touken ranbu
sorcerer (ragnarok online)	173	ragnarok online
tatsumi koutarou	173	zombie land saga
the world	173	jojo no kimyou na bouken, stardust crusaders
tomotake yoshino	173	senren banka
trung nhi (fate)	173	fate (series), fate/grand order
trung trac (fate)	173	fate (series), fate/grand order
void princess (elsword)	173	elsword
yasuhara ema	173	shirobako
yorumi rena (1st costume)	173	nijisanji
air defense princess	172	kantai collection
amane kanata (another world)	172	hololive
arianna the labrynth servant	172	yu-gi-oh!
asanaka yomogi	172	gridman universe, ssss.dynazenon
ch'en the holungday (elite ii) (arknights)	172	arknights
cheshire (summery date!) (azur lane)	172	azur lane
cid highwind	172	final fantasy, final fantasy vii
cilan (pokemon)	172	pokemon, pokemon (anime)
demitri maximoff	172	darkstalkers
eblana (arknights)	172	arknights
ellin meiji	172	original, dungeon and fighter
fubuki (azur lane)	172	azur lane
goat-chan (enarane)	172	original
gooey (kirby)	172	kirby (series)
hanakuma chifuyu	172	cevio, synthesizer v
high wizard (ragnarok online)	172	ragnarok online
hoshi ryoma	172	danganronpa (series), danganronpa v3: killing harmony
kurata mashiro	172	bang dream!
lilya (reverse:1999)	172	reverse:1999
maple (nekopara)	172	nekopara
melusine (ibuki notsu)	172	original
mr. plantegg (omori)	172	omori
nobi nobita	172	doraemon
omegamon	172	digimon
phantump	172	pokemon
piyotan (girls und panzer)	172	girls und panzer
rebecca chambers	172	resident evil
ultima (fft)	172	final fantasy, final fantasy tactics
uzumaki kushina	172	naruto (series)
yakumo ran (fox)	172	touhou
yamashio maru (kancolle)	172	kantai collection
yomako	172	tengen toppa gurren lagann
ai-chan (honkai impact)	171	honkai (series), honkai impact 3rd
ak-12 (quiet azure) (girls' frontline)	171	girls' frontline
arianne the labrynth servant	171	yu-gi-oh!
bremerton (relaxation consultation) (azur lane)	171	azur lane
chiyo (ane naru mono)	171	ane naru mono
colphne (girls' frontline 2)	171	girls' frontline, girls' frontline 2: exilium
curse maker 2	171	sekaiju no meikyuu, sekaiju no meikyuu 1
cutie honey (character)	171	cutie honey
dovahkiin	171	the elder scrolls, the elder scrolls v: skyrim
firis mistlud	171	atelier (series), atelier firis
harry potter	171	harry potter (series), wizarding world
hoshikawa mafuyu	171	blend s
idia shroud	171	twisted wonderland
kazama akira	171	justice gakuen
laevatein (nanoha)	171	lyrical nanoha, mahou shoujo lyrical nanoha, mahou shoujo lyrical nanoha a's
mazinger z (mecha)	171	mazinger (series), mazinger z
mirage farina jenius	171	macross, macross delta
montpelier (azur lane)	171	azur lane
noel (cookie)	171	cookie (touhou), touhou
nurse dragonmaid	171	yu-gi-oh!
orange (touhou)	171	touhou, touhou (pc-98)
oshimizu nako	171	hanasaku iroha
pam-pam (precure)	171	delicious party precure, precure
pannacotta fugo	171	jojo no kimyou na bouken, vento aureo
s-snake	171	one piece
saionji kotoka	171	idolmaster, idolmaster cinderella girls
sakuragi matsuri	171	ichigo mashimaro
satou sasara	171	cevio
shelly (pokemon)	171	pokemon, pokemon oras
shimamura charlotte	171	nanashi inc., honey strap
shinano (moonlit chrome) (azur lane)	171	azur lane
shioriha ruri	171	nijisanji
snow white (innocent days) (nikke)	171	goddess of victory: nikke
star guardian soraka	171	league of legends
storm (x-men)	171	marvel, x-men
trailblazer (trash cake) (honkai: star rail)	171	honkai: star rail, honkai (series)
tsana (lansane)	171	original
yokoyama ishimi	171	original
yowai totoko	171	osomatsu (series), osomatsu-san, osomatsu-kun
yumia liessfeldt	171	atelier (series), atelier yumia
alca (wakatanka4)	170	gyee, original
aoi kimi	170	kyoukaisenjou no horizon
bidoof	170	pokemon
buggy the clown	170	one piece
calne ca (deino)	170	ca (maeda koutarou), vocaloid, original
catherine (atlus character)	170	catherine (game)
catherine (fire emblem)	170	fire emblem, fire emblem: three houses
charlotte (fire emblem)	170	fire emblem, fire emblem fates
compa	170	neptune (series)
deoxys (normal)	170	pokemon
durga (first ascension) (fate)	170	fate/grand order, fate (series)
felsi rollo	170	gundam, gundam suisei no majo
fiora (league of legends)	170	league of legends
genjii (touhou)	170	touhou, touhou (pc-98)
gundam barbatos	170	gundam, gundam tekketsu no orphans
horikawa kunihiro	170	touken ranbu
inukai isuke	170	akuma no riddle
irys (gaming casual) (hololive)	170	hololive, hololive english
koopa troopa	170	mario (series)
kumatora	170	mother (series), mother 3
kuroeda (elf-san wa yaserarenai.)	170	elf-san wa yaserarenai.
leizi (arknights)	170	arknights
lina davis	170	heroman
lord knight (ragnarok online)	170	ragnarok online
m590 (girls' frontline)	170	girls' frontline
mantine	170	pokemon
marx (kirby)	170	kirby (series)
meiko (vocaloid3)	170	vocaloid
mimori (swimsuit) (blue archive)	170	blue archive
mizuki (kutan)	170	original
mononobe alice (1st costume)	170	nijisanji
prinz eugen (cordial cornflower) (azur lane)	170	azur lane
rapidash	170	pokemon
sagat	170	street fighter
shiina kokomi	170	girlfriend (kari)
thor (marvel)	170	marvel
till (alien stage)	170	alien stage
toudou chise	170	princess principal
turo (pokemon)	170	pokemon, pokemon sv
watanabe no tsuna (fate)	170	fate/grand order, fate (series)
amiya (newsgirl) (arknights)	169	arknights
arima miyako	169	tsukihime, melty blood
asashimo kai ni (kancolle)	169	kantai collection
asukagawa chise	169	gridman universe, ssss.dynazenon
aug (girls' frontline)	169	girls' frontline
bushidou (sekaiju)	169	sekaiju no meikyuu, sekaiju no meikyuu 1
dera mochimazzui	169	tamako market
eria the water charmer	169	yu-gi-oh!
fa yuiry	169	gundam, zeta gundam
goliath doll	169	touhou
hiryuu (azur lane)	169	azur lane
k11 (girls' frontline)	169	girls' frontline
karuizawa kei	169	youkoso jitsuryoku shijou shugi no kyoushitsu e
katara	169	avatar legends, avatar: the last airbender
kingdra	169	pokemon
kino himari	169	sasayaku you ni koi wo utau
knight (yu-gi-oh!)	169	yu-gi-oh!
kohaku (dr. stone)	169	dr. stone
kotona elegance	169	zoids, zoids genesis
kuchiku i-kyuu	169	kantai collection
li meiling	169	cardcaptor sakura
marcy wu	169	amphibia
mari (swimsuit) (blue archive)	169	blue archive
maxie (pokemon)	169	pokemon, pokemon oras
osage (nukunuku nigirimeshi)	169	inabakumori
plumeria (fire emblem)	169	fire emblem, fire emblem heroes
porygon	169	pokemon
prinz rupprecht (azur lane)	169	azur lane
protagonist 4 (housamo)	169	tokyo afterschool summoners
puchiko	169	di gi charat
sakaki yuya	169	yu-gi-oh!, yu-gi-oh! arc-v
saratoga (warship girls r)	169	warship girls r
sebastian michaelis	169	kuroshitsuji
selena (fire emblem fates)	169	fire emblem, fire emblem fates
tenochtitlan (first ascension) (fate)	169	fate/grand order, fate (series)
touyama nao	169	
turbo byakuren	169	touhou, urban legend in limbo
warupeach	169	mario (series), mario power tennis, mario tennis
zun	169	touhou
aia amare	168	nijisanji, nijisanji en
chloe von einzbern (beast style)	168	fate/kaleid liner prisma illya, fate (series)
cu chulainn (fate/prototype)	168	fate (series), fate/grand order, fate/prototype
cuilein-anbar (genshin impact)	168	genshin impact
danua (summer) (granblue fantasy)	168	granblue fantasy
donquixote rocinante	168	one piece
earth-chan	168	original
ein (cowboy bebop)	168	cowboy bebop
elysia de lute ima	168	kami nomi zo shiru sekai
helel ben shalem	168	granblue fantasy
hida ema	168	girls und panzer
imai midori	168	shirobako
johnston kai (swimsuit mode) (kancolle)	168	kantai collection
k/da all out ahri	168	league of legends
kamen rider 1	168	kamen rider, kamen rider (1st series)
kashimoto riko	168	umamusume
kumano (azur lane)	168	azur lane
kuzunoha (blue archive)	168	blue archive
laura s. arseid	168	eiyuu densetsu, sen no kiseki (series), sen no kiseki i
leonmitchelli galette des rois	168	dog days
lucy (elfen lied)	168	elfen lied
lute (fire emblem)	168	fire emblem, fire emblem: the sacred stones
milk (cookie)	168	cookie (touhou), touhou
model w (mega man)	168	mega man (series), mega man zx
natsume kyousuke	168	little busters!
orange heart (neptunia)	168	neptune (series), shin jigen game neptune vii
queen draco (first ascension) (fate)	168	fate/grand order, fate (series)
rum (girls und panzer)	168	girls und panzer
ryunosuke naruhodo	168	ace attorney, the great ace attorney
seolla schweizer	168	super robot wars
setanta (fate)	168	fate/grand order, fate (series)
setra	168	queen's blade
shalon	168	quiz magic academy
shiranami ramune	168	vspo!
siesta (tantei wa mou shindeiru)	168	tantei wa mou shindeiru
steenee	168	pokemon
takagi saya	168	highschool of the dead
toki ayano	168	yurucamp
tsukimura suzuka	168	lyrical nanoha, mahou shoujo lyrical nanoha
type 80 (girls' frontline)	168	girls' frontline
ulpianus (arknights)	168	arknights
usuzumi hatsumi	168	saki (manga)
yoshimoto shizuka	168	kimi no koto ga dai dai dai dai daisuki na 100-nin no kanojo
zero (ff14)	168	final fantasy, final fantasy xiv
alabama (azur lane)	167	azur lane
amemiya nazuna (1st costume)	167	vshojo
antarcticite	167	houseki no kuni
bambinata (pgr)	167	punishing: gray raven
caiman (dorohedoro)	167	dorohedoro
chiron (fate)	167	fate (series), fate/grand order
clervie (genshin impact)	167	genshin impact
connie springer	167	shingeki no kyojin
cteno (slugbox)	167	original
emelie (cyancapsule)	167	original
female endministrator (arknights)	167	arknights, arknights: endfield
fujimaru ritsuka (female) (tropical summer)	167	fate/grand order, fate (series)
garfield (character)	167	garfield
gneisenau (azur lane)	167	azur lane
gunnthra (fire emblem)	167	fire emblem, fire emblem heroes
hayase mitsuki	167	kimi ga nozomu eien
hilda valentine goneril (summer)	167	fire emblem, fire emblem: three houses, fire emblem heroes
hongryeon (last origin)	167	last origin
k/da all out akali	167	league of legends
kasamoto eri	167	metal slug
kirin r yato (arknights)	167	arknights, monster hunter (series)
kugimiya rie	167	
maho (princess connect!)	167	princess connect!
makino yume	167	original
makoto (dress) (blue archive)	167	blue archive
matsuda arisa	167	idolmaster, idolmaster million live!
minato aqua (aqua iro super dream)	167	hololive
miriam (bloodstained)	167	bloodstained: ritual of the night
pidove	167	pokemon
pix (league of legends)	167	league of legends
purrloin	167	pokemon
shego	167	kim possible (series)
shockwave (transformers)	167	transformers
space ishtar (second ascension) (fate)	167	fate (series), fate/grand order
todoroki yachiyo	167	working!!
unicorn (the gift of spring) (azur lane)	167	azur lane
vinsmoke reiju	167	one piece
vittorio veneto (warship girls r)	167	warship girls r
vritra (fate)	167	fate/grand order, fate (series)
white rhinoceros (kemono friends)	167	kemono friends
adrien agreste	166	miraculous ladybug
aihara enju	166	black bullet
asbestos (arknights)	166	arknights
beowulf (fate)	166	fate/grand order, fate (series)
cibo	166	blame!
croagunk	166	pokemon
dark willow	166	dota (series), dota 2
douma (kimetsu no yaiba)	166	kimetsu no yaiba
elf (houtengeki)	166	original
hydaelyn	166	final fantasy, final fantasy xiv
irisviel von einzbern (caster)	166	fate (series), fate/grand order
ishizu ishtar	166	yu-gi-oh!, yu-gi-oh! duel monsters
ivan (alien stage)	166	alien stage
izumi (swimsuit) (blue archive)	166	blue archive
jasmine (disney)	166	aladdin (disney)
kanade izuru	166	holostars
kaonashi	166	sen to chihiro no kamikakushi
kunou kodachi	166	ranma 1/2
magical mirai miku (2017)	166	magical mirai (vocaloid), vocaloid
miofa (ookami mio)	166	hololive
mitsukai dokuro	166	bokusatsu tenshi dokuro-chan
noelle holiday	166	deltarune
patricia martin	166	lucky star
regensburg (azur lane)	166	azur lane
ryofu housen	166	ikkitousen
ryuujou kai ni (kancolle)	166	kantai collection
s-force rappa chiyomaru	166	yu-gi-oh!
salama (amaburi)	166	amagi brilliant park
shinano (dreamy white sands) (azur lane)	166	azur lane
smol gura	166	hololive, hololive english
snoopy	166	peanuts (comic)
space ereshkigal (third ascension) (fate)	166	fate/grand order, fate (series)
suride miku	166	do it yourself!!
suzuki rion	166	gal gamer ni homeraretai
tasmanian devil (kemono friends)	166	kemono friends
togame momoko	166	magia record: mahou shoujo madoka magica gaiden, mahou shoujo madoka magica
tokino sora (casual)	166	hololive
tsona (nyantcha)	166	original
vivian (paper mario)	166	mario (series), paper mario, paper mario: the thousand year door
akizuki kanna	165	cafe stella to shinigami no chou
arisugawa himari	165	kirakira precure a la mode, precure
aya brea	165	parasite eve (series)
caenis (swimsuit rider) (first ascension) (fate)	165	fate/grand order, fate (series)
caroline (persona 5)	165	persona, persona 5
charmeleon	165	pokemon
deirdre (fire emblem)	165	fire emblem, fire emblem: genealogy of the holy war
dream tiger (govy9807)	165	original
erwin smith	165	shingeki no kyojin
guam (azur lane)	165	azur lane
hoothoot	165	pokemon
hungary (hetalia)	165	axis powers hetalia
hyper blossom	165	powerpuff girls z
i-26 (azur lane)	165	azur lane
inugami korone (dog)	165	hololive
katsushika hokusai (third ascension) (fate)	165	fate/grand order, fate (series)
kinoshita hinata	165	idolmaster, idolmaster million live!
kirisu mafuyu	165	bokutachi wa benkyou ga dekinai
leone abbacchio	165	jojo no kimyou na bouken, vento aureo
lunatone	165	pokemon
mitsuki felicia	165	mahou shoujo madoka magica, magia record: mahou shoujo madoka magica gaiden
miyoshi sana	165	idolmaster, idolmaster cinderella girls
nakiri ayame (hololive summer 2019)	165	hololive
namikaze minato	165	naruto (series), naruto
nanase kureha	165	original
noir vesper	165	holostars, holostars english
patamon	165	digimon, digimon adventure
persica (girls' frontline)	165	girls' frontline
raboot	165	pokemon
raphael kirsten	165	fire emblem, fire emblem: three houses
robo (chrono trigger)	165	chrono trigger
ruthenium77's character	165	original
seviper	165	pokemon
sheeta	165	tenkuu no shiro laputa
shingyoku (touhou)	165	touhou, touhou (pc-98)
shy guy	165	mario (series)
sumeragi kaguya	165	code geass
swirlix	165	pokemon
symonne (tales)	165	tales of (series), tales of zestiria
tashigi	165	one piece
vanilla (eden (shiroki yuutsu))	165	original
watashi (jintai)	165	jinrui wa suitai shimashita
yamai kaguya	165	date a live
yuna (biya (1024))	165	original
95-tan	164	os-tan
artemis of the blue	164	atelier live
birdy cephon altera	164	tetsuwan birdy, tetsuwan birdy decode
bloodhound (apex legends)	164	apex legends
c.i.e.l (fate)	164	fate/grand order, fate (series)
contender (girls' frontline)	164	girls' frontline
deviljho	164	monster hunter (series)
entei	164	pokemon
faust (guilty gear)	164	guilty gear
florence nightingale (third ascension) (fate)	164	fate (series), fate/grand order
getou suguru (kenjaku)	164	jujutsu kaisen
inne sulistya robin	164	original
kashihara noa (kindatsu)	164	original
keqing (lantern rite) (genshin impact)	164	genshin impact
kin'iro ryotei (umamusume)	164	umamusume
kinjyou (shashaki)	164	original
kon (bleach)	164	bleach
kujaku mai	164	yu-gi-oh!, yu-gi-oh! duel monsters
laufen (sousou no frieren)	164	sousou no frieren
leo/need miku	164	vocaloid, project sekai
liepard	164	pokemon
maou beluzel	164	yuusha to maou
matsuo chizuru	164	idolmaster, idolmaster cinderella girls
meru (blue archive)	164	blue archive
minakami yuki	164	subarashiki hibi
moeta kaoruko	164	comic girls
noumu (boku no hero academia)	164	boku no hero academia
professor (neural cloud)	164	girls' frontline, girls' frontline neural cloud
rennala queen of the full moon	164	elden ring
riselia ray crystalia	164	seiken gakuin no maken tsukai
roboco-san (1st costume)	164	hololive
saeki sayaka	164	yagate kimi ni naru
scathach skadi (third ascension) (fate)	164	fate/grand order, fate (series)
shimizudani ryuuka	164	saki (manga), saki achiga-hen
toono mizuki	164	super real mahjong
urd (aa megami-sama)	164	aa megami-sama
vienna (vtuber)	164	indie virtual youtuber
viktor (league of legends)	164	league of legends, arcane: league of legends
wartortle	164	pokemon
aegir (housamo)	163	tokyo afterschool summoners
aether sage (elsword)	163	elsword
blonney	163	reverse:1999
candy (smile precure!)	163	precure, smile precure!
chixia (wuthering waves)	163	wuthering waves
clockie (honkai: star rail)	163	honkai: star rail, honkai (series)
eustass kid	163	one piece
fuwafuwa-chan (kamiyoshi rika)	163	original
genryuusai maki	163	final fight
gladiolus amicitia	163	final fantasy, final fantasy xv
heiwajima shizuo	163	durarara!!
helena blavatsky (swimsuit archer) (third ascension) (fate)	163	fate/grand order, fate (series)
hero (dq4)	163	dragon quest, dragon quest iv
higashikata josuke (jojolion)	163	jojo no kimyou na bouken, jojolion
hiyajou maho	163	steins;gate, steins;gate 0
kaga (lawson) (kancolle)	163	kantai collection, lawson
kamen rider geats	163	kamen rider, kamen rider geats (series)
kirche augusta frederica von anhalt zerbst	163	zero no tsukaima
lost robin rondo	163	mahou tsukai no yoru
ludmilla (nikke)	163	goddess of victory: nikke
maam	163	dragon quest, dragon quest dai no daibouken
melon-chan	163	melonbooks
minowa gin	163	yuusha de aru, washio sumi wa yuusha de aru
misaki (swimsuit) (blue archive)	163	blue archive
mofurun (mahou girls precure!)	163	mahou girls precure!, precure
nakahara mizuki	163	lycoris recoil
nukumizu kaju	163	make heroine ga oo sugiru!
panda (jujutsu kaisen)	163	jujutsu kaisen
primrose azelhart	163	octopath traveler, octopath traveler i
rickshaw student (blue archive)	163	blue archive
sakuraba rola	163	aikatsu! (series), aikatsu stars!
tailtiu (fire emblem)	163	fire emblem, fire emblem: genealogy of the holy war
tamamo no mae (sable mage) (fate)	163	fate/extra, fate (series), fate/extra ccc
tatsugiri (curly)	163	pokemon
trainer (idolmaster)	163	idolmaster, idolmaster cinderella girls
adiane	162	tengen toppa gurren lagann
alisha diphda	162	tales of (series), tales of zestiria
asahi (kancolle)	162	kantai collection
barbara (dq6)	162	dragon quest, dragon quest vi
bellows (suisei no gargantia)	162	suisei no gargantia
charybdis (azur lane)	162	azur lane
cherubi	162	pokemon
childhood friend-chan (ramchi)	162	original
chimecho	162	pokemon
dedue molinaro	162	fire emblem, fire emblem: three houses
dororo (character)	162	dororo (tezuka)
emden (azur lane)	162	azur lane
ganyu (china merchants bank) (genshin impact)	162	genshin impact
hastur (nyaruko-san)	162	haiyore! nyaruko-san
hayami saori	162	
huyan zhuo (fate)	162	fate/grand order, fate (series)
igglybuff	162	pokemon
ikuchan kaoru (character)	162	indie virtual youtuber
kalpas (honkai impact)	162	honkai (series), honkai impact 3rd
kamen rider kuuga	162	kamen rider, kamen rider kuuga (series)
kanzaki h. aria	162	hidan no aria
krolik (girls' frontline 2)	162	girls' frontline, girls' frontline 2: exilium
kuramitsu mihoshi	162	tenchi muyou!
mary cochran	162	idolmaster, idolmaster cinderella girls
meryl stryfe	162	trigun
morgan (male) (fire emblem)	162	fire emblem, fire emblem awakening
park dona	162	luvdia
skorpion (girls' frontline)	162	girls' frontline
space yoko	162	tengen toppa gurren lagann
stella hoshii	162	va-11 hall-a
tejina senpai	162	tejina senpai (series)
tentacool	162	pokemon
tony stark	162	marvel
touma kazusa	162	white album (series), white album 2
triela	162	gunslinger girl
tsubasa (kureha)	162	original
usaslug (tsukumo sana)	162	hololive, hololive english
youngster (pokemon)	162	pokemon
zentreya (cyborg)	162	vshojo
amuro tooru	161	meitantei conan
andou tazusa	161	assault lily
andromeda (fate)	161	fate/grand order, fate (series)
asmodeus (umineko)	161	umineko no naku koro ni
audrey burne	161	gundam, gundam unicorn
azurill	161	pokemon
charon (project moon)	161	project moon, limbus company
coco bandicoot	161	crash bandicoot (series)
colorado (azur lane)	161	azur lane
crispin (pokemon)	161	pokemon, pokemon sv
deborah (dq5)	161	dragon quest, dragon quest v
harusaruhi	161	kamitsubaki studio
henya the genius (1st costume)	161	vshojo
hiei (yu yu hakusho)	161	yu yu hakusho
hoederer (arknights)	161	arknights
iansan (genshin impact)	161	genshin impact
ise kai ni (kancolle)	161	kantai collection
kaji ryouji	161	neon genesis evangelion
kazamatsuri fuuka	161	disgaea, makai senki disgaea 4
kido jo	161	digimon, digimon adventure
king cobra (kemono friends)	161	kemono friends
kizuna ai (a.i. games)	161	kizuna ai inc.
koizumi itsuki (female)	161	suzumiya haruhi no yuuutsu
kudou shin'ichi	161	meitantei conan
kurusu natsume	161	nijisanji
la+ darknesss (casual)	161	hololive
lao jiu	161	blazblue
maria traydor	161	star ocean, star ocean till the end of time
matsudaira touko	161	maria-sama ga miteru
meroune lorelei	161	monster musume no iru nichijou
miya utsutsu	161	gatchaman crowds
miyamoto rei	161	highschool of the dead
mizuki (vtuber)	161	meridian project
muppo	161	kantai collection, moomin
nidoking	161	pokemon
nishi yuuko	161	a channel
numako (pizza kanon)	161	phantasy star, phantasy star online 2, original
okonogi yuuko	161	dennou coil
pancham	161	pokemon
pelipper	161	pokemon
samuel oak	161	pokemon
sayo samonji	161	touken ranbu
shi huang di (fate)	161	fate/grand order, fate (series)
shikishima mirei	161	valkyrie drive, valkyrie drive -mermaid-
tamaki ui	161	mahou shoujo madoka magica, magia record: mahou shoujo madoka magica gaiden
torgal (ff16)	161	final fantasy, final fantasy xvi
tsukuyomi komoe	161	toaru majutsu no index
wander (shadow of the colossus)	161	shadow of the colossus
yae sakura (flame sakitama)	161	honkai (series), honkai impact 3rd
arin	160	pangya
blanca (fate)	160	fate/grand order, fate (series)
chaos space marine	160	warhammer 40k
chloe von einzbern (swimsuit avenger)	160	fate (series), fate/grand order
cupitan (granblue fantasy)	160	granblue fantasy
durandal (palatinus equinox) (honkai impact)	160	honkai (series), honkai impact 3rd
ethan (arknights)	160	arknights
graf zeppelin (beachside urd) (azur lane)	160	azur lane
hinamizawa hinami (tetto)	160	original
hisau maiya	160	fate (series), fate/zero
jayce (league of legends)	160	league of legends, arcane: league of legends
jonouchi katsuya	160	yu-gi-oh!, yu-gi-oh! duel monsters
kamijo haruna	160	idolmaster, idolmaster cinderella girls
kurusugawa ayaka	160	to heart, to heart (series)
lupusregina beta	160	overlord (maruyama)
melusine (first ascension) (fate)	160	fate/grand order, fate (series)
mikado shiina	160	katawa shoujo
mimi houllier von schwarzlang	160	atelier (series), atelier totori
miyoshi karin	160	yuuki yuuna wa yuusha de aru, yuusha de aru
naruse yuu	160	watashi ga motenai no wa dou kangaetemo omaera ga warui!
orimura ichika	160	infinite stratos
pawmot	160	pokemon, pokemon sv
predator (character)	160	predator (series), predator (1987)
rally vincent	160	gunsmith cats
scream tail	160	pokemon
shaymin (sky)	160	pokemon
shirayuri sakura	160	kanpani girls
shyvana	160	league of legends
tentacruel	160	pokemon
timido cute	160	honkai (series), honkai impact 3rd
toki (senran kagura)	160	senran kagura, senran kagura new link
tsunetsuki matoi	160	sayonara zetsubou sensei
veteran mercenary echidna	160	queen's blade
yaezawa natori	160	.live
yamai yuzuru	160	date a live
yukinoshita haruno	160	yahari ore no seishun lovecome wa machigatteiru.
aerodactyl	159	pokemon
agravain (fate)	159	fate/grand order, fate (series)
aida kensuke	159	neon genesis evangelion
akai haato (hololive summer 2019)	159	hololive
ange katrina (2nd costume)	159	nijisanji
black widow	159	marvel
bravern	159	yuuki bakuhatsu bang bravern
chikuwa (yurucamp)	159	yurucamp
clefable	159	pokemon
cure coral	159	precure, tropical-rouge! precure
france (hetalia)	159	axis powers hetalia
goldenglow (maiden for the bright night) (arknights)	159	arknights
hiei (azur lane)	159	azur lane
hirako shinji	159	bleach
honolulu (swimsuit mode) (kancolle)	159	kantai collection
jake the dog	159	adventure time
jeanne (bayonetta)	159	bayonetta (series)
kibutsuji muzan	159	kimetsu no yaiba
kyururu (kemono friends)	159	kemono friends, kemono friends 2
momoyama mirai	159	kiratto pri chan, pretty series
monet (one piece)	159	one piece
mouse girl (yuuki (yuyuki000))	159	original
narwhal (kemono friends)	159	kemono friends
nel zelpher	159	star ocean, star ocean till the end of time
nijou noriko	159	maria-sama ga miteru
ohnuma kurumi	159	idolmaster, idolmaster cinderella girls
okita souji alter (swimsuit saber) (fate)	159	fate (series), fate/grand order
oozora subaru (loungewear)	159	hololive
pepe the frog	159	
revali	159	the legend of zelda, the legend of zelda: breath of the wild
rosanna (chic ocean) (nikke)	159	goddess of victory: nikke
rurudo lion (1st costume)	159	indie virtual youtuber
sakurai shin'ichi	159	uzaki-chan wa asobitai!
samurai (7th dragon series)	159	7th dragon (series)
shiguma rika	159	boku wa tomodachi ga sukunai
shinjin-chan (douki-chan)	159	ganbare douki-chan
smug nun (diva)	159	little nuns (diva)
stan marsh	159	south park
aegir (golden dragon among auspicious clouds) (azur lane)	158	azur lane
agatsuma kaede	158	alice gear aegis
amelia wil tesla seyruun	158	slayers
astel leda	158	holostars
cherche (fire emblem)	158	fire emblem, fire emblem awakening
chrome dokuro	158	katekyo hitman reborn!
dorothea arnault (summer)	158	fire emblem, fire emblem: three houses, fire emblem heroes
duca degli abruzzi (azur lane)	158	azur lane
etopen	158	saki (manga)
feena fam earthlight	158	yoake mae yori ruri iro na
gema	158	di gi charat
grenville (azur lane)	158	azur lane
hazama	158	blazblue
hinata shouyou	158	haikyuu!!
inaba haneru (animare)	158	nanashi inc., animare
izetta	158	shuumatsu no izetta
justine (persona 5)	158	persona, persona 5
kali (fate)	158	fate/grand order, fate (series)
kamisato ayaka (heytea)	158	genshin impact
kosaka yukiho	158	love live!, love live! school idol project
koyuki (bunny) (blue archive)	158	blue archive
leonardo da vinci (swimsuit ruler) (fate)	158	fate/grand order, fate (series)
magia magenta	158	mahou shoujo ni akogarete
mejiro mcqueen (end of sky) (umamusume)	158	umamusume
momijiyama teru	158	shy (series)
momose natsuki (momo no sukebe)	158	original
nejima kitsune (shirakami fubuki)	158	hololive
nightwing	158	dc comics, batman (series)
onitsuka tomari	158	love live!, love live! superstar!!
paras	158	pokemon
peri (fire emblem)	158	fire emblem, fire emblem fates
pers (genshin impact)	158	genshin impact
powered ciel	158	tsukihime
presea combatir	158	tales of (series), tales of symphonia
queen of hatred	158	project moon, lobotomy corporation
rajang	158	monster hunter (series)
sakura megumi	158	gakkou gurashi!
sigui (queen's blade)	158	queen's blade, queen's blade rebellion
sinistcha	158	pokemon, pokemon sv
tropius	158	pokemon
type 95 (narcissus) (girls' frontline)	158	girls' frontline
watamate	158	hololive
yashiro (kancolle)	158	kantai collection
akoya matama	157	mahou shoujo ni akogarete
alsace (heat beating summer sacrament) (azur lane)	157	azur lane
angelica rafa redgrave	157	otome gee sekai wa mob ni kibishii sekai desu
antispiral nia	157	tengen toppa gurren lagann
barnaby brooks jr.	157	tiger & bunny
bugsy (pokemon)	157	pokemon, pokemon hgss
camus (dq11)	157	dragon quest, dragon quest xi
canti	157	flcl
faust (arknights)	157	arknights
fenrir (shingeki no bahamut)	157	granblue fantasy, shingeki no bahamut
hagakure yasuhiro	157	danganronpa (series), danganronpa: trigger happy havoc
hibiki dan	157	street fighter
hong meiling (panda)	157	touhou
ignatz victor	157	fire emblem, fire emblem: three houses
jesus	157	
jinno megumi	157	eromanga sensei
kayneth el-melloi archibald	157	fate (series), fate/zero
linde (fire emblem)	157	fire emblem, fire emblem: mystery of the emblem
machi komacine	157	hunter x hunter
more more jump! miku	157	project sekai, vocaloid
ophilia clement	157	octopath traveler, octopath traveler i
pipkin pippa (1st costume)	157	phase connect
pixie (megami tensei)	157	shin megami tensei
plumeria (pokemon)	157	pokemon, pokemon sm
sabi (pokemon)	157	pokemon, pokemon legends: arceus
saegusa wakaba	157	vividred operation
shiraori	157	kumo desu ga nani ka?
shirayuki tomoe (1st costume)	157	nijisanji
sion eltnam sokaris	157	fate/grand order, fate (series)
snow white (mahoiku)	157	mahou shoujo ikusei keikaku
sophie (howl no ugoku shiro)	157	howl no ugoku shiro
taiwan (hetalia)	157	axis powers hetalia
takanashi souta	157	working!!
terakomari gandezblood	157	hikikomari kyuuketsuki no monmon
tsunemori akane	157	psycho-pass
a-chan (2nd costume) (hololive)	156	hololive
aina rive	156	original
bronya zaychik (wolf's dawn)	156	honkai (series), honkai impact 3rd
bunny nun (diva)	156	little nuns (diva)
carro pino	156	.live
charles-henri sanson (fate)	156	fate/grand order, fate (series)
clemont (pokemon)	156	pokemon, pokemon (anime), pokemon xy (anime)
colossal titan	156	shingeki no kyojin
curren chan (sakutsuki ma cherie) (umamusume)	156	umamusume
floyd leech	156	twisted wonderland
fuka reventon	156	lyrical nanoha, vivid strike!
fuurin asumi	156	healin' good precure, precure
houjou satoshi	156	higurashi no naku koro ni
houshou marine (new year)	156	hololive
infernape	156	pokemon
judau ashta	156	gundam, gundam zz
kan'u (koihime musou)	156	koihime musou
kurokawa chiaki	156	idolmaster, idolmaster cinderella girls
leorio paladiknight	156	hunter x hunter
lillie (anniversary 2021) (pokemon)	156	pokemon, pokemon masters ex
m1918 (girls' frontline)	156	girls' frontline
maria (hayate no gotoku!)	156	hayate no gotoku!
mr. game & watch	156	super smash bros., game & watch, mario (series)
nekoma karin	156	kemomimi refle!
pekora (jashin-chan dropkick)	156	jashin-chan dropkick
reaper (final fantasy)	156	final fantasy, final fantasy xiv
sasasegawa sasami	156	little busters!
seofon (granblue fantasy)	156	granblue fantasy
shidou mariya	156	maria holic
skarmory	156	pokemon
sokrates (touhou)	156	touhou, touhou (pc-98)
sumeragi aika	156	aika (series), agent aika
susannah manatt	156	honkai (series), honkai impact 3rd
taoqi (wuthering waves)	156	wuthering waves
titi (babalilo)	156	original
utsugi kotoko	156	danganronpa (series), danganronpa another episode: ultra despair girls
wynn the wind charmer	156	yu-gi-oh!
yukihana lamy (new year)	156	hololive
zeraora	156	pokemon
aina ardebit	155	promare
amano maya	155	persona, persona 2
an-94 (silent rouge) (girls' frontline)	155	girls' frontline
april (arknights)	155	arknights
brooklyn (kancolle)	155	kantai collection
carly nagisa	155	yu-gi-oh!, yu-gi-oh! 5d's
celica a. mercury	155	blazblue
chiester45	155	umineko no naku koro ni
chloe (school festival) (princess connect!)	155	princess connect!
clarice (idolmaster)	155	idolmaster, idolmaster cinderella girls
cure rosetta	155	dokidoki! precure, precure
demon pillar (fate)	155	fate/grand order, fate (series)
diamant (fire emblem)	155	fire emblem, fire emblem engage
dunkerque (summer sucre) (azur lane)	155	azur lane
frederica baumann	155	re:zero kara hajimeru isekai seikatsu
frosmoth	155	pokemon
galarian ponyta	155	pokemon
garen (league of legends)	155	league of legends
gundam exia	155	gundam, gundam 00
hanamura teruteru	155	danganronpa (series), danganronpa 2: goodbye despair
ilyana (fire emblem)	155	fire emblem, fire emblem: path of radiance
kamiko kana	155	indie virtual youtuber
kouzuki momonosuke	155	one piece
kuzunoha raidou	155	devil summoner (series), shin megami tensei
laura kinney	155	marvel, x-men
levi (fear & hunger)	155	fear & hunger 2: termina
luke skywalker	155	star wars
merrin (fire emblem)	155	fire emblem, fire emblem engage
mesprit	155	pokemon
mym (dragalia lost)	155	dragalia lost
nakahara komugi	155	nurse witch komugi-chan
nophica	155	final fantasy, final fantasy xiv
poi (last origin)	155	last origin
relena peacecraft	155	gundam, gundam wing
saya (twrlare)	155	original
serra (fire emblem)	155	fire emblem, fire emblem: the blazing blade
shanoa (castlevania)	155	castlevania (series), castlevania: order of ecclesia
snow white (grimm)	155	snow white
staraptor	155	pokemon
sui (isekai ojisan)	155	isekai ojisan
suzunami (kancolle)	155	kantai collection
terebi-chan	155	niconico
twintelle (arms)	155	arms (game)
usada pekora (new year)	155	hololive
wakamiya eve	155	bang dream!
weedle	155	pokemon
yat sen (azur lane)	155	azur lane
angel of light nanael	154	queen's blade
anna (sennen sensou aigis)	154	sennen sensou aigis
barasuishou	154	rozen maiden
chou-10cm-hou-chan (suzutsuki's)	154	kantai collection
drake (azur lane)	154	azur lane
frog (chrono trigger)	154	chrono trigger
fujimaru ritsuka (female) (chaldea combat uniform)	154	fate/grand order, fate (series)
fujiyoshi harumi	154	sayonara zetsubou sensei
futaba akane	154	original
gine	154	dragon ball, dragon ball minus
golisopod	154	pokemon
graves (league of legends)	154	league of legends
gretel (granblue fantasy)	154	granblue fantasy
inaba rinne	154	chousoku henkei gyrozetter
jade leech	154	twisted wonderland
joker (cookie)	154	cookie (touhou), touhou
kosma	154	honkai (series), honkai impact 3rd
magical mirai miku (2018)	154	magical mirai (vocaloid), vocaloid
mandragora (arknights)	154	arknights
miku (darling in the franxx)	154	darling in the franxx
miyano shiho	154	meitantei conan
nanase haruka (free!)	154	free!
natsugumo (kancolle)	154	kantai collection
natsuiro matsuri (hololive summer 2019)	154	hololive
nemesis (girls' frontline 2)	154	girls' frontline, girls' frontline 2: exilium
noshiro kai ni (kancolle)	154	kantai collection
palmon	154	digimon, digimon adventure
quinella	154	sword art online, sword art online: alicization
ro635 (mod3) (girls' frontline)	154	girls' frontline
sekomumasada sensei	154	yume nikki
sophia (granblue fantasy)	154	granblue fantasy
tamura hiyori	154	lucky star
tenkawa kaoruko	154	mahou shoujo ni akogarete
togetic	154	pokemon
unryuu kai (kancolle)	154	kantai collection
ushiromiya kyrie	154	umineko no naku koro ni
yashio rui	154	bang dream!
aiba uiha	153	nijisanji
angelise reiter	153	final fantasy, final fantasy xiv
baobhan sith (third ascension) (fate)	153	fate/grand order, fate (series)
black suit (blue archive)	153	blue archive
crusch karsten	153	re:zero kara hajimeru isekai seikatsu
dhalsim	153	street fighter
esia mariveninne (komone ushio)	153	original
female priest (dungeon and fighter)	153	dungeon and fighter
glalie	153	pokemon
gundam calibarn	153	gundam, gundam suisei no majo
hanayagi kaoruko	153	shoujo kageki revue starlight
haruka karibu	153	vshojo
hata-tan (rui (hershe))	153	touhou
hatsutori hajime	153	saibou shinkyoku
hermes (kino no tabi)	153	kino no tabi
hisou tensoku	153	touhou
ienaga mugi	153	nijisanji
javelin (kancolle)	153	kantai collection
kannagi itsuki	153	sora wo kakeru shoujo
kazama jin	153	tekken
kiana kaslana (knight moonbeam)	153	honkai (series), honkai impact 3rd
kiryu coco (dragon)	153	hololive
kusunoki yukimura	153	boku wa tomodachi ga sukunai
lucifer (shingeki no bahamut)	153	granblue fantasy
lucio (overwatch)	153	overwatch, overwatch 1
micha jawkan	153	senki zesshou symphogear
minakata hizuru	153	summertime render
minori (blue archive)	153	blue archive
natasha (sekai seifuku)	153	sekai seifuku: bouryaku no zvezda
qubeley	153	gundam, zeta gundam
sawatari izumi	153	kore ga watashi no goshujin-sama
serika (new year) (blue archive)	153	blue archive
shino hajime	153	ensemble stars!
taigong wang (fate)	153	fate/grand order, fate (series)
takamachi nanoha (movie 1st mode)	153	lyrical nanoha, mahou shoujo lyrical nanoha, mahou shoujo lyrical nanoha the movie 1st
tenshinhan	153	dragon ball
usami mizuki	153	kono bijutsubu niwa mondai ga aru!
aek-999 (girls' frontline)	152	girls' frontline
alicia melchiott	152	senjou no valkyria (series), senjou no valkyria 1
amamiya kokoro (1st costume)	152	nijisanji
arche klein	152	tales of (series), tales of phantasia
aurea juniper	152	pokemon, pokemon bw
ayla (pgr)	152	punishing: gray raven
azul ashengrotto	152	twisted wonderland
barghest (first ascension) (fate)	152	fate/grand order, fate (series)
bellossom	152	pokemon
blackbuck (kemono friends)	152	kemono friends
brest (azur lane)	152	azur lane
chloe lemaire	152	girlfriend (kari)
commander (last origin)	152	last origin
erina makina	152	phase connect
eternal sailor moon	152	bishoujo senshi sailor moon, bishoujo senshi sailor moon stars
fraux	152	granblue fantasy
hansel (granblue fantasy)	152	granblue fantasy
harusame (maid) (kancolle)	152	kantai collection
henrietta (gunslinger girl)	152	gunslinger girl
ichijou ayaka	152	alice gear aegis
kakyouin chieri	152	.live
kaori (princess connect!)	152	princess connect!
kearsarge (all night charge) (azur lane)	152	azur lane
kongou mitsuko	152	toaru majutsu no index, toaru kagaku no railgun
marie antoinette (third ascension) (fate)	152	fate/grand order, fate (series)
matsushima michiru	152	grisaia (series), grisaia no kajitsu
nira-chan	152	zutto mayonaka de ii no ni
nora cat	152	nora cat channel
onix	152	pokemon
peter b parker	152	marvel, spider-man (series), spider-verse
ruukoto	152	touhou, touhou (pc-98)
samurai (final fantasy)	152	final fantasy, final fantasy xiv
sasaki ran	152	assault lily
selina kyle	152	dc comics, batman (series)
shirayuki hina	152	stellive
sovetsky soyuz (azur lane)	152	azur lane
yui shousetsu (first ascension) (fate)	152	fate (series), fate/grand order, fate/samurai remnant
yuma (ebisujima misato)	152	original
a (xenoblade)	151	xenoblade chronicles (series), xenoblade chronicles 3, xenoblade chronicles 3: future redeemed
agnes oblige	151	bravely default (series), bravely default: flying fairy
albert wesker	151	resident evil
alice (deemo)	151	deemo
arnval	151	busou shinki
ashe (mega man)	151	mega man (series), mega man zx, mega man zx advent
barbara parker	151	little witch academia
diana (league of legends)	151	league of legends
dom (mobile suit)	151	gundam, mobile suit gundam
flint (arknights)	151	arknights
germany (hetalia)	151	axis powers hetalia
gourgeist	151	pokemon
hisako (angel beats!)	151	angel beats!
implacable (shepherd of the "lost") (azur lane)	151	
karyl (new year) (princess connect!)	151	princess connect!
kazuma asogi	151	ace attorney, the great ace attorney
koguma (super cub)	151	super cub
kyoumachi seika	151	voiceroid
labrys (persona)	151	persona, persona 4: the ultimate in mayonaka arena
m1 garand (girls' frontline)	151	girls' frontline
marcus (reverse:1999)	151	reverse:1999
mylene jenius	151	macross, macross 7
nanami lucia	151	mermaid melody pichi pichi pitch
nanbu kaguya	151	super robot wars, super robot wars og saga mugen no frontier
neneko mashiro	151	stellive
ohno kanako	151	genshiken
ouga saki	151	amaryllis gumi
prospera mercury	151	gundam, gundam suisei no majo
raziel (granblue fantasy)	151	granblue fantasy
sanallite (tsukumo sana)	151	hololive, hololive english
satou sei	151	maria-sama ga miteru
sekine shiori	151	angel beats!
senpai-san (douki-chan)	151	ganbare douki-chan
shameimaru aya (crow)	151	touhou
tohsaka rin (fate/extra)	151	fate (series), fate/extra
tomimi (silent night) (arknights)	151	arknights
vice (kof)	151	the king of fighters
windsong (reverse:1999)	151	reverse:1999
yuuhi (cookie)	151	cookie (touhou), touhou
akiyama yoshiko	150	girls und panzer
aura bella fiora	150	overlord (maruyama)
cleffa	150	pokemon
cofagrigus	150	pokemon
colonel olcott (fate)	150	fate/grand order, fate (series)
elizabeth f. beurling	150	world witches series, strike witches: suomus misfits squadron
gridman (ssss)	150	gridman universe, ssss.gridman
grimm (rwby)	150	rwby
hanasaki miyabi	150	holostars
haruka (dress) (blue archive)	150	blue archive
kagura nana	150	indie virtual youtuber
kaneko lumi	150	phase connect
kreide (arknights)	150	arknights
kuroi mato	150	black rock shooter
larva tiamat (first ascension) (fate)	150	fate/grand order, fate (series)
lockon stratos	150	gundam, gundam 00
lynx landau	150	honkai: star rail, honkai (series)
madame ping (genshin impact)	150	genshin impact
makaino ririmu (2nd costume)	150	nijisanji
mega absol	150	pokemon
meteorite (arknights)	150	arknights
mito (sao)	150	sword art online, sword art online progressive
nandaba naota	150	flcl
new (lk)	150	original
noel (sora no method)	150	sora no method
ogiue chika	150	genshiken
omanyte	150	pokemon
patriot (arknights)	150	arknights
popo (ice climber)	150	ice climber, super smash bros., mario (series)
porno (dohna dohna)	150	dohna dohna issho ni warui koto o shiyou
quna (pso2)	150	phantasy star, phantasy star online 2
rebecca bluegarden	150	eden's zero
reina prowler	150	macross, macross delta
shounan (kancolle)	150	kantai collection
skuld (aa megami-sama)	150	aa megami-sama
sophia f shirring	150	original
souryuu (azur lane)	150	azur lane
stheno (third ascension) (fate)	150	fate/grand order, fate (series)
takasugi shinsaku (fate)	150	fate/grand order, fate (series)
thancred waters	150	final fantasy, final fantasy xiv
todd ingram	150	scott pilgrim (series), scott pilgrim takes off
tsuruki shizuka	150	girls und panzer, girls und panzer ribbon no musha
wamdus (granblue fantasy)	150	granblue fantasy
warrior of light (ff1)	150	final fantasy, final fantasy i, dissidia final fantasy
wavecat (blue archive)	150	blue archive
akazawa izumi	149	another
albaz (yu-gi-oh!)	149	yu-gi-oh!
alear (female) (seaside dragon) (fire emblem)	149	fire emblem, fire emblem engage, fire emblem heroes
chouun shiryuu	149	ikkitousen
dark angel olivia	149	granblue fantasy
diddy kong	149	donkey kong (series), super smash bros., mario (series)
dido (anxious bisque doll) (azur lane)	149	azur lane
drang (granblue fantasy)	149	granblue fantasy
erebus (azur lane)	149	azur lane
female commander (azur lane)	149	azur lane
flying miku (project voltage)	149	pokemon, vocaloid, project voltage
foongus	149	pokemon
gangut (azur lane)	149	azur lane
gardevoir (fashionable)	149	pokemon, pokemon unite
hatsuseno alpha	149	yokohama kaidashi kikou
hibiscus the purifier (arknights)	149	arknights
hinazuki kayo	149	boku dake ga inai machi
jin kisaragi	149	blazblue
jitomi monoe	149	voms
kafuru (senran kagura)	149	senran kagura
kaga kai ni (kancolle)	149	kantai collection
kazagumo kai ni (kancolle)	149	kantai collection
kongou (azur lane)	149	azur lane
kyouno natsumi	149	date a live
lantern (honkai impact)	149	honkai (series), honkai impact 3rd
little girl admiral (kancolle)	149	kantai collection
lycanroc (midnight)	149	pokemon
lyn (lady of the beach) (fire emblem)	149	fire emblem, fire emblem: the blazing blade, fire emblem heroes
maruyama akane	149	22/7
matsuzaka satou	149	happy sugar life
melissabelle	149	granblue fantasy
mephisto (arknights)	149	arknights
merurulince rede arls	149	atelier (series), atelier meruru
nero claudius (modern costume of crimson) (fate)	149	fate (series), fate/extra
nowareno (azuma shino)	149	original
pavolia reine (street)	149	hololive, hololive indonesia
princess athena	149	athena (series), snk
shiina (angel beats!)	149	angel beats!
shimohira reika	149	gantz
snorunt	149	pokemon
stephanie dora	149	no game no life
sumia (fire emblem)	149	fire emblem, fire emblem awakening
ueno (ueno-san wa bukiyou)	149	ueno-san wa bukiyou
whiskey project	149	indie virtual youtuber
yamanami keisuke (fate)	149	fate (series), fate/grand order
yohane (genjitsu no yohane)	149	genjitsu no yohane, love live!, love live! sunshine!!
yohane bonaventura	149	original
yuezheng ling	149	vocaloid, vsinger (vocaloid)
zetton	149	ultra series, ultra kaijuu gijinka keikaku
zuikaku (the wind's true name) (azur lane)	149	azur lane
alm (fire emblem)	148	fire emblem, fire emblem echoes: shadows of valentia
aoyama motoko	148	love hina
billy the kid (fate)	148	fate/grand order, fate (series)
blue whale (kemono friends)	148	kemono friends
britomart (fate)	148	fate/grand order, fate (series)
bronya zaychik (valkyrie chariot)	148	honkai (series), honkai impact 3rd
cerberus (kemono friends)	148	kemono friends
charlotte corday (third ascension) (fate)	148	fate/grand order, fate (series)
cheshire cat (monster girl encyclopedia)	148	monster girl encyclopedia
crypto (apex legends)	148	apex legends
dusty (gravity daze)	148	gravity daze
eir (fire emblem)	148	fire emblem, fire emblem heroes
ephnel	148	soulworker
falkner (pokemon)	148	pokemon, pokemon hgss
floette	148	pokemon
hacka doll 1	148	hacka doll
harpie lady	148	yu-gi-oh!
heidi (arknights)	148	arknights
hinazuki ririna	148	beatmania (series), beatmania iidx, bemani
hoshino (second year) (blue archive)	148	blue archive
huttslayer leia	148	star wars, star wars: return of the jedi
joshua bright	148	eiyuu densetsu, sora no kiseki
kanzaki hideri	148	blend s
katou marika	148	miniskirt pirates
komugi (lee)	148	original
konoe konoka	148	mahou sensei negima!
kozume kenma	148	haikyuu!!
kukuri (mahoujin guruguru)	148	mahoujin guruguru
kurama (yu yu hakusho)	148	yu yu hakusho
kurono kurumu	148	rosario+vampire
kuwata leon	148	danganronpa (series), danganronpa: trigger happy havoc
noelle (kfc) (genshin impact)	148	genshin impact, kfc
oinari-sama (kemono friends)	148	kemono friends
qu (pgr)	148	punishing: gray raven
ranpha franboise	148	galaxy angel
ronove (umineko)	148	umineko no naku koro ni
roselia (pokemon)	148	pokemon
sabitsuki	148	.flow
silky anteater (kemono friends)	148	kemono friends
suzuka gozen (swimsuit rider) (second ascension) (fate)	148	fate/grand order, fate (series)
taihou (muse) (azur lane)	148	azur lane
team spica's trainer	148	umamusume
theresa apocalypse (celestial hymn)	148	honkai (series), honkai impact 3rd
togedemaru	148	pokemon
tsube aika	148	ore twintail ni narimasu
tsukumo yuki (jujutsu kaisen)	148	jujutsu kaisen
victreebel	148	pokemon
wolf o'donnell	148	star fox, super smash bros.
xi gundam	148	gundam, gundam hathaway's flash
yae kasumi	148	honkai (series), honkai impact 3rd
yasuo (league of legends)	148	league of legends
yorktown ii (azur lane)	148	azur lane
yubel	148	yu-gi-oh!, yu-gi-oh! gx
yuki miku (2018)	148	vocaloid
aozora kyoka	147	original
arcade sona	147	league of legends
arima senka	147	original
ashleigh reid	147	apex legends
ayukawa madoka	147	kimagure orange road
bergman's bear (kemono friends)	147	kemono friends
chuchu (pokemon)	147	pokemon, pokemon adventures
cure muse (yellow)	147	precure, suite precure
foch (azur lane)	147	azur lane
great grey wolf sif	147	dark souls (series), dark souls i
guillotine (nikke)	147	goddess of victory: nikke
hashida itaru	147	steins;gate
hashimoto nyaa	147	osomatsu (series), osomatsu-san
hatsune (summer) (princess connect!)	147	princess connect!
hebiyoi tier	147	nanashi inc.
hythlodaeus	147	final fantasy, final fantasy xiv
ine (vtuber)	147	waktaverse
irie miyuki	147	angel beats!
jakob (fire emblem)	147	fire emblem, fire emblem fates
jean bart (kancolle)	147	kantai collection
jue (wuthering waves)	147	wuthering waves
jun (princess connect!)	147	princess connect!
kolin	147	street fighter, street fighter v
kuro (neural cloud)	147	girls' frontline, girls' frontline neural cloud
le malin (sleepy sunday) (azur lane)	147	azur lane
luna: laurel (pgr)	147	punishing: gray raven
masaki aeka jurai	147	tenchi muyou!
meinya (made in abyss)	147	made in abyss
melinoe (hades)	147	hades (series), hades 2
meyrin hawke	147	gundam, gundam seed, gundam seed destiny
minior	147	pokemon
mr. mime	147	pokemon
mutsu (azur lane)	147	azur lane
neeko (aldehyde)	147	original
nezha (fate)	147	fate/grand order, fate (series)
nine-colored deer	147	a deer of nine colors, arknights
petra gurin (2nd costume)	147	nijisanji, nijisanji en
piers nivans	147	resident evil, resident evil 6
raditz	147	dragon ball, dragon ball z
reszurre	147	boroboro no elf-san o shiawaseni suru kusuri uri-san
scavenger (arknights)	147	arknights
setsuna (fire emblem)	147	fire emblem, fire emblem fates
shikabane itsuka	147	sekai seifuku: bouryaku no zvezda
shirakumo (kancolle)	147	kantai collection
skeledirge	147	pokemon
tooyama rin	147	new game!
triandra (fire emblem)	147	fire emblem, fire emblem heroes
ursaring	147	pokemon
ushigome rimi	147	bang dream!
vei (vtuber) (4th costume)	147	vshojo
akagi (paradise amaryllis) (azur lane)	146	azur lane
artoria pendragon (alter swimsuit rider) (third ascension) (fate)	146	fate (series), fate/grand order
astraea (sora no otoshimono)	146	sora no otoshimono
blonde dog girl (ri-net)	146	original
brigid (fire emblem)	146	fire emblem, fire emblem: genealogy of the holy war
brown thoroughbred (kemono friends)	146	kemono friends
bug miku (project voltage)	146	pokemon, project voltage, vocaloid
clay (nikke)	146	goddess of victory: nikke
click (arknights)	146	arknights
coralie (honkai impact)	146	honkai (series), honkai impact 3rd
electrode (pokemon)	146	pokemon
excellen browning	146	super robot wars
fugee (granblue fantasy)	146	granblue fantasy
giant otter (kemono friends) (kuro (kurojill))	146	kemono friends, arai-san mansion
hacka doll 2	146	hacka doll
hinamori momo	146	bleach
hooman (nanashi mumei)	146	hololive, hololive english
ibuki douji (second ascension) (fate)	146	fate/grand order, fate (series)
inoue yurina	146	original
jenny (pokemon)	146	pokemon, pokemon (anime)
linie (sousou no frieren)	146	sousou no frieren
lucina (spring exalt) (fire emblem)	146	fire emblem, fire emblem awakening, fire emblem heroes
makino ruki	146	digimon, digimon tamers
maria balthasar	146	xenogears
mei (honkai impact)	146	honkai (series), honkai impact 3rd
nukumizu kazuhiko	146	make heroine ga oo sugiru!
omaru polka (school uniform)	146	hololive
peach panther (kemono friends)	146	kemono friends
porygon-z	146	pokemon
risky boots	146	shantae (series)
roadhog (overwatch)	146	overwatch, overwatch 1
sagae haruki	146	akuma no riddle
sakayanagi arisu	146	youkoso jitsuryoku shijou shugi no kyoushitsu e
sekhmet of death	146	last origin
shera l. greenwood	146	isekai maou to shoukan shoujo no dorei majutsu
shiromiya mimi	146	animare, nanashi inc.
shuckle	146	pokemon
sophia (reverse:1999)	146	reverse:1999
tachibana jun'ichi	146	amagami
talonflame	146	pokemon
team yell grunt	146	pokemon, pokemon swsh
torrent (elden ring)	146	elden ring
tsurumi chiriko	146	ano hi mita hana no namae wo bokutachi wa mada shiranai.
type 79 (girls' frontline)	146	girls' frontline
warrior (final fantasy)	146	final fantasy, final fantasy xiv
abby (wuthering waves)	145	wuthering waves
amarys (pokemon)	145	pokemon, pokemon sv
amatsuka mao	145	gj-bu
aquila (azur lane)	145	azur lane
arama (genshin impact)	145	genshin impact
ashiharatsumori koito	145	project kv
bellsprout	145	pokemon
binah (blue archive)	145	blue archive
charlotte katakuri	145	one piece
cloudy (wuthering waves)	145	wuthering waves
common vampire bat (kemono friends)	145	kemono friends
cure beat	145	precure, suite precure
dango-chan (4shi)	145	original
doge	145	
franky franklin	145	spy x family
gaap (umineko)	145	umineko no naku koro ni
gotoh michiyo	145	bocchi the rock!
goutokuji miyako	145	powerpuff girls z
greater roadrunner (kemono friends)	145	kemono friends
hanna england	145	little witch academia
hapu (pokemon)	145	pokemon, pokemon sm
ibaraki douji (swimsuit lancer) (first ascension) (fate)	145	fate/grand order, fate (series)
inubashiri momiji (wolf)	145	touhou
isshiki momo	145	vividred operation
kamijou kyousuke	145	mahou shoujo madoka magica, mahou shoujo madoka magica (anime)
kokutou azaka	145	kara no kyoukai
kos-mos re:	145	xenoblade chronicles (series), xenoblade chronicles 2, xenosaga
kusakabe wakaba	145	idolmaster, idolmaster cinderella girls
ladybug (character)	145	miraculous ladybug
meliodas	145	nanatsu no taizai
murasaki shion (school uniform)	145	hololive
norn greyrat	145	mushoku tensei
raiden mei (striker fulminata)	145	honkai (series), honkai impact 3rd
rena lanford	145	star ocean, star ocean the second story
riddle rosehearts	145	twisted wonderland
rumia tingel	145	rokudenashi majutsu koushi to akashic record
saitou kaede (yama no susume)	145	yama no susume
shiodome miuna	145	nagi no asukara
shiori (kamioka shun'ya)	145	original
super sailor jupiter	145	bishoujo senshi sailor moon
usalia (disgaea)	145	disgaea, makai senki disgaea 5
vulcan (arknights)	145	arknights
yamashiro (summer offensive?) (azur lane)	145	azur lane
zuo le (arknights)	145	arknights
alolan ninetales	144	pokemon
arakune	144	blazblue
barbara gordon	144	dc comics, batman (series)
belphegor (umineko)	144	umineko no naku koro ni
dawn (palentine's 2021) (pokemon)	144	pokemon, pokemon masters ex
ebihara naho	144	idolmaster, idolmaster cinderella girls
elizabeth (bioshock infinite)	144	bioshock (series), bioshock infinite
etna (kuzuyu)	144	original
fir (fire emblem)	144	fire emblem, fire emblem: the binding blade
fubuki (senran kagura)	144	senran kagura, senran kagura new link
geronimo (fate)	144	fate/grand order, fate (series)
grand archer (elsword)	144	elsword
hans christian andersen (adult) (fate)	144	fate/grand order, fate (series)
hatsune miku (vocaloid3)	144	vocaloid
hunter (ragnarok online)	144	ragnarok online
kayle (league of legends)	144	league of legends
kitazawa hagumi	144	bang dream!
lahmu (fate)	144	fate (series), fate/grand order
leander (azur lane)	144	azur lane
marley (pokemon)	144	pokemon, pokemon dppt
mary stuart	144	kyoukaisenjou no horizon
mash kyrielight (formal dress)	144	fate/grand order, fate (series)
misako (kunio-kun)	144	kunio-kun series, river city girls
nao (dream c club)	144	dream c club (series), dream c club
ogiso setsuna	144	white album (series), white album 2
ohitome kohane	144	project kv
orchis	144	granblue fantasy
otonashi yuzuru	144	angel beats!
pink (ohasi)	144	original
prinz eugen (symphonic fate) (azur lane)	144	azur lane
rosetta (pgr)	144	punishing: gray raven
saotome genma (panda)	144	ranma 1/2
shingyoku (female)	144	touhou, touhou (pc-98)
super orion (fate)	144	fate/grand order, fate (series)
tokonome mamori	144	valkyrie drive, valkyrie drive -mermaid-
tressa colzione	144	octopath traveler, octopath traveler i
vice (alchemy stars)	144	alchemy stars
vivy	144	vivy: fluorite eye's song
weezing	144	pokemon
wiglett	144	pokemon
wubbaboo (honkai: star rail)	144	honkai: star rail, honkai (series)
yukikaze (swimsuit mode) (kancolle)	144	kantai collection
yuzuki roa (1st costume)	144	nijisanji
abe takakazu	143	kuso miso technique
aeiou (yoako)	143	original
amagi (wending waters serene lotus) (azur lane)	143	azur lane
amatsuka megumi (gj-bu)	143	gj-bu
arf	143	lyrical nanoha, mahou shoujo lyrical nanoha
beelzebub (umineko)	143	umineko no naku koro ni
bitey (arknights)	143	arknights
carbuncle (final fantasy)	143	final fantasy
childhood friend (ominaeshi)	143	original
devola	143	nier (series)
edmond honda	143	street fighter
federica n. doglio	143	world witches series, strike witches: kurenai no majo-tachi
gyro zeppeli	143	jojo no kimyou na bouken, steel ball run
heracross	143	pokemon
horizon ariadust	143	kyoukaisenjou no horizon
idunn (fire emblem)	143	fire emblem, fire emblem: the binding blade
kamen rider decade	143	kamen rider, kamen rider dcd
kano shuuya	143	kagerou project
la pucelle (mahoiku)	143	mahou shoujo ikusei keikaku, mahou shoujo ikusei keikaku unmarked
mao-chan (uramakaron)	143	original
marth (fire emblem awakening)	143	fire emblem, fire emblem awakening
matsu (kancolle)	143	kantai collection
matsurisu	143	hololive
medli	143	the legend of zelda, the legend of zelda: the wind waker
milk (yes! precure 5)	143	precure, yes! precure 5, yes! precure 5 gogo!
neuroi	143	world witches series
pochimaru (vtuber)	143	indie virtual youtuber
professor nemo (fate)	143	fate/grand order, fate (series)
shia flatpaddy	143	original
shigure ui (vtuber) (2nd costume)	143	indie virtual youtuber
sul-lin-a (hurukku)	143	original
surcouf (loisirs balneaires) (azur lane)	143	azur lane
tatl	143	the legend of zelda, the legend of zelda: majora's mask
tinker bell (disney)	143	peter pan (disney)
tuesday (reverse:1999)	143	reverse:1999
vila (reverse:1999)	143	reverse:1999
yu xuan (yewang19)	143	original
yuugenmagan	143	touhou, touhou (pc-98)
akabane youko	142	nijisanji
amane (dream c club)	142	dream c club, dream c club (series)
amatsukaze kai ni (kancolle)	142	kantai collection
anthony (madoka magica)	142	mahou shoujo madoka magica, mahou shoujo madoka magica (anime)
blu pyro (tf2)	142	team fortress 2
cecilia (fire emblem)	142	fire emblem, fire emblem: the binding blade
choukai (azur lane)	142	azur lane
emperor of mankind	142	warhammer 40k
european hare (kemono friends)	142	kemono friends
fumizuki kai ni (kancolle)	142	kantai collection
gii	142	blazblue
hirose koichi	142	jojo no kimyou na bouken, diamond wa kudakenai
ishigami yuu	142	kaguya-sama wa kokurasetai ~tensai-tachi no renai zunousen~
justia (brown dust)	142	brown dust (series), brown dust 2
kaneda shoutarou (akira)	142	akira (manga)
kii-kun (agnes tachyon) (umamusume)	142	umamusume
leo (senran kagura)	142	senran kagura, senran kagura new wave
lita (kmnz)	142	kmnz
magical mirai miku (2019)	142	magical mirai (vocaloid), vocaloid
mecha-fiora	142	xenoblade chronicles (series), xenoblade chronicles 1
millicent (elden ring)	142	elden ring
misteln schariac	142	honkai (series), honkai impact 3rd
mk48 (girls' frontline)	142	girls' frontline
no. 21: xxi (pgr)	142	punishing: gray raven
oomuro nadeshiko	142	yuru yuri
popola	142	nier (series)
proto man	142	mega man (classic), mega man (series)
sashou mihiro (infinote)	142	original
siberian chipmunk (kemono friends)	142	kemono friends, kemono friends v project
t'au	142	warhammer 40k
teruyof	142	
towa monaca	142	danganronpa (series), danganronpa another episode: ultra despair girls
verina (wuthering waves)	142	wuthering waves
vigil (arknights)	142	arknights
xiangli yao	142	wuthering waves
yamato maya	142	bang dream!
yamifuka-san (hoshi san 3)	142	original
yuri (girls und panzer)	142	girls und panzer
akuta hinako	141	fate/grand order, fate (series)
asteion	141	lyrical nanoha, mahou shoujo lyrical nanoha vivid
ayaginu temari	141	isekai tensei shite v ni narimashita
azelf	141	pokemon
baymax	141	big hero 6
captain of the royal guard elina	141	queen's blade
carcano m1891 (girls' frontline)	141	girls' frontline
celia kumani entory	141	walkure romanze
ciel alencon	141	god eater, god eater 2: rage burst
dugtrio	141	pokemon
electro cicin mage (genshin impact)	141	genshin impact
elira pendora (3rd costume)	141	nijisanji, nijisanji en
est (fire emblem)	141	fire emblem, fire emblem: mystery of the emblem
flutter mane	141	pokemon
ganyu (young) (genshin impact)	141	genshin impact
grape-kun	141	kemono friends
hakodate omiko	141	kill la kill
hanna rudel	141	world witches series, strike witches: suomus misfits squadron
heather mason	141	silent hill (series), silent hill 3
himeji mizuki	141	baka to test to shoukanjuu
himejima gyoumei	141	kimetsu no yaiba
honchkrow	141	pokemon
honda sora	141	lonely girl ni sakaraenai
hulk	141	marvel
junko (new year) (blue archive)	141	blue archive
ka-class submarine	141	kantai collection
kronshtadt (azur lane)	141	azur lane
kurusu kimihito	141	monster musume no iru nichijou
kusunoki shio	141	indie virtual youtuber
liliya (kaetzchen)	141	original
manjoume jun	141	yu-gi-oh!, yu-gi-oh! gx
meowstic (female)	141	pokemon
nemone	141	granblue fantasy
nishikata chii	141	karakai jouzu no takagi-san, karakai jouzu no (moto) takagi-san
northern italy (hetalia)	141	axis powers hetalia
p7 (girls' frontline)	141	girls' frontline
quency (nikke)	141	goddess of victory: nikke
rodney (kancolle)	141	kantai collection
saaya (suisei no gargantia)	141	suisei no gargantia
sakurai ayaka (lonely girl ni sakaraenai)	141	lonely girl ni sakaraenai
seto kousuke	141	kagerou project
shenron (dragon ball)	141	dragon ball
star guardian jinx	141	league of legends
strohl (metaphor: refantazio)	141	metaphor: refantazio
takamachi nanoha (aggressor mode)	141	lyrical nanoha, mahou shoujo lyrical nanoha strikers
toriyama akira (character)	141	dragon ball
ump9 (mod3) (girls' frontline)	141	girls' frontline
vega (street fighter)	141	street fighter
vinegar doppio	141	jojo no kimyou na bouken, vento aureo
white dragon (kemono friends)	141	kemono friends
yonezawa natsumi	141	yuusha to maou
yue (arifureta)	141	arifureta shokugyou de sekai saikyou
zangyaku-san	141	ano ko wa toshi densetsu
aang	140	avatar legends, avatar: the last airbender
anti (ssss.gridman)	140	gridman universe
arsene (persona 5)	140	persona, persona 5
asimov (spindle (aidenr0))	140	original
bastet (houtengeki)	140	original
blooper (mario)	140	mario (series)
cardboard box gundam	140	
cure friendy	140	precure, wonderful precure!
domyoji karin	140	idolmaster, idolmaster cinderella girls
eiai nano	140	kimi no koto ga dai dai dai dai daisuki na 100-nin no kanojo
elma (xenoblade x)	140	xenoblade chronicles (series), xenoblade chronicles x
eve (chihuri)	140	original
farfetch'd	140	pokemon
female slayer (dungeon and fighter)	140	dungeon and fighter
girlycard	140	hellsing
golbat	140	pokemon
guncannon	140	gundam, mobile suit gundam
hyoudou michiru	140	saenai heroine no sodatekata
ima-no-tsurugi	140	touken ranbu
jet black	140	cowboy bebop
juniper actias	140	indie virtual youtuber
kaizuka inaho	140	aldnoah.zero
karenina: scire (pgr)	140	punishing: gray raven
komiyama kotomi	140	watashi ga motenai no wa dou kangaetemo omaera ga warui!
konparu nozomi	140	girls und panzer
kurokami medaka	140	medaka box
laharl-chan	140	disgaea, disgaea d2
light valkyrie (p&d)	140	puzzle & dragons
lindy harlaown	140	lyrical nanoha, mahou shoujo lyrical nanoha
luna (shadowverse)	140	shadowverse
malyna (malberrybush)	140	original
minette (skullgirls)	140	skullgirls
miyamoto musashi (swimsuit berserker) (third ascension) (fate)	140	fate/grand order, fate (series)
murrue ramius	140	gundam, gundam seed
mutio	140	ao no roku-gou
nakatsukasa tsubaki	140	soul eater
noel (tsukihime)	140	tsukihime, tsukihime (remake)
osana najimi (komi-san wa komyushou desu)	140	komi-san wa komyushou desu
passenger pigeon (kemono friends)	140	kemono friends
queen of sunlight gwynevere	140	dark souls (series), dark souls i
sabina fardin	140	gundam, gundam suisei no majo
sakura (usashiro mani)	140	original
sasa kazamori	140	un-go
scholar (final fantasy)	140	final fantasy, final fantasy xiv
shizuki soujuurou	140	mahou tsukai no yoru
south dakota kai (kancolle)	140	kantai collection
tachikoma	140	ghost in the shell
theresa apocalypse (schicksal's imperative)	140	honkai (series), honkai impact 3rd
type 95 (summer cicada) (girls' frontline)	140	girls' frontline
uozumi kurumi	140	null-meta
xueyi (honkai: star rail)	140	honkai: star rail, honkai (series)
yuki miku (2013)	140	vocaloid
baselard	139	frame arms girl
breloom	139	pokemon
diancie	139	pokemon
dragon slayer ornstein	139	dark souls (series), dark souls i
exia (nikke)	139	goddess of victory: nikke
fernandia malvezzi	139	strike witches: kurenai no majo-tachi, world witches series
fu hua (rustic noir)	139	honkai (series), honkai impact 3rd
hinata hideki	139	angel beats!
ibaraki douji (touhou)	139	touhou
inui shinju	139	sono bisque doll wa koi wo suru
isaac foster	139	satsuriku no tenshi
itou kaiji	139	kaiji
ivy (sparrowl)	139	original
jigen (cookie)	139	cookie (touhou), touhou
jon talbain	139	darkstalkers
kazamaki matsuri	139	ayakashi triangle
kinon bachika	139	tengen toppa gurren lagann
kurosaki honoka	139	yama no susume
kurusu kanako	139	ore no imouto ga konna ni kawaii wake ga nai
kuzuki souichirou	139	fate (series), fate/stay night
leila malcal	139	code geass, code geass: boukoku no akito
li (rob ishi)	139	original
lilia vanrouge	139	twisted wonderland
lisa (a sobriquet under shade) (genshin impact)	139	genshin impact
mai (pokemon)	139	pokemon, pokemon legends: arceus
martha (swimsuit ruler) (first ascension) (fate)	139	fate/grand order, fate (series)
medic (tf2)	139	team fortress 2
miyasaka ryou	139	inazuma eleven (series), inazuma eleven
mococo abyssgard (new year)	139	hololive, hololive english
nightmare (arknights)	139	arknights
nurse nemo (fate)	139	fate/grand order, fate (series)
nyarlathotep	139	
papyrus (arknights)	139	arknights
scarlett (unicorn overlord)	139	unicorn overlord
sina (pokemon)	139	pokemon
son gohan (future)	139	dragon ball, dragon ball z
swinub	139	pokemon
takitsubo rikou	139	toaru majutsu no index
tina sprout	139	black bullet
togame	139	katanagatari
tomoe (qipao) (blue archive)	139	blue archive
vaseraga	139	granblue fantasy
volkner (pokemon)	139	pokemon, pokemon dppt
yae (ganbare goemon)	139	ganbare goemon
yuyusu (cookie)	139	cookie (touhou), touhou
abyss mage (genshin impact)	138	genshin impact
amanogawa shiina	138	phase connect
amatori chika	138	world trigger
anastasia (swimsuit archer) (third ascension) (fate)	138	fate/grand order, fate (series)
ashitaka	138	mononoke hime
ayanami (niconico) (azur lane)	138	azur lane
blue angel (yu-gi-oh!)	138	yu-gi-oh!, yu-gi-oh! vrains
egawa kusumi	138	assault lily
elfnein	138	senki zesshou symphogear
fighter (7th dragon)	138	7th dragon, 7th dragon (series)
flour (cookie)	138	cookie (touhou), touhou
freddy fazbear	138	five nights at freddy's
girlfriend (friday night funkin')	138	friday night funkin'
goldenglow (summer flowers) (arknights)	138	arknights
gouf	138	gundam, mobile suit gundam
hatori chise	138	mahou tsukai no yome
hiiro (alchemy stars)	138	alchemy stars
iris (takunomi)	138	enjo kouhai
isagi yoichi	138	blue lock
jungle cat (kemono friends)	138	kemono friends, kemono friends v project
kosegawa shiromi	138	saki (manga)
lily (granblue fantasy)	138	granblue fantasy
mage (disgaea)	138	disgaea
marlene wallace	138	final fantasy, final fantasy vii
mikazuki shizuka	138	zom 100: zombie ni naru made ni shitai 100 no koto
mitarashi anko	138	naruto (series), naruto
nina williams	138	tekken
noire (fire emblem)	138	fire emblem, fire emblem awakening
otonashi kiruko	138	shinmai fukei kiruko-san
princess luna	138	my little pony, my little pony: friendship is magic
rilliona (yu-gi-oh!)	138	yu-gi-oh!
rock lee	138	naruto (series)
rogue titan	138	shingeki no kyojin
sakura miko (flower fantasista!)	138	hololive
satan (umineko)	138	umineko no naku koro ni
sazanami (swimsuit mode) (kancolle)	138	kantai collection
schierke (berserk)	138	berserk
seraphina (disgaea)	138	disgaea, makai senki disgaea 5
shigure asa	138	shuffle!
sigurd (fire emblem)	138	fire emblem, fire emblem: genealogy of the holy war
tb (azur lane)	138	azur lane
volume (nikke)	138	goddess of victory: nikke
wargreymon	138	digimon
white tiger (kemono friends)	138	kemono friends
wilderness bandit risty	138	queen's blade
yakui	138	futaba channel, nijiura maids
yanase mai	138	toji no miko
yukihira souma	138	shokugeki no souma
yumi (nt00)	138	original
akaza akane	137	yuru yuri
aldra (queen's blade)	137	queen's blade
alice (megami tensei)	137	shin megami tensei
alina clover	137	guild no uketsukejou desu ga zangyou wa iya nanode boss wo solo toubatsu shiyou to omoimasu
aoba tsugumi	137	kannagi
avicebron (fate)	137	fate (series), fate/grand order
ayatsuno yuni	137	stellive
bardiche (standby form) (nanoha)	137	lyrical nanoha
belfast (iridescent rosa) (azur lane)	137	azur lane
bicute bunnies miku (white bunny)	137	vocaloid
big sister (navigavi)	137	original
black jack (character)	137	black jack (series)
coomer (meme)	137	
dark precure	137	precure, heartcatch precure!
futami eriko	137	kimi kiss
g3 (girls' frontline)	137	girls' frontline
gipsy danger	137	pacific rim
hakos baelz (steel rose)	137	hololive, hololive english
haqua d'rot herminium	137	kami nomi zo shiru sekai
harpy (closers)	137	closers
helldiver (helldivers)	137	helldivers (series)
hiita the fire charmer	137	yu-gi-oh!
ibaraki douji's arm	137	touhou
jeff the land shark	137	marvel, marvel rivals
joshua rosfield	137	final fantasy, final fantasy xvi
kazamaki matsuri (female)	137	ayakashi triangle
king ghidorah	137	godzilla (series)
kuze masachika	137	tokidoki bosotto roshia-go de dereru tonari no alya-san
langley (path to nowhere)	137	path to nowhere
le malin (mercredi at the secret base) (azur lane)	137	azur lane
levi the slasher	137	lyrical nanoha
little boy commander (azur lane)	137	azur lane
makihara arina	137	waku waku 7
medama oyaji	137	gegege no kitarou
micro uzi (girls' frontline)	137	girls' frontline
minamoto chizuru	137	kanokon
mogador (locker room lechery) (azur lane)	137	azur lane
niimi sora	137	9-nine-
ninomae ina'nis (pastry chef)	137	hololive, hololive english
norea du noc	137	gundam, gundam suisei no majo
note-chan	137	original
oboro (taimanin asagi)	137	taimanin (series), taimanin asagi
padparadscha (houseki no kuni)	137	houseki no kuni
pinky pop hepburn	137	the moon studio
prince of lorasia	137	dragon quest, dragon quest ii
regice	137	pokemon
rivier (kuzuyu)	137	original
sasaki fuuka	137	watashi ga motenai no wa dou kangaetemo omaera ga warui!
shiromanta (character)	137	senpai ga uzai kouhai no hanashi
takanashi kiara (party dress)	137	hololive, hololive english
tenochtitlan (swimsuit mooncancer) (third ascension) (fate)	137	fate/grand order, fate (series)
terriermon	137	digimon
tougou hifumi	137	persona, persona 5
tsubaki (kunoichi tsubaki no mune no uchi)	137	kunoichi tsubaki no mune no uchi
tuxedo kamen	137	bishoujo senshi sailor moon
valerie (pokemon)	137	pokemon, pokemon xy
yamashiro kai ni (kancolle)	137	kantai collection
yuri plisetsky	137	yuri!!! on ice
admiral graf spee (peaceful daily life) (azur lane)	136	azur lane
adol christin	136	ys
alma (monster hunter wilds)	136	monster hunter (series), monster hunter wilds
commander shepard	136	mass effect (series)
courier (arknights)	136	arknights
cure aqua	136	precure, yes! precure 5
curly (mouthwashing)	136	mouthwashing
durandal (valkyrie gloria) (honkai impact)	136	honkai (series), honkai impact 3rd
dusclops	136	pokemon
edinburgh (azur lane)	136	azur lane
emerald sustrai	136	rwby
enterprise (wind catcher) (azur lane)	136	azur lane
eris (asobi ni iku yo!)	136	asobi ni iku yo!
eucliwood hellscythe	136	kore wa zombie desu ka?
falco lombardi	136	star fox, super smash bros.
frillish	136	pokemon
gabumon	136	digimon
gloire (kancolle)	136	kantai collection
grimmsnarl	136	pokemon
ground miku (project voltage)	136	pokemon, project voltage, vocaloid
hallessena	136	granblue fantasy
happy chaos	136	guilty gear, guilty gear strive
hatsune mikuo	136	vocaloid
hero (dq8)	136	dragon quest, dragon quest viii
inubouzaki fuu	136	yuuki yuuna wa yuusha de aru, yuusha de aru
itsuwa	136	toaru majutsu no index
juna crawford	136	eiyuu densetsu, sen no kiseki (series)
kotama (camp) (blue archive)	136	blue archive
leviathan (umineko)	136	umineko no naku koro ni
lilpa	136	waktaverse
luke sullivan	136	street fighter, street fighter 6
lycanroc (midday)	136	pokemon
m870 (girls' frontline)	136	girls' frontline
mienshao	136	pokemon
nakai hisao	136	katawa shoujo
nightingale (path to nowhere)	136	path to nowhere
nina kosaka (1st costume)	136	nijisanji, nijisanji en
ogawa sumireko	136	kaii to otome to kamikakushi
okita sawa	136	tari tari
peter strasser (azur lane)	136	azur lane
pomudachi (pomu rainpuff)	136	nijisanji, nijisanji en
princess tutu (character)	136	princess tutu
regigigas	136	pokemon
rinne (rinrinne)	136	rinrinne
s-head commander	136	
salazzle	136	pokemon
samurott	136	pokemon
slowbro	136	pokemon
souya agb (kancolle)	136	kantai collection
sovetskaya belorussiya (azur lane)	136	azur lane
suzuhara touji	136	neon genesis evangelion
suzuran (lostlands flowering) (arknights)	136	arknights
takamachi nanoha (sacred mode)	136	lyrical nanoha, mahou shoujo lyrical nanoha, mahou shoujo lyrical nanoha a's
tita russell	136	eiyuu densetsu, sora no kiseki
yuki miku (2015)	136	vocaloid
yveltal	136	pokemon
z1 leberecht maass (oktoberfest mode) (kancolle)	136	kantai collection
zenos yae galvus	136	final fantasy, final fantasy xiv
admiral graf spee (girl's sunday) (azur lane)	135	azur lane
akami karubi	135	indie virtual youtuber
alina (girls und panzer)	135	girls und panzer
assassin cross (ragnarok online)	135	ragnarok online
barbie (character)	135	barbie (franchise)
beanstalk (gift uncompleted) (arknights)	135	arknights
black sister	135	neptune (series)
carleen (alchemy stars)	135	alchemy stars
chatot	135	pokemon
cheetah (kemono friends)	135	kemono friends
coquelic (path to nowhere)	135	path to nowhere
dewgong	135	pokemon
drossel von flugel	135	fireball (series)
emma (nikke)	135	goddess of victory: nikke
fujimaru ritsuka (male) (summer street)	135	fate/grand order, fate (series)
geodude	135	pokemon
hodaka natsumi	135	houkago teibou nisshi
imouto-chan (monaka curl)	135	original
izumo no okuni (fate)	135	fate/grand order, fate (series)
jack atlas	135	yu-gi-oh!, yu-gi-oh! 5d's
jade (azur lane)	135	azur lane
julia chang	135	tekken
kagami kuro	135	kodomo no jikan
king k. rool	135	donkey kong (series), super smash bros., donkey kong country
kiyama harumi	135	toaru kagaku no railgun, toaru majutsu no index
konomori kanon	135	watashi ni tenshi ga maiorita!
mainz (azur lane)	135	azur lane
marisa (fire emblem)	135	fire emblem, fire emblem: the sacred stones
methode (sousou no frieren)	135	sousou no frieren
midorikawa hana	135	prison school
minfilia warde	135	final fantasy, final fantasy xiv
mysterious ranmaru x (fate)	135	fate/grand order, fate (series)
namine ritsu	135	utau
nate mitotsudaira	135	kyoukaisenjou no horizon
nogi sonoko	135	yuusha de aru
pina (blue archive)	135	blue archive
powder (arcane)	135	league of legends, arcane: league of legends
prinz eugen (profusion of flowers) (azur lane)	135	azur lane
remoraid	135	pokemon
rime (cevio)	135	cevio, kamitsubaki studio
saren (christmas) (princess connect!)	135	princess connect!
scyther	135	pokemon
selen tatsuki (2nd costume)	135	nijisanji, nijisanji en
shaddiq zenelli	135	gundam, gundam suisei no majo
sinistea	135	pokemon
sinon (solus)	135	sword art online, sword art online: alicization, sword art online: alicization - war of underworld
sita vilosa	135	sword girls
takahashi rie	135	
tuye (arknights)	135	arknights
urameshi yusuke	135	yu yu hakusho
whismur	135	pokemon
yamada asaemon sagiri	135	jigokuraku
zafira	135	lyrical nanoha
zero two (kirby)	135	kirby (series), kirby 64
zigzagoon	135	pokemon
aizen sousuke	134	bleach
anna nishikinomiya	134	shimoneta to iu gainen ga sonzai shinai taikutsu na sekai
asagiri asagi	134	disgaea
bismarck zwei (azur lane)	134	azur lane
enraku tsubakura	134	len'en
g28 (girls' frontline)	134	girls' frontline
hamburger-chan (hundredburger)	134	original
hasegawa kodaka	134	boku wa tomodachi ga sukunai
hibino kafka	134	kaijuu no. 8
high priest (arknights)	134	arknights
hilda (under night in-birth)	134	under night in-birth
hk416 (herbal-flavored hard candy) (girls' frontline)	134	girls' frontline
kaga (everlasting killing stone) (azur lane)	134	azur lane
kihel heim	134	gundam, turn a gundam
kinu (azur lane)	134	azur lane
kinukawa chinatsu	134	original
kitajima kaede	134	sono hanabira ni kuchizuke wo
kurosaki kazui	134	bleach, bleach: epilogue
lagann	134	tengen toppa gurren lagann
lanz (xenoblade)	134	xenoblade chronicles (series), xenoblade chronicles 3
little blue (guin guin)	134	kantai collection
manaka laala (normal)	134	pretty series, pripara
manticore (under a veil) (arknights)	134	arknights
maya (azur lane)	134	azur lane
mireyu	134	dragon quest, dragon quest vi
miyawaki sana	134	original
momogaa (girls und panzer)	134	girls und panzer
mona (warioware)	134	warioware
mousse (ranma 1/2)	134	ranma 1/2
nekomura iroha	134	vocaloid
newcastle (azur lane)	134	azur lane
poli (nikke)	134	goddess of victory: nikke
poliwhirl	134	pokemon
radagon of the golden order	134	elden ring
raiden mei (rainy springtide)	134	honkai (series), honkai impact 3rd
rebecca (one piece)	134	one piece
reno (ff7)	134	final fantasy, final fantasy vii
richelieu (warship girls r)	134	warship girls r
scraggy	134	pokemon
segawa onpu	134	ojamajo doremi
sein (sousou no frieren)	134	sousou no frieren
shiraishi minoru	134	lucky star
son of droid (mechanical buddy universe)	134	mechanical buddy universe
sonshoukou	134	koihime musou
spot (arknights)	134	arknights
sunflora	134	pokemon
sutera (granblue fantasy)	134	granblue fantasy
tamamo no mae (swimsuit lancer) (first ascension) (fate)	134	fate (series), fate/grand order
tikoh	134	granblue fantasy
totsuka saika	134	yahari ore no seishun lovecome wa machigatteiru.
uesaka sumire	134	
watabe koharu	134	kantai collection
winona (pokemon)	134	pokemon
yuki anju	134	love live!, love live! school idol project
aida taketo	133	kobayashi-san chi no maidragon
aisha greyrat	133	mushoku tensei
alphen (tales)	133	tales of (series), tales of arise
amemiya sekira	133	original
arunira	133	original
aurora (league of legends)	133	league of legends
ayanokouji rem	133	dream hunter rem
bhima (fate)	133	fate/grand order, fate (series)
buratei marii	133	joshiraku
camilla (tropical beauty) (fire emblem)	133	fire emblem, fire emblem fates, fire emblem heroes
daughter (yoru mac)	133	yoru mac, mcdonald's
devilot de deathsatan ix	133	cyberbots
erio mondial	133	lyrical nanoha, mahou shoujo lyrical nanoha strikers
frankenstein's monster (swimsuit saber) (second ascension) (fate)	133	fate (series), fate/grand order
ganmo (takane lui)	133	hololive
ibuki douji (swimsuit berserker) (first ascension) (fate)	133	fate/grand order, fate (series)
igarashi kyou (eroe)	133	original
imai kana	133	idolmaster, idolmaster cinderella girls
kittan bachika	133	tengen toppa gurren lagann
kurukuru (sekai seifuku)	133	sekai seifuku: bouryaku no zvezda
lloyd irving	133	tales of (series), tales of symphonia
makino yuna	133	original
master artoria	133	fate (series), capsule servant
matsumoto sarina	133	idolmaster, idolmaster cinderella girls
matsumoto yoriko	133	yuyushiki
millennium science school student (blue archive)	133	blue archive
mizuki nana	133	
mr. nothing (arknights)	133	arknights
musubi	133	sekirei
nagara (azur lane)	133	azur lane
ogami shirou	133	brand new animal
ookurikara	133	touken ranbu
ophelia (bigrbear)	133	original
ots-12 (girls' frontline)	133	girls' frontline
pachira	133	renkin san-kyuu magical pokaan
paul bunyan (third ascension) (fate)	133	fate/grand order, fate (series)
prishe	133	final fantasy, final fantasy xi
raiden mei (crimson impulse)	133	honkai (series), honkai impact 3rd
senadina (honkai impact)	133	honkai (series), honkai impact 3rd
seragaki aoba	133	dramatical murder
shishou (cookie)	133	cookie (touhou), touhou
sofia valmer	133	jormungand (manga)
stone free	133	jojo no kimyou na bouken, stone ocean
sunohara ayaka	133	sunoharasou no kanrinin-san
takahashi maya	133	amagami
tashkent (the bound cruiser) (azur lane)	133	azur lane
tearlaments scheiren	133	yu-gi-oh!
toadette	133	mario (series)
vatista (under night in-birth)	133	under night in-birth
venalita	133	mahou shoujo ni akogarete
wa2000 (date in the snow) (girls' frontline)	133	girls' frontline
yamano remon	133	ano natsu de matteru
yuitsuka inori	133	medalist (manga)
zacian	133	pokemon
admiral (warship girls r)	132	warship girls r
aegis (takunomi)	132	enjo kouhai
akame (akame ga kill!)	132	akame ga kill!
aloe (quiz magic academy)	132	quiz magic academy
arika yumemiya	132	my-otome
azusa mifuyu	132	magia record: mahou shoujo madoka magica gaiden, mahou shoujo madoka magica
buizel	132	pokemon
childhood friend (liya)	132	original
crow armbrust	132	eiyuu densetsu, sen no kiseki (series)
drowzee	132	pokemon
epona	132	the legend of zelda
eunhwa (nikke)	132	goddess of victory: nikke
executor the ex foedere (arknights)	132	arknights
furen e lustario (1st costume)	132	nijisanji
galarian zigzagoon	132	pokemon
golden hind (azur lane)	132	azur lane
grave (nikke)	132	goddess of victory: nikke
gundam aerial rebuild	132	gundam, gundam suisei no majo
hipa (some1else45)	132	original
hyuuga neji	132	naruto (series)
juujou hiyori	132	toji no miko
kako kai ni (kancolle)	132	kantai collection
kasumi (azur lane)	132	azur lane
kita hinako	132	idolmaster, idolmaster cinderella girls
kitajima sara	132	sono hanabira ni kuchizuke wo
kotoura haruka	132	kotoura-san
kuramochi meruto (1st costume)	132	nijisanji
kuroo tetsurou	132	haikyuu!!
laevatein (fire emblem)	132	fire emblem, fire emblem heroes
leavanny	132	pokemon
leo (mafuyu)	132	original
lexington (cv-16) (warship girls r)	132	warship girls r
manhattan cafe (verdant night) (umamusume)	132	umamusume
maria (fire emblem)	132	fire emblem, fire emblem: mystery of the emblem
maria renard	132	castlevania (series)
medb (swimsuit saber) (fate)	132	fate/grand order, fate (series)
medicine pocket	132	reverse:1999
mettaton ex	132	undertale
miku (lee)	132	original
monk (fft)	132	final fantasy, final fantasy tactics
multi (to heart)	132	to heart (series), to heart
murata himeko (battle storm)	132	honkai (series), honkai impact 3rd
nakiri ayame (shrine maiden)	132	hololive
nijimura okuyasu	132	jojo no kimyou na bouken, diamond wa kudakenai
otomachi una (talkex)	132	talkex, vocaloid
ppsh-41 (girls' frontline)	132	girls' frontline
romulus (fate)	132	fate (series), fate/grand order
sandrone (genshin impact)	132	genshin impact
scout (tf2)	132	team fortress 2
shiratama mikan	132	pretty series, pripara
simon belmont	132	castlevania (series)
smeargle	132	pokemon
suguri (orange juice)	132	suguri
tanaka (chainsaw man)	132	chainsaw man
tao blu (splatoon)	132	splatoon (series), splatoon 3
tayuya (naruto)	132	naruto (series), naruto
ty lee	132	avatar legends, avatar: the last airbender
wolf-chan (wataame27)	132	original
yamato iori	132	.live
yuri leclerc	132	fire emblem, fire emblem: three houses
z1 leberecht maass (azur lane)	132	azur lane
abra	131	pokemon
amano ririsa	131	2.5 jigen no ririsa
aragami oga	131	holostars
ash crimson	131	the king of fighters
aventurine (anan) (honkai: star rail)	131	honkai: star rail, honkai (series)
beldum	131	pokemon
bellezza felutia	131	original
cafe (cafe-chan to break time)	131	cafe-chan to break time
carcano m91/38 (girls' frontline)	131	girls' frontline
cheryl (pokemon)	131	pokemon, pokemon dppt
cryska barchenowa	131	muv-luv, muv-luv alternative, muv-luv total eclipse
cure yum-yum	131	delicious party precure, precure
fergus mac roich (fate)	131	fate/grand order, fate (series)
fujioka haruhi	131	ouran high school host club
greythroat (arknights)	131	arknights
gumi (v3 megpoid)	131	vocaloid
gweon sua	131	black survival, eternal return: black survival
gypsy (ragnarok online)	131	ragnarok online
heavy (tf2)	131	team fortress 2
jibanyan	131	youkai watch
kiana kaslana (divine prayer)	131	honkai (series), honkai impact 3rd
kiruko (tengoku daimakyou)	131	tengoku daimakyou
komahime (fate)	131	fate/grand order, fate (series)
kuroi nanako	131	lucky star
lambda (arknights)	131	arknights
le triomphant (azur lane)	131	azur lane
machine (nier)	131	nier:automata, nier (series)
mariah (jojo)	131	jojo no kimyou na bouken, stardust crusaders
matsubara yuuna	131	sono hanabira ni kuchizuke wo
minos (jashin-chan dropkick)	131	jashin-chan dropkick
otomore (shashaki)	131	original
ryou sakazaki	131	ryuuko no ken, the king of fighters
shunga youkyu	131	cookie (touhou), touhou
sparkle (doll) (honkai: star rail)	131	honkai (series), honkai: star rail
taiga (ookami mio)	131	hololive
togami byakuya (danganronpa 2)	131	danganronpa (series), danganronpa 2: goodbye despair
uesugi kenshin (second ascension) (fate)	131	fate/grand order, fate (series)
uxie	131	pokemon
zara due (kancolle)	131	kantai collection
aigis (persona)	130	persona, persona 3
av-98 ingram	130	kidou keisatsu patlabor
ayesha altugle	130	atelier (series), atelier ayesha
bayleef	130	pokemon
cherrim	130	pokemon
chuugoku usagi	130	voicevox
cure lemonade	130	precure, yes! precure 5
cure lillian	130	precure, wonderful precure!
cutter (arknights)	130	arknights
gale (baldur's gate)	130	baldur's gate, baldur's gate 3, dungeons & dragons
giacomo (pokemon)	130	pokemon, pokemon sv
hagimura suzu	130	seitokai yakuindomo
hakui koyori (school uniform)	130	hololive
haruka (suit) (blue archive)	130	blue archive
harukara (7th dragon)	130	7th dragon, 7th dragon (series)
hermes (ff14)	130	final fantasy, final fantasy xiv
hessian (fate)	130	fate/grand order, fate (series)
himekawa (shashaki)	130	original
inia sestina	130	muv-luv, muv-luv alternative, muv-luv total eclipse
iris wilson	130	ace attorney, the great ace attorney
iron valiant	130	pokemon
k5 (girls' frontline)	130	girls' frontline
kageyama shien	130	holostars
kamen rider faiz	130	kamen rider, kamen rider 555
kayn (league of legends)	130	league of legends
kyle broflovski	130	south park
lan hikari (mega man)	130	mega man (series), mega man battle network (series)
little cocon (umamusume)	130	umamusume
maetel	130	ginga tetsudou 999
marnie (summer 2021) (pokemon)	130	pokemon, pokemon masters ex
master nemesis	130	to love-ru, to love-ru darkness
mega charizard x	130	pokemon
metapod	130	pokemon
mochi (ebihara beniko)	130	original
momo-chan (dagasi)	130	original
moomintroll	130	moomin
nameless king	130	dark souls (series), dark souls iii
nina (breath of fire v)	130	breath of fire, breath of fire v
nyubara reona	130	bang dream!
passionlip (third ascension) (fate)	130	fate (series), fate/grand order, fate/extra
ping hai (summer vacation) (azur lane)	130	azur lane
ronye arabel	130	sword art online, sword art online: alicization
sawai natsuha	130	monobeno
seaport water oni	130	kantai collection
shirai hinako	130	blue reflection (series), blue reflection maboroshi ni mau shoujo no ken
shiraishi yoshitake	130	golden kamuy
t-800	130	terminator (series)
tibbers	130	league of legends
u-official (arknights)	130	arknights
vegapunk lilith	130	one piece
viktoriya ivanovna serebryakov	130	youjo senki
yamada hifumi	130	danganronpa (series), danganronpa: trigger happy havoc
abarai renji	129	bleach
aesc (savior) (fate)	129	fate/grand order, fate (series)
aizono manami	129	nijisanji
ajiro shinpei	129	summertime render
alex (street fighter)	129	street fighter
blue rose (tiger & bunny)	129	tiger & bunny
chie (ishikei)	129	original
cosmo (chainsaw man)	129	chainsaw man
cosmos (wuthering waves)	129	wuthering waves
cucco	129	the legend of zelda
dan feng (honkai: star rail)	129	honkai: star rail, honkai (series)
data (mega man)	129	mega man (series), mega man legends (series)
elma leivonen	129	world witches series, strike witches: suomus misfits squadron
galarian rapidash	129	pokemon
gullveig (fire emblem)	129	fire emblem, fire emblem heroes
hitori bocchi	129	hitoribocchi no marumaru seikatsu
ichigo (mignon)	129	original
ikuno (darling in the franxx)	129	darling in the franxx
iori shirou	129	kill la kill
iwato suzume	129	suzume no tojimari
kamisaki hikaru	129	medalist (manga)
kotonomiya yuki	129	suigetsu
ksvk (girls' frontline)	129	girls' frontline
kusakabe satsuki	129	tonari no totoro
lanturn	129	pokemon
liv: eclipse (pgr)	129	punishing: gray raven
louise halevy	129	gundam, gundam 00
luis cammy	129	nijisanji
luna (konosuba)	129	kono subarashii sekai ni shukufuku wo!
lyza (made in abyss)	129	made in abyss
mako (azuumori)	129	original
mifune fumiko	129	chainsaw man
mochizuki momiji	129	new game!
murasaki shion (magical girl maid)	129	hololive
na'el (xenoblade)	129	xenoblade chronicles (series), xenoblade chronicles 3, xenoblade chronicles 3: future redeemed
naked snake	129	metal gear (series)
natasha (honkai: star rail)	129	honkai: star rail, honkai (series)
needle knight leda	129	elden ring, elden ring: shadow of the erdtree
noshiro (swimsuit mode) (kancolle)	129	kantai collection
oda nanami	129	sono hanabira ni kuchizuke wo
oribe tsubasa	129	fire emblem, tokyo mirage sessions fe
ots-14 (sangria succulent) (girls' frontline)	129	girls' frontline
panther chameleon (kemono friends)	129	kemono friends
paseri (cookie)	129	cookie (touhou), touhou
rebecca (fire emblem)	129	fire emblem, fire emblem: the blazing blade
revenant (apex legends)	129	apex legends
ryugasaki rene (2nd costume)	129	nanashi inc., sugar lyric
sadamori himeka	129	assault lily
sagara sousuke	129	full metal panic!
sanka rea	129	sankarea
securityboo (zenless zone zero)	129	zenless zone zero
seo yuzuki	129	gekkan shoujo nozaki-kun
shingyoku (male)	129	touhou, touhou (pc-98)
shylily (1st costume)	129	indie virtual youtuber
swadloon	129	pokemon
talulah the fighter (arknights)	129	arknights
tanigawa yuzu	129	devil survivor
todoroki touya	129	boku no hero academia
tom nook (animal crossing)	129	animal crossing
tsukamoto yakumo	129	school rumble
ursula (takunomi)	129	enjo kouhai
ushiromiya lion	129	umineko no naku koro ni
vanilla the rabbit	129	sonic (series)
vf-25	129	macross, macross frontier
viridi	129	kid icarus, kid icarus uprising
yukari (princess connect!)	129	princess connect!
yukico-tan	129	yukijirushi
acolyte (ragnarok online)	128	ragnarok online
aikawa megumi	128	heaven burns red
ange katrina (5th costume)	128	nijisanji
anneliese	128	kimagure temptation
ashikaga chachamaru	128	soukou akki muramasa
ayumu (blue archive)	128	blue archive
chuchu (show by rock!!)	128	show by rock!!
cynthia (fire emblem)	128	fire emblem, fire emblem awakening
diluc (red dead of night) (genshin impact)	128	genshin impact
elena olegovna owen	128	dracu-riot!
enomoto takane	128	kagerou project
evil eye sigma	128	touhou, touhou (pc-98)
florence nightingale (santa) (fate)	128	fate/grand order, fate (series)
flower (vocaloid3)	128	vocaloid
futaba riho	128	dream c club, dream c club (series)
hippogriff (fate)	128	fate (series)
hu-li the jewel mikanko	128	yu-gi-oh!
itou nobue	128	ichigo mashimaro
izanagi (persona 4)	128	persona, persona 4
izumi reina	128	musaigen no phantom world
javelin (beach picnic!) (azur lane)	128	azur lane
jiraiya (naruto)	128	naruto (series)
kamen rider build	128	kamen rider, kamen rider build (series)
kamen rider double	128	kamen rider, kamen rider w
kawai rie	128	lovers (game)
kiana kaslana (valkyrie ranger)	128	honkai (series), honkai impact 3rd
kingu (fate)	128	fate (series), fate/grand order
kuraki suzuna	128	kao no nai tsuki
lilique kadoka lipati	128	gundam, gundam suisei no majo
mankanshoku sukuyo	128	kill la kill
marco polo (azur lane)	128	azur lane
mewo	128	omori
millium orion	128	eiyuu densetsu, sen no kiseki (series)
momone momo	128	utau
murakumo (senran kagura)	128	senran kagura
nel (fire emblem)	128	fire emblem, fire emblem engage
oscar francois de jarjayes	128	versailles no bara
owari (shimmering forsythia) (azur lane)	128	azur lane
politoed	128	pokemon
rellana twin moon knight	128	elden ring, elden ring: shadow of the erdtree
rico (mega man)	128	mega man (series), mega man x (series), mega man x dive
selesia upitiria	128	re:creators
shiro (mignon)	128	original
star guardian ahri	128	league of legends
tachibana kimika	128	subarashiki hibi
takamori haruka	128	choukou (alicesoft), choukou sennin haruka
tayelle ebonclaw	128	final fantasy, final fantasy xiv
ushiromiya george	128	umineko no naku koro ni
van gogh (second ascension) (fate)	128	fate/grand order, fate (series)
yama raja (elsword)	128	elsword
yamato suzuran	128	suigetsu
zen'in mai	128	jujutsu kaisen
zeri (league of legends)	128	league of legends
akatsuki miho	127	akemiho tabi nikki, gendai ninjakko zukan
akebono (swimsuit mode) (kancolle)	127	kantai collection
ako (track) (blue archive)	127	blue archive
amahane madoka	127	aikatsu!, aikatsu! (series)
an-an lee	127	reverse:1999
andira (summer) (granblue fantasy)	127	granblue fantasy
anne bonny (swimsuit archer) (fate)	127	fate/grand order, fate (series)
anubis (houtengeki)	127	original
aron	127	pokemon
ash (fire emblem)	127	fire emblem, fire emblem heroes
ayasaki hayate	127	hayate no gotoku!
bracelet girls	127	yu-gi-oh!, yu-gi-oh! arc-v
camazotz (fate)	127	fate/grand order, fate (series)
chat noir	127	miraculous ladybug
cnoc na riabh (fate)	127	fate/grand order, fate (series)
cow girl (goblin slayer!)	127	goblin slayer!
cresselia	127	pokemon
dazai osamu (bungou stray dogs)	127	bungou stray dogs
erica fontaine	127	sakura taisen, sakura taisen iii
firion	127	final fantasy, final fantasy ii
fuyou kaede	127	shuffle!
grovyle	127	pokemon
hanazono hahari	127	kimi no koto ga dai dai dai dai daisuki na 100-nin no kanojo
helena douglas	127	dead or alive
hiuchidani mei	127	cafe stella to shinigami no chou
hiyori (princess connect!)	127	princess connect!
howe (azur lane)	127	azur lane
isla (plastic memories)	127	plastic memories
kaname madoka (sexy madoka)	127	mahou shoujo madoka magica, mahou shoujo madoka magica (anime)
kirara (arknights)	127	arknights
kusunoki midori	127	higanbana no saku yoru ni
lakitu	127	mario (series)
lavenza (persona 5)	127	persona, persona 5
lillia (league of legends)	127	league of legends
maaryan (to heart)	127	to heart (series), to heart 2
mareanie	127	pokemon
mega mawile	127	pokemon
nina (breath of fire iv)	127	breath of fire, breath of fire iv
nina (thief) (fire emblem)	127	fire emblem, fire emblem fates, fire emblem heroes
oda kippoushi (fate)	127	fate/grand order, fate (series)
osakabehime (swimsuit archer) (second ascension) (fate)	127	fate/grand order, fate (series)
ouro kronii (new year)	127	hololive, hololive english
quistis trepe	127	final fantasy, final fantasy viii
rapi (classic vacation) (nikke)	127	goddess of victory: nikke
reki (haibane)	127	haibane renmei
romulus quirinus (fate)	127	fate/grand order, fate (series)
rukawa kaede	127	slam dunk (series)
ryuk	127	death note
sakenomi (cookie)	127	cookie (touhou), touhou
shisui kiki	127	nanashi inc.
skadi (the next afternoon tea) (arknights)	127	arknights
surge (pokemon)	127	pokemon
ushimi ichigo	127	nijisanji
vira (summer) (granblue fantasy)	127	granblue fantasy
warwick	127	league of legends
yamask	127	pokemon
yurizaki mira	127	dimension w
zaraki kenpachi	127	bleach
zuko	127	avatar legends, avatar: the last airbender
admiral nakhimov (azur lane)	126	azur lane
aisha clanclan	126	outlaw star
anemo nemo	126	mahou shoujo ni akogarete
arabian oryx (kemono friends)	126	kemono friends
avrora (azur lane)	126	azur lane
buddha	126	
combee	126	pokemon
cool (gundam suisei no majo)	126	gundam, gundam suisei no majo
cure parfait	126	kirakira precure a la mode, precure
diola (granblue fantasy)	126	granblue fantasy
dorothea arnault (plegian)	126	fire emblem, fire emblem heroes
elfilin	126	kirby (series)
family computer robot	126	super smash bros., metroid
gager (girls' frontline)	126	girls' frontline
ganesha (fate)	126	fate (series), fate/grand order
haruna (aoki hagane no arpeggio)	126	aoki hagane no arpeggio
hijikata toushirou	126	gintama
hitou nami	126	sayonara zetsubou sensei
houshou marine (8th costume)	126	hololive
hydrapple	126	pokemon, pokemon sv
ichinose uruha (6th costume)	126	vspo!
jeff andonuts	126	mother (series), mother 2
jk-chan (oouso)	126	original
kafka (arknights)	126	arknights
kagamine rin (append)	126	vocaloid
katou umi	126	summer pockets
kazooie (banjo-kazooie)	126	banjo-kazooie
kotetsu isane	126	bleach
kuronuma sawako	126	kimi ni todoke
kushida kikyou	126	youkoso jitsuryoku shijou shugi no kyoushitsu e
mankanshoku matarou	126	kill la kill
marikawa shizuka	126	highschool of the dead
matsuoka rin	126	free!
miyake hinata	126	sora yori mo tooi basho
momo (kancolle)	126	kantai collection
musume (yuunama)	126	yuusha no kuse ni namaiki da, v yuusha no kuse ni namaiki da r
nagatsuki sanae	126	shinryaku! ikamusume
opal (pokemon)	126	pokemon, pokemon swsh
paper mario (character)	126	mario (series), paper mario
passenger (arknights)	126	arknights
piyomon	126	digimon
raiden mei (lightning empress)	126	honkai (series), honkai impact 3rd
raimon natsumi	126	inazuma eleven (series), inazuma eleven
reinhardt (fire emblem)	126	fire emblem, fire emblem: thracia 776
reno (biggest little cheerleader) (azur lane)	126	azur lane
saotome mary	126	kakegurui
serena (sygna suit) (pokemon)	126	pokemon, pokemon masters ex
shishiro botan (new year)	126	hololive
shroomish	126	pokemon
solosis	126	pokemon
sonia (zelda)	126	the legend of zelda, the legend of zelda: tears of the kingdom
sudowoodo	126	pokemon
sugamo mutsuki	126	sayonara wo oshiete
summoner (final fantasy)	126	final fantasy
tenko shibuki	126	stellive
terror (azur lane)	126	azur lane
tsukishima shijima	126	shimeji simulation
tsurugi minko	126	hanasaku iroha
wa2000 (ballroom interlude) (girls' frontline)	126	girls' frontline
avery (pokemon)	125	pokemon, pokemon swsh
ayase saki	125	gimai seikatsu
beam (chainsaw man)	125	chainsaw man
carmilla (swimsuit rider) (third ascension) (fate)	125	fate/grand order, fate (series)
cetoddle	125	pokemon, pokemon sv
cherino (hot spring) (blue archive)	125	blue archive
chigiri hyoma	125	blue lock
clare (claymore)	125	claymore (series)
cz75 (girls' frontline)	125	girls' frontline
dark matter (kirby)	125	kirby (series)
elizabeth bathory (halloween caster) (fate)	125	fate (series), fate/grand order
erina pendleton	125	jojo no kimyou na bouken, phantom blood
ezio auditore da firenze	125	assassin's creed (series)
falinks	125	pokemon
fortune (last origin)	125	last origin
frederica nikola tesla	125	honkai (series), honkai impact 3rd
garou (one-punch man)	125	one-punch man
girl (mokufuu)	125	original
ikezawa kazuma	125	summer wars
iris (asteroid ill)	125	original
jellicent	125	pokemon
kaalaa baunaa	125	reverse:1999
kaleina (ricegnat)	125	original
kamiyama shiki	125	summer pockets
kase tomoka	125	asagao to kase-san
kimura kaere	125	sayonara zetsubou sensei
koyoi (iroha (iroha matsurika))	125	original
kumai natsu	125	kumamiko
kuroe (madoka magica)	125	magia record: mahou shoujo madoka magica gaiden, mahou shoujo madoka magica
lich (granblue fantasy)	125	granblue fantasy
lord raptor	125	darkstalkers
mashu (control)	125	c (control)
mega lucario	125	pokemon
nana (kemono friends)	125	kemono friends
new jersey (midsummer leisure) (azur lane)	125	azur lane
night angel (last origin)	125	last origin
nihilister (nikke)	125	goddess of victory: nikke
nikaidou shinku	125	irotoridori no sekai
noivern	125	pokemon
nyx (fire emblem)	125	fire emblem, fire emblem fates
ooto ai	125	wonder egg priority
phoenix (tales)	125	tales of (series), tales of zestiria
pt imp group	125	kantai collection
qian renxue (douluo dalu)	125	douluo dalu
shikimori miyako	125	kawaii dake ja nai shikimori-san
star butterfly	125	star vs the forces of evil
suou amane	125	grisaia (series), grisaia no kajitsu
tabitha (dq5)	125	dragon quest, dragon quest v
takabushi kengo	125	tokyo afterschool summoners
tamade chiyu	125	bang dream!
tohsaka aoi	125	fate (series), fate/zero
tsukiumi	125	sekirei
warlock (granblue fantasy)	125	granblue fantasy
wu zetian (swimsuit caster) (fate)	125	fate/grand order, fate (series)
yuudachi (halloween mode) (kancolle)	125	kantai collection
aegir (iron blood's dragon maid) (azur lane)	124	azur lane
ak74m (girls' frontline)	124	girls' frontline
akino (princess connect!)	124	princess connect!
anubis (surio)	124	original
athena (granblue fantasy)	124	granblue fantasy
batou (gits)	124	ghost in the shell
bill cipher	124	gravity falls
cottonee	124	pokemon
ekans	124	pokemon
enforcer (arknights)	124	arknights
fairy (jintai)	124	jinrui wa suitai shimashita
firefly (jepella rebellion) (honkai: star rail)	124	honkai (series), honkai: star rail
fujimaru ritsuka (male) (true ether chaldea uniform)	124	fate/grand order, fate (series)
gabriel (granblue fantasy)	124	granblue fantasy
gastrodon	124	pokemon
gloria (summer 2021) (pokemon)	124	pokemon, pokemon masters ex
hanying (pgr)	124	punishing: gray raven
healslime	124	dragon quest
hook (honkai: star rail)	124	honkai: star rail, honkai (series)
horizon (apex legends)	124	apex legends
itoshiki rin	124	sayonara zetsubou sensei
jeanne d'arc (azur lane)	124	azur lane
koala (one piece)	124	one piece
laplace (kamitsubaki studio)	124	kamitsubaki studio
larvitar	124	pokemon
layer (mega man)	124	mega man (series), mega man x (series)
little sister (navigavi)	124	original
machop	124	pokemon
magia sulfur	124	mahou shoujo ni akogarete
moa (show by rock!!)	124	show by rock!!
mr. koiwai	124	yotsubato!
munakata hinano	124	original
nanashi (ganesagi)	124	original
naraka (nijisanji)	124	nijisanji
niimi kaoru	124	uchuu senkan yamato, uchuu senkan yamato 2199
ogre (dq10)	124	dragon quest, dragon quest x
pengy (granblue fantasy)	124	granblue fantasy
pooh	124	winnie the pooh
pyotr (madoka magica)	124	mahou shoujo madoka magica
raisa pottgen	124	world witches series, witches of africa
rosia (show by rock!!)	124	show by rock!!
royal fortune (azur lane)	124	azur lane
ruin guard (genshin impact)	124	genshin impact
seaplane tender princess	124	kantai collection
shangri-la (azur lane)	124	azur lane
shigure kira	124	honkai (series), honkai impact 3rd
shizuru (summer) (princess connect!)	124	princess connect!
silk (marvel)	124	marvel, spider-man (series)
sivir	124	league of legends
skiploom	124	pokemon
sophia esteed	124	star ocean, star ocean till the end of time
sunkern	124	pokemon
takanashi touka	124	chuunibyou demo koi ga shitai!
tama kai ni (kancolle)	124	kantai collection
tifa lockhart (lifeguard)	124	final fantasy, final fantasy vii, final fantasy vii ever crisis
toudou shion	124	pretty series, pripara
trieste (azur lane)	124	azur lane
trony (nikke)	124	goddess of victory: nikke
tsukino mito (3rd costume)	124	nijisanji
vigna (casual vacation) (arknights)	124	arknights
volley-bu-chan (tawawa)	124	getsuyoubi no tawawa
western parotia (kemono friends)	124	kemono friends
yorumi rena (7th costume)	124	nijisanji
yukizome chisa	124	danganronpa (series), danganronpa 3 (anime)
zone-tan	124	original
zz gundam	124	gundam, gundam zz
akechi kokoro	123	tantei opera milky holmes
arcana (reverse:1999)	123	reverse:1999
atlantic puffin (kemono friends)	123	kemono friends
bataan (azur lane)	123	azur lane
beagle (arknights)	123	arknights
ben tennyson	123	ben 10
bisharp	123	pokemon
cap'n cuttlefish	123	splatoon (series)
capybara (kemono friends)	123	kemono friends
catra	123	she-ra and the princesses of power
crow (gravity daze)	123	gravity daze
cure sky (dark)	123	hirogaru sky! precure, precure
deerling	123	pokemon
domon kasshu	123	g gundam, gundam
draculina (last origin)	123	last origin
elize lutus	123	tales of (series), tales of xillia
eriko (summer) (princess connect!)	123	princess connect!
fia the deathbed companion	123	elden ring
fidough	123	pokemon
finneon	123	pokemon
flamme (sousou no frieren)	123	sousou no frieren
futagawa fumi	123	assault lily
gaius julius caesar (fate)	123	fate (series), fate/grand order
gawr gura (new year)	123	hololive, hololive english
ichinose hajime	123	gatchaman crowds
ishikawa goemon xiii	123	lupin iii
isurugi futaba	123	shoujo kageki revue starlight
iwanaga kotoko	123	kyokou suiri
kajiki yumi	123	saki (manga)
kamiya kaoru	123	rurouni kenshin
kampfer (mobile suit)	123	gundam, gundam 0080
klin (girls' frontline)	123	girls' frontline
kobuchizawa shirase	123	sora yori mo tooi basho
kohinata aoi (dokidoki sister aoi-chan)	123	dokidoki sister aoi-chan
konoha (kagerou project)	123	kagerou project
kyurem	123	pokemon
lie ren	123	rwby
lucia: dawn (pgr)	123	punishing: gray raven
luo xiaohei (human)	123	luo xiaohei zhanji
maria campbell	123	otome game no hametsu flag shika nai akuyaku reijou ni tensei shite shimatta
marin (zelda)	123	the legend of zelda, the legend of zelda: link's awakening
marina (qipao) (blue archive)	123	blue archive
mohammed avdol	123	jojo no kimyou na bouken, stardust crusaders
nao (kuzuyu)	123	original
nerine	123	shuffle!
nidoran	123	pokemon
otonashi meru	123	sayonara zetsubou sensei
phantom (gavis bettel)	123	holostars, holostars english
rockrock (arknights)	123	arknights
sai (naruto)	123	naruto (series)
scopedog	123	soukou kihei votoms
sheffy (princess connect!)	123	princess connect!
shirogane noel (7th costume)	123	hololive
shylily (bikini)	123	indie virtual youtuber
steam delivery girl	123	steam (platform)
suzuna (princess connect!)	123	princess connect!
tamura yukari	123	
tanuki (kemono friends)	123	kemono friends
the dark urge (baldur's gate)	123	baldur's gate, baldur's gate 3, dungeons & dragons
toudou naoya	123	persona, persona 1
tsukuyo (gintama)	123	gintama
tsunomaki watame (loungewear)	123	hololive
ump9 (shiba investigator) (girls' frontline)	123	girls' frontline
ursula (fire emblem)	123	fire emblem, fire emblem: the blazing blade
uryuu ryuunosuke	123	fate (series), fate/zero
viego (league of legends)	123	league of legends
vittorio veneto (the flower of la spezia) (azur lane)	123	azur lane
wa2000 (op. manta ray) (girls' frontline)	123	girls' frontline
walter white	123	breaking bad
xerneas	123	pokemon
yamato (uchuu senkan yamato)	123	uchuu senkan yamato
yuubari kai ni (swimsuit mode) (kancolle)	123	kantai collection
adelbert steiner	122	final fantasy, final fantasy ix
allelujah haptism	122	gundam, gundam 00
alpha (kage no jitsuryokusha ni naritakute!)	122	kage no jitsuryokusha ni naritakute!
aoki ruri	122	ruri dragon
baiheng (honkai: star rail)	122	honkai: star rail, honkai (series)
bianca (pokemon heroes)	122	pokemon, pokemon (anime), pokemon (classic anime)
bubble head nurse	122	silent hill (series), silent hill 2
chii aruel	122	soulworker
chingling	122	pokemon
deathlock-san	122	original
doduo	122	pokemon
dragoon (selen tatsuki)	122	nijisanji, nijisanji en
elbing (azur lane)	122	azur lane
fallen of albaz	122	yu-gi-oh!
feower (granblue fantasy)	122	granblue fantasy
genny (fire emblem)	122	fire emblem, fire emblem echoes: shadows of valentia
giselle gewelle	122	bleach, bleach: sennen kessen-hen
hakubi washuu	122	tenchi muyou!
hi-nu gundam	122	gundam, char's counterattack, char's counterattack - beltorchika's children
hoshino yumemi	122	planetarian
ibuki (dress) (blue archive)	122	blue archive
ichijou hikaru	122	macross, choujikuu yousai macross
is (kamen rider 01)	122	kamen rider, kamen rider 01 (series)
izumi noa	122	kidou keisatsu patlabor
jelly hoshiumi	122	phase connect
kaitou kid	122	magic kaito
kitt (yu-gi-oh!)	122	yu-gi-oh!
koborii (amaburi)	122	amagi brilliant park
komori kinoko	122	boku no hero academia
kurosaki ruri	122	yu-gi-oh!, yu-gi-oh! arc-v
lal'c mellk mal	122	top wo nerae! (series), top wo nerae 2!
lilith (yamibou)	122	yami to boushi to hon no tabibito
lilithmon	122	digimon
lu xueqi (zhu xian)	122	zhu xian
luca (yu-gi-oh!)	122	yu-gi-oh!, yu-gi-oh! 5d's
makigumo kai ni (kancolle)	122	kantai collection
makura (granblue fantasy)	122	granblue fantasy
mars (pokemon)	122	pokemon, pokemon dppt
mature (kof)	122	the king of fighters
mysterious heroine x alter (third ascension) (fate)	122	fate/grand order, fate (series)
nameless bard (genshin impact)	122	genshin impact
observer alpha (azur lane)	122	azur lane
octillery	122	pokemon
rampart (apex legends)	122	apex legends
reindeer (kemono friends)	122	kemono friends
repulse (azur lane)	122	azur lane
rillaboom	122	pokemon
schwarz (skyline) (arknights)	122	arknights
sethos (genshin impact)	122	genshin impact
shiroko (reku)	122	original
shizune (naruto)	122	naruto (series)
siduri (fate)	122	fate/grand order, fate (series)
tartaglia (delusion) (genshin impact)	122	genshin impact
tonami yuma	122	to heart (series), to heart 2
urahara kisuke	122	bleach
v (devil may cry)	122	devil may cry (series), devil may cry 5
vivillon	122	pokemon
wurmple	122	pokemon
yachi hitoka	122	haikyuu!!
yamashiro (swimsuit mode) (kancolle)	122	kantai collection
yang nari	122	nijisanji, nijisanji kr
yashiro nene	122	jibaku shounen hanako-kun
yonah	122	nier (series), nier
yozora mel (1st costume)	122	hololive
aiba asagi	121	strike the blood
airi (ogami kazuki)	121	original
akira ferrari	121	aria (manga)
alyssa (specktech)	121	original
april o'neil	121	teenage mutant ninja turtles
argus (reverse:1999)	121	reverse:1999
aurora e. juutilainen	121	world witches series, strike witches: aurora no majo
berserker (granblue fantasy)	121	granblue fantasy
camerupt	121	pokemon
canyne	121	monster hunter (series), monster hunter rise
caper (arknights)	121	arknights
carmelina (granblue fantasy)	121	granblue fantasy
deidara (naruto)	121	naruto (series), naruto shippuuden
edgar roni figaro	121	final fantasy, final fantasy vi
eliza (tekken)	121	tekken
female fighter (morino donguri)	121	original
fujikura uruka	121	phase connect
golden delmo	121	agent aika, aika (series)
gulpin	121	pokemon
hakos baelz (casual)	121	hololive, hololive english
houlen yabusame	121	len'en
hyuuga hanabi	121	naruto (series)
i-504 (kancolle)	121	kantai collection
iihara nao	121	
irizaki mei	121	high school fleet
james moriarty (ruler) (fate)	121	fate/grand order, fate (series)
kamura (rain prophet)	121	original
kay faraday	121	ace attorney, ace attorney investigations
kitagou fumika	121	world witches series, strike witches zero
kokkoro (ceremonial) (princess connect!)	121	princess connect!
kusuriuri-san	121	boroboro no elf-san o shiawaseni suru kusuri uri-san
laffey (retrofit) (azur lane)	121	azur lane
li dailin	121	black survival
libeccio (swimsuit mode) (kancolle)	121	kantai collection
mae (fire emblem)	121	fire emblem, fire emblem echoes: shadows of valentia
march 7th (future market) (honkai: star rail)	121	honkai: star rail, honkai (series)
mare bello fiore	121	overlord (maruyama)
marie antoinette (swimsuit caster) (third ascension) (fate)	121	fate (series), fate/grand order
medusa (rider) (third ascension) (fate)	121	fate (series)
mikudayo	121	vocaloid
miria marigold mackenzie	121	jewelpet (series), jewelpet twinkle
monica von ochs	121	fire emblem, fire emblem: three houses, fire emblem warriors: three hopes
muji-muji daruma (genshin impact)	121	genshin impact
nadeko (cookie)	121	cookie (touhou), touhou
nahia (some1else45)	121	original
olga discordia	121	kuroinu ~kedakaki seijo wa hakudaku ni somaru~
powered buttercup	121	powerpuff girls z
raiden mei (danzai spectramancer)	121	honkai (series), honkai impact 3rd
red (sygna suit) (pokemon)	121	pokemon, pokemon masters ex
rin (yu-gi-oh!)	121	yu-gi-oh!, yu-gi-oh! arc-v
ryugasaki rene (1st costume)	121	nanashi inc., sugar lyric
saber lion	121	fate (series), fate/tiger colosseum
sakaki yumiko	121	grisaia (series), grisaia no kajitsu
saren (real) (princess connect!)	121	princess connect!
sewaddle	121	pokemon
tenochtitlan (swimsuit mooncancer) (first ascension) (fate)	121	fate/grand order, fate (series)
tokunaga (tales)	121	tales of (series), tales of the abyss
trish (devil may cry)	121	devil may cry (series)
usa mimi	121	kodomo no jikan
yaya (machine-doll)	121	machine-doll wa kizutsukanai
aerith gainsborough (pink mermaid)	120	final fantasy, final fantasy vii, final fantasy vii remake
agnes digital (lovely jiangshi) (umamusume)	120	umamusume
aizawa eiko	120	shinryaku! ikamusume
ak-12 (lucia) (girls' frontline)	120	girls' frontline
arahashi tabi	120	stellive
atem	120	yu-gi-oh!, yu-gi-oh! duel monsters
baphomet (grizz)	120	helltaker
baphomet (monster girl encyclopedia)	120	monster girl encyclopedia
carole peppers	120	honkai (series), honkai impact 3rd
cortana	120	halo (series)
cyllene (pokemon)	120	pokemon, pokemon legends: arceus
dobrynya nikitich (second ascension) (fate)	120	fate/grand order, fate (series)
dobrynya nikitich (swimsuit lancer) (fate)	120	fate/grand order, fate (series)
edan (sparrowl)	120	original
elsword (character)	120	elsword
engineer (tf2)	120	team fortress 2
fudou akira	120	devilman
fuyusaka iori	120	juusan kihei bouei ken
geoffroy's cat (kemono friends)	120	kemono friends
guilty (nikke)	120	goddess of victory: nikke
heero yuy	120	gundam, gundam wing
hilda (hilda)	120	hilda (series)
hojo sophy	120	pretty series, pripara
ikeda kana	120	saki (manga)
jack krauser	120	resident evil
jackal (nikke)	120	goddess of victory: nikke
jessica rabbit	120	who framed roger rabbit
kagamine rin (roshin yuukai/hard rkmix)	120	vocaloid, roshin yuukai (vocaloid)
kamen rider ooo	120	kamen rider, kamen rider ooo (series)
karulau	120	utawarerumono
kiyoh bachika	120	tengen toppa gurren lagann
kunimi tama	120	heaven burns red
lachesis (fire emblem)	120	fire emblem, fire emblem: genealogy of the holy war
leaf nun (diva)	120	little nuns (diva)
magneton	120	pokemon
merchant (dq3)	120	dragon quest, dragon quest iii
mini durin (genshin impact)	120	genshin impact
mitama (fire emblem)	120	fire emblem, fire emblem fates
muginami	120	rinne no lagrange
myucel foalan	120	outbreak company
ookami mio (new year)	120	hololive
persian (pokemon)	120	pokemon
pon de lion	120	mister donut
raven (tales)	120	tales of (series), tales of vesperia
re mii	120	zoids, zoids genesis
registeel	120	pokemon
rin (honkai impact)	120	honkai (series), honkai impact 3rd
rinwell (tales)	120	tales of (series), tales of arise
ryoumen sukuna (true form) (jujutsu kaisen)	120	jujutsu kaisen
sakra devanam (elsword)	120	elsword
saotome noa	120	noa-senpai wa tomodachi.
screwllum (honkai: star rail)	120	honkai (series), honkai: star rail
seele vollerei (mirrored flourishes)	120	honkai (series), honkai impact 3rd
shimura nana	120	boku no hero academia
shurou	120	dungeon meshi
strider hiryuu	120	strider (video game)
suzume (princess connect!)	120	princess connect!
team plasma grunt	120	pokemon
thomas edison (fate)	120	fate/grand order, fate (series)
tiese schtrinen	120	sword art online, sword art online: alicization
tsukune (takane lui)	120	hololive
twice (boku no hero academia)	120	boku no hero academia
ukraine (hetalia)	120	axis powers hetalia
uryuu minene	120	mirai nikki
ymir (queen's blade)	120	queen's blade
almeida (granblue fantasy)	119	granblue fantasy
anchor (nikke)	119	goddess of victory: nikke
antonina (neural cloud)	119	girls' frontline, girls' frontline neural cloud
bachira meguru	119	blue lock
bai winchester	119	closers
caine (the amazing digital circus)	119	the amazing digital circus
cavall the 2nd	119	fate (series), fate/grand order
charlotte izoard	119	ryuuou no oshigoto!
chen hai (vestibule of wonders) (azur lane)	119	azur lane
chen qianyu (arknights)	119	arknights, arknights: endfield
cherrim (sunshine)	119	pokemon
chikuma (azur lane)	119	azur lane
cu chulainn alter (third ascension) (fate)	119	fate/grand order, fate (series)
diantha (granblue fantasy)	119	granblue fantasy
dima (girls' frontline)	119	girls' frontline
essex (warship girls r)	119	warship girls r
funada ui	119	assault lily
fuutou shizune	119	oshioki sweetie
getter-1	119	getter robo
gwenpool	119	marvel
haru estia	119	soulworker
hori kyouko	119	hori-san to miyamura-kun
hot pants (sbr)	119	jojo no kimyou na bouken, steel ball run
hyoudou issei	119	high school dxd
ikeda chizuru	119	yuru yuri
insane black rock shooter	119	black rock shooter
iri flina	119	sword girls
jamie siu	119	street fighter, street fighter 6
juni (street fighter)	119	street fighter
kako (kemono friends)	119	kemono friends
khezu	119	monster hunter (series)
king (nadia)	119	fushigi no umi no nadia
kinomoto sakura (winged egg crown costume)	119	cardcaptor sakura
kisaragi honey	119	cutie honey
kokkoro (real) (princess connect!)	119	princess connect!
koshimizu ami	119	
koyanskaya (lostbelt beast:iv) (fate)	119	fate/grand order, fate (series)
kuma kai ni (kancolle)	119	kantai collection
lilith (fire emblem)	119	fire emblem, fire emblem fates
mary jane watson	119	marvel, spider-man (series)
matsumoto rise	119	yuru yuri
mem-mem (precure)	119	delicious party precure, precure
mirror maiden (genshin impact)	119	genshin impact
nerthuz (fire emblem)	119	fire emblem, fire emblem heroes
nyan cat	119	
pecharunt	119	pokemon
quercus (arknights)	119	arknights
reinhard van astrea	119	re:zero kara hajimeru isekai seikatsu
romero (zombie land saga)	119	zombie land saga
sandshrew	119	pokemon
sharkry (girls' frontline 2)	119	girls' frontline, girls' frontline 2: exilium
shirakawa yuina	119	heaven burns red
sonny brisko	119	nijisanji, nijisanji en
suomi (korvatunturi pixie) (girls' frontline)	119	girls' frontline
susie (kirby)	119	kirby (series)
suzuka gozen (santa) (fate)	119	fate (series), fate/grand order, fate/grand order arcade
taisui xingjun (fate)	119	fate/grand order, fate (series)
tallinn (azur lane)	119	azur lane
therion (octopath traveler)	119	octopath traveler, octopath traveler i
ume (kancolle)	119	kantai collection
verniy (saury festival) (kancolle)	119	kantai collection
yatsu murasaki	119	taimanin (series)
zyra	119	league of legends
amano soraha	118	assault lily
aoi (princess connect!)	118	princess connect!
aoi sora (pairan)	118	original
aphelios	118	league of legends
asagiri youko	118	genmu senki leda
beelzebumon	118	digimon
black delmo	118	agent aika, aika (series)
black dragon (kemono friends)	118	kemono friends
black lilith (last origin)	118	last origin
blade (sesame cake) (honkai: star rail)	118	honkai: star rail, honkai (series)
carlos oliveira	118	resident evil
castform	118	pokemon
dewott	118	pokemon
edmond (nu carnival)	118	nu carnival
emma sheen	118	gundam, zeta gundam
enma-chan	118	hololive, hololive english
enterprise (warship girls r)	118	warship girls r
estelle (arknights)	118	arknights
fionna campbell	118	adventure time
geralt of rivia	118	the witcher (series)
glameow	118	pokemon
gokotai's tigers	118	touken ranbu
hyakuya yuuichirou	118	owari no seraph
ifrit (sunburn) (arknights)	118	arknights
irisu kyouko	118	irisu shoukougun!
ivy (summer) (fire emblem)	118	fire emblem, fire emblem engage, fire emblem heroes
josuiji shinri	118	holostars, holostars english
kallen kaslana (sixth serenade)	118	honkai (series), honkai impact 3rd
kanzarin (vtuber)	118	indie virtual youtuber
kyokutei bakin (fate)	118	fate/grand order, fate (series)
leona kingscholar	118	twisted wonderland
leonidas (fate)	118	fate/grand order, fate (series)
lilith (evangelion)	118	neon genesis evangelion
lysandre (pokemon)	118	pokemon
mai (dragon ball)	118	dragon ball
marshtomp	118	pokemon
meowstic (male)	118	pokemon
metis (persona)	118	persona, persona 3
musujime awaki	118	toaru majutsu no index
mysterious heroine x (third ascension) (fate)	118	fate/grand order, fate (series)
namari (dungeon meshi)	118	dungeon meshi
natasha romanoff	118	marvel
nicole (class of 09)	118	class of 09
ohdo yuamu	118	yu-gi-oh!, yu-gi-oh! go rush!!
patricia thompson	118	soul eater
pilot (titanfall 2)	118	titanfall (series), titanfall 2
rasputin (fate)	118	fate (series), fate/grand order
ren kougyoku	118	magi the labyrinth of magic
ryou-ouki	118	tenchi muyou!
sabrith ebonclaw	118	final fantasy, final fantasy xiv
san-chan	118	raisei no ryu tsukai
sano manjirou	118	tokyo revengers
scaramouche (shouki no kami) (genshin impact)	118	genshin impact
senri akane	118	rewrite
shiranui (azur lane)	118	azur lane
sovereign (sekaiju)	118	sekaiju no meikyuu, sekaiju no meikyuu 3
space ishtar (first ascension) (fate)	118	fate/grand order, fate (series)
sung jin-woo	118	solo leveling
tachibana hinano (1st costume)	118	vspo!
team magma grunt	118	pokemon
tokai teio (beyond the horizon) (umamusume)	118	umamusume
tokino sora (streetwear)	118	hololive
tsuruta himeko	118	saki (manga), saki achiga-hen
van arkride	118	eiyuu densetsu, kuro no kiseki (series)
vueko	118	made in abyss
yakuzen kusuri	118	kimi no koto ga dai dai dai dai daisuki na 100-nin no kanojo
yamamoto akira	118	uchuu senkan yamato, uchuu senkan yamato 2199
zangoose	118	pokemon
aciddrop (arknights)	117	arknights
aijou rentarou	117	kimi no koto ga dai dai dai dai daisuki na 100-nin no kanojo
airy (bravely default)	117	bravely default (series), bravely default: flying fairy
arrietty	117	karigurashi no arrietty
astesia (starseeker) (arknights)	117	arknights
baker nemo (fate)	117	fate/grand order, fate (series)
biko pegasus (umamusume)	117	umamusume
blue poison (elite ii) (arknights)	117	arknights
buro (muse dash)	117	muse dash
chipp zanuff	117	guilty gear
coco (eogks)	117	original
commander shepard (female)	117	mass effect (series)
cure fortune	117	happinesscharge precure!, precure
doll (ib)	117	ib (kouri)
duryodhana (fate)	117	fate/grand order, fate (series)
elizabeth thompson	117	soul eater
hachiko of castling	117	last origin
hs2000 (girls' frontline)	117	girls' frontline
iggy (jojo)	117	jojo no kimyou na bouken, stardust crusaders
kaga ai	117	sayonara zetsubou sensei
kama (beast iii/l) (fate)	117	fate/grand order, fate (series)
kawashiro mitori	117	touhou, original
kawazoe tamaki	117	bamboo blade
kiichi hougen (fate)	117	fate/grand order, fate (series)
kinu kai ni (kancolle)	117	kantai collection
kirishima (aoki hagane no arpeggio)	117	aoki hagane no arpeggio
klavier gavin	117	ace attorney
komaki ikuno	117	to heart (series), to heart 2
kumano maru (kancolle)	117	kantai collection
kurousagi (mondaiji)	117	mondaiji-tachi ga isekai kara kuru sou desu yo?
lamia hygieia	117	mamonomusume to no seikatsu ~ramia no baai~
leysritt (fate)	117	fate (series)
li'l judd (splatoon)	117	splatoon (series)
luetzow (azur lane)	117	azur lane
lunacub (arknights)	117	arknights
magical mirai miku (2022)	117	magical mirai (vocaloid), vocaloid
maiden in black	117	demon's souls
marie antoinette (swimsuit caster) (second ascension) (fate)	117	fate/grand order, fate (series)
minamoto no raikou (swimsuit lancer) (first ascension) (fate)	117	fate/grand order, fate (series)
nasu no yoichi (drifters)	117	drifters
nohara shinnosuke	117	crayon shin-chan
okajima rokuro	117	black lagoon
pansage	117	pokemon
phrolova (wuthering waves)	117	wuthering waves
phyllis (little witch nobeta)	117	little witch nobeta
poison miku (project voltage)	117	pokemon, project voltage, vocaloid
porygon2	117	pokemon
seteth (fire emblem)	117	fire emblem, fire emblem: three houses
shiratama kitsune	117	original
sienna (henken)	117	original
sky above me (vtuber)	117	indie virtual youtuber
slither wing	117	pokemon
southern ocean oni	117	kantai collection
toki kureha	117	assault lily
vanilla h	117	galaxy angel
vayne (league of legends)	117	league of legends
venipede	117	pokemon
xiang yu (fate)	117	fate/grand order, fate (series)
zinogre	117	monster hunter (series)
98-tan	116	os-tan
agria (tales)	116	tales of (series), tales of xillia
alchemist (ragnarok online)	116	ragnarok online
annoying dog	116	undertale
archer (disgaea)	116	disgaea
arurandeisu	116	holostars
biker peach	116	mario (series)
carnelian (shimmering dew) (arknights)	116	arknights
choco-chan	116	original
cure bloom	116	futari wa precure splash star, precure
cure mint	116	precure, yes! precure 5
daphne blake	116	scooby-doo
darius (league of legends)	116	league of legends
deepcolor (arknights)	116	arknights
dipplin	116	pokemon
dr. mario	116	mario (series), dr. mario (game)
fujii tomo	116	idolmaster, idolmaster cinderella girls
furfrou	116	pokemon
fuu (samurai champloo)	116	samurai champloo
glycine bleumer	116	sakura taisen, sakura taisen iii
gravel (modeling night) (arknights)	116	arknights
grem (gigi murin)	116	hololive, hololive english
guyrys	116	hololive, hololive english
hecate (path to nowhere)	116	path to nowhere
higokumaru	116	honkai (series), honkai impact 3rd
hitmontop	116	pokemon
hiyama kiyoteru	116	vocaloid
hori masayuki	116	gekkan shoujo nozaki-kun
invincible dragon (last origin)	116	last origin
issun	116	ookami (game)
juli (street fighter)	116	street fighter
justin (grandia)	116	grandia, grandia i
k/da kai'sa	116	league of legends
kara (vertigris)	116	original
kirara (phantom in boots) (genshin impact)	116	genshin impact
kirika (peach88)	116	original
kirin (kemono friends)	116	kemono friends
kokkoro (new year) (princess connect!)	116	princess connect!
komatsu ibuki	116	idolmaster, idolmaster cinderella girls
konig (call of duty)	116	call of duty, call of duty: modern warfare 2
kuro the divine heir	116	sekiro: shadows die twice
mankanshoku barazou	116	kill la kill
mantyke	116	pokemon
marblehead (azur lane)	116	azur lane
maribelle (fire emblem)	116	fire emblem, fire emblem awakening
masquerain	116	pokemon
mg4 (girls' frontline)	116	girls' frontline
monica (little witch nobeta)	116	little witch nobeta
mori calliope (sheriff)	116	hololive, hololive english
naegino sora	116	kaleido star
nagare ryoma	116	getter robo
nero alice	116	mahou shoujo ni akogarete
no reason (umamusume)	116	umamusume
phanpy	116	pokemon
pino (jashin-chan dropkick)	116	jashin-chan dropkick
poncirus (arknights)	116	arknights
ponyta	116	pokemon
sakura ritsuki	116	nijisanji
shaula (re:zero)	116	re:zero kara hajimeru isekai seikatsu
shiki (samurai spirits)	116	samurai spirits
space ishtar (third ascension) (fate)	116	fate/grand order, fate (series)
stellar loussier	116	gundam, gundam seed, gundam seed destiny
susannah manatt (valkyrie quicksand)	116	honkai (series), honkai impact 3rd
sweetheart (omori)	116	omori
takahashi keita (yakitomato)	116	original
team aqua grunt	116	pokemon
tiki (adult) (summering scion) (fire emblem)	116	fire emblem, fire emblem awakening, fire emblem heroes
tsukioka (40hara)	116	original
vulcanus (disgaea 4)	116	disgaea
yamaba yume	116	dolphin wave
yoshinaga koi	116	slow loop
zac (league of legends)	116	league of legends
akashi (live a hero)	115	live a hero
amano megumi	115	amano megumi wa suki darake!
amaretto (girls und panzer)	115	girls und panzer
amelie planchard	115	world witches series, strike witches: katayoku no majo-tachi
caren hortensia (amor caren) (third ascension)	115	fate (series), fate/grand order
charlotte hazellink	115	princess lover
chevalier d'eon (maid knight) (fate)	115	fate/grand order, fate (series)
chisaka airi	115	phase connect
dog (duck hunt)	115	duck hunt
eclair martinozzi	115	dog days
elena trafalgar	115	original
endou araya	115	assault lily
endou mamoru	115	inazuma eleven (series)
enid sinclair	115	addams family, wednesday (netflix)
eric cartman	115	south park
estelle (cieluscian)	115	original
freedom gundam	115	gundam, gundam seed
fujimaru ritsuka (male) (mage's association uniform)	115	fate/grand order, fate (series)
gemini sunrise	115	sakura taisen, sakura taisen v
hanako (jibaku shounen hanako-kun)	115	jibaku shounen hanako-kun
harada miyo	115	idolmaster, idolmaster cinderella girls
haze (arknights)	115	arknights
ho'olheyak (carriage of the winds of time) (arknights)	115	arknights
hokma (project moon)	115	project moon
idola avorn	115	sentai red ga isekai de boukensha ni naru
investigator (amelia watson)	115	hololive, hololive english
karin (fear & hunger)	115	fear & hunger 2: termina
kazami kazuki	115	grisaia (series)
king (one-punch man)	115	one-punch man
kirigoe mima	115	perfect blue
kriemhild gretchen	115	mahou shoujo madoka magica, mahou shoujo madoka magica (anime)
kusakabe mei	115	tonari no totoro
lady bat	115	mermaid melody pichi pichi pitch
lafter frankland	115	gundam, gundam tekketsu no orphans
lalah sune	115	gundam, mobile suit gundam
leaf (sygna suit) (pokemon)	115	pokemon, pokemon masters ex
lene (fire emblem)	115	fire emblem, fire emblem: genealogy of the holy war
leonardo watch	115	kekkai sensen
lordgenome	115	tengen toppa gurren lagann
lumine (hot springs) (genshin impact)	115	genshin impact
magus (chrono trigger)	115	chrono trigger
merii (mazohaha)	115	musuko ga kawaikute shikatanai mazoku no hahaoya
mikoshiba mikoto	115	gekkan shoujo nozaki-kun
minami haruka	115	minami-ke
mokuren (kunoichi tsubaki no mune no uchi)	115	kunoichi tsubaki no mune no uchi
momo (nikki)	115	nikki (series)
momobami kirari	115	kakegurui
mostima (spellbreaker) (arknights)	115	arknights
mutsu (snail)	115	kantai collection
nagi (akito)	115	original
octotrooper	115	splatoon (series)
oda nobunaga (sengoku collection)	115	sengoku collection
ogata rizu	115	bokutachi wa benkyou ga dekinai
omega alpha	115	hololive, hololive english
philia (sao)	115	sword art online
pink mercy	115	overwatch, overwatch 1
ponyo	115	gake no ue no ponyo
puni (atelier)	115	atelier (series)
racing miku (2014)	115	vocaloid, goodsmile racing
rin (kemurikusa)	115	kemurikusa
sakuragi mai	115	doukyuusei, doukyuusei (series), doukyuusei another world
sightseer (pokemon)	115	pokemon, pokemon sm
skull kid	115	the legend of zelda, the legend of zelda: majora's mask
sophie pulone	115	gundam, gundam suisei no majo
sophocles (pokemon)	115	pokemon
takanashi rei	115	alice gear aegis
takigawa miu	115	22/7
tora tentei	115	original
waddle doo	115	kirby (series)
wakaouji ichigo	115	k-on!
windblade	115	transformers
yamada maya (infinite stratos)	115	infinite stratos
yandere-chan (ramchi)	115	original
yuki miku (2020)	115	vocaloid
yuzuki choco (maid)	115	hololive
african rock python (kemono friends)	114	kemono friends
aife (zana)	114	original
alphard (canaan)	114	428: fuusa sareta shibuya de, canaan (series)
alvida (peach88)	114	original
artoria pendragon (swimsuit ruler) (second ascension) (fate)	114	fate (series), fate/grand order
astrologian (final fantasy)	114	final fantasy, final fantasy xiv
bluesona (bluethebone)	114	original
candela (pokemon)	114	pokemon, pokemon go
cassandra cain	114	dc comics, batman (series)
charlotte corday (swimsuit caster) (fate)	114	fate (series), fate/grand order
ciel sacred	114	shirokami project
claire harvey	114	hundred (light novel)
cloyster	114	pokemon
corona timir	114	lyrical nanoha, mahou shoujo lyrical nanoha vivid
cure flamingo	114	precure, tropical-rouge! precure
fan la norne	114	xenoblade chronicles (series), xenoblade chronicles 2, xenoblade chronicles 2: torna - the golden country
fox devil (chainsaw man)	114	chainsaw man
fumino tamaki (1st costume)	114	nijisanji
gaara (naruto)	114	naruto (series)
goofy	114	
hannah (mahjong soul)	114	mahjong soul
hercule barton	114	tantei opera milky holmes
hoopa	114	pokemon
inagi (kancolle)	114	kantai collection
isis (p&d)	114	puzzle & dragons
kamihira mao	114	original
krabby	114	pokemon
kuroba kaito	114	magic kaito
lancelot (granblue fantasy)	114	granblue fantasy
leilan (p&d)	114	puzzle & dragons
loen (brown dust 2)	114	brown dust (series), brown dust 2
loki (marvel)	114	marvel
lucy maria misora	114	to heart (series), to heart 2
malva (pokemon)	114	pokemon, pokemon xy
marui futaba	114	mitsudomoe (manga)
mie ai	114	sukinako ga megane wo wasureta
milinda brantini	114	heavy object
milsiril (dungeon meshi)	114	dungeon meshi
miriel (fire emblem)	114	fire emblem, fire emblem awakening
misawa maho	114	rou-kyuu-bu!
mustard seeds	114	original
new submarine princess	114	kantai collection
oerba dia vanille	114	final fantasy, final fantasy xiii
prefect team member (blue archive)	114	blue archive
prince of samantoria	114	dragon quest, dragon quest ii
protagonist (crave saga)	114	crave saga
red panda (kemono friends)	114	kemono friends
ricotta elmar	114	dog days
rossiu adai	114	tengen toppa gurren lagann
safety (zenless zone zero)	114	zenless zone zero
satomi touka	114	magia record: mahou shoujo madoka magica gaiden, mahou shoujo madoka magica
sawachika eri	114	school rumble
sorceress sellen	114	elden ring
southern ocean war princess	114	kantai collection
spinda	114	pokemon
spy (tf2)	114	team fortress 2
susanna hopkins	114	genshiken
swimmer (pokemon)	114	pokemon
sylvanas windrunner	114	warcraft
tapu lele	114	pokemon
ten'inkou korin	114	original
tia-chan	114	original
tweyen (eternal's summer vacation) (granblue fantasy)	114	granblue fantasy
venomoth	114	pokemon
woobat	114	pokemon
wuxian (the legend of luoxiaohei)	114	luo xiaohei zhanji
yasaka mahiro	114	haiyore! nyaruko-san
alder (pokemon)	113	pokemon, pokemon bw
amajiki tamaki	113	boku no hero academia
armarouge	113	pokemon
ash blossom & joyous spring	113	yu-gi-oh!
bunny girl (yuuhagi (amaretto-no-natsu))	113	original
cloud strife (blue dress)	113	final fantasy, final fantasy vii, final fantasy vii remake
crow (nikke)	113	goddess of victory: nikke
cubchoo	113	pokemon
cure macherie	113	precure, hugtto! precure
dr. voir (nanosheep)	113	pokemon
eldegoss	113	pokemon
elinalise dragonroad	113	mushoku tensei
fail (djmax)	113	djmax
farrah (granblue fantasy)	113	granblue fantasy
four murasame	113	gundam, zeta gundam
fox girl (togutogu)	113	original
gomamon	113	digimon
harley quinn (classic)	113	dc comics
haru (kuzuyu)	113	original
hero's son (dq5)	113	dragon quest, dragon quest v
heshikiri hasebe	113	touken ranbu
himegami aisa	113	toaru majutsu no index
iijima renka	113	assault lily
irma (queen's blade)	113	queen's blade
izumi masamune	113	eromanga sensei
jean bart (private apres midi) (azur lane)	113	azur lane
joffre (azur lane)	113	azur lane
julius pringles	113	pringles
kasia mikolajczyk (silverfox442)	113	original
kratos (god of war)	113	god of war
krile baldesion (ff14)	113	final fantasy, final fantasy xiv
law-chan	113	one piece
lucy (reverse:1999)	113	reverse:1999
masaki gaillard	113	amairo islenauts
medb (alluring chief warden look) (fate)	113	fate/grand order, fate (series)
mejiro palmer (devil in the moonlight) (umamusume)	113	umamusume
missouri (warship girls r)	113	warship girls r
monai-chan (nii manabu)	113	original
neroli (pokemon)	113	pokemon, pokemon sleep
noblesse (elsword)	113	elsword
nosepass	113	pokemon
onion knight	113	final fantasy
otomo (cecilia immergreen)	113	hololive, hololive english
otosaka yuu	113	charlotte (anime)
patrick star	113	spongebob squarepants (series)
perrault (last origin)	113	last origin
protagonist (doki doki literature club)	113	doki doki literature club
red hood (dc)	113	dc comics, batman (series)
reset kalar	113	rance (series)
rudy (ikeuchi tanuma)	113	original
saegusa kii	113	aikatsu! (series), aikatsu!
saint-louis (holy knight's resplendence) (azur lane)	113	azur lane
sara (gundam build divers)	113	gundam, gundam build divers
sero hanta	113	boku no hero academia
shouhou (azur lane)	113	azur lane
solgaleo	113	pokemon
solrock	113	pokemon
sukeban (mg) (blue archive)	113	blue archive
suzumi nemo	113	nanashi inc.
takanashi hikari	113	demi-chan wa kataritai
talim	113	soulcalibur
tamasaka makoto	113	tokyo 7th sisters
tauros	113	pokemon
tokiwa midori	113	tamako market
tsubomioka happa	113	original
tsumire (takane lui)	113	hololive
vanilla (arknights)	113	arknights
yukikaze (summer mode) (kancolle)	113	kantai collection
ajna (indivisible)	112	indivisible
alibaba saluja	112	magi the labyrinth of magic
ariados	112	pokemon
bartholomew roberts (fate)	112	fate/grand order, fate (series)
bonanus (genshin impact)	112	genshin impact
butler (zenless zone zero)	112	zenless zone zero
chinese white dolphin (kemono friends)	112	kemono friends
cure mermaid	112	precure, go! princess precure
drayden (pokemon)	112	pokemon, pokemon bw
elemental master (elsword)	112	elsword
geo stelar (mega man)	112	mega man (series), mega man star force (series)
god gundam	112	gundam, g gundam
gourai	112	frame arms girl
grace (sound voltex)	112	bemani, sound voltex
hammann (rebellious summer) (azur lane)	112	azur lane
hayase misa	112	macross
hilda ware	112	final fantasy, final fantasy xiv
honjou nia	112	date a live
horizon (counter:side)	112	counter:side
houzouin oniwaka	112	tokyo afterschool summoners
ico (character)	112	ico
jacques de molay (foreigner) (second ascension) (fate)	112	fate/grand order, fate (series)
kaiki deishuu	112	monogatari (series)
kamen rider ryuki	112	kamen rider, kamen rider ryuki (series)
kangaskhan	112	pokemon
kani nayuta	112	imouto sae ireba ii
kenshiro	112	hokuto no ken
kinomoto sakura (pink kitty costume)	112	cardcaptor sakura
kodama	112	mononoke hime
kojo anna (1st costume)	112	nanashi inc., sugar lyric
konno makoto	112	toki wo kakeru shoujo
kusajishi yachiru	112	bleach
lexington (kancolle)	112	kantai collection
liliweiss (nikke)	112	goddess of victory: nikke
luknight (himemori luna)	112	hololive
mashiro meme (1st costume)	112	nijisanji
matoimaru (arknights)	112	arknights
mega rayquaza	112	pokemon
metallica (majo to hyakkihei)	112	majo to hyakkihei
mikuma (2016 swimsuit mode) (kancolle)	112	kantai collection
milky rose	112	precure, yes! precure 5, yes! precure 5 gogo!
minase inori	112	
misato (summer) (princess connect!)	112	princess connect!
nagant revolver (mod3) (girls' frontline)	112	girls' frontline
nanashi mumei (owl)	112	hololive, hololive english
nanna (fire emblem)	112	fire emblem
nitocris (third ascension) (fate)	112	fate/grand order, fate (series)
oozora subaru (starlight)	112	hololive
phara suyuf	112	senki zesshou symphogear
prisoner (elden ring)	112	elden ring
prometheus (honkai impact)	112	honkai (series), honkai impact 3rd
quote (doukutsu monogatari)	112	doukutsu monogatari
revolver ocelot	112	metal gear (series)
sawada manami	112	original
shez (female) (summer) (fire emblem)	112	fire emblem, fire emblem: three houses, fire emblem warriors: three hopes
shiki haruomi	112	kanojo x kanojo x kanojo
shiranui flare (new year)	112	hololive
sister almonde (nyantcha)	112	bloodlight (nyantcha), original
sorami kanata	112	sora no woto
spinarak	112	pokemon
super tama musume	112	tamatoys
swordsman (ragnarok online)	112	ragnarok online
tachikawa ayaka	112	22/7
taigei (swimsuit mode) (kancolle)	112	kantai collection
tamaki ako	112	netoge no yome wa onna no ko janai to omotta?
the count of monte cristo (fate)	112	fate/grand order, fate (series)
umbral knight (ender lilies)	112	ender lilies quietus of the knights
wanderer (ragnarok online)	112	ragnarok online
watase kiui	112	yoru no kurage wa oyogenai
xu fu (swimsuit avenger) (fate)	112	fate/grand order, fate (series)
yadomi jinta	112	ano hi mita hana no namae wo bokutachi wa mada shiranai.
yamada vanhouten (mato tsuyoi)	112	original
yuki setsuna (afterschool school idol)	112	love live!, love live! nijigasaki high school idol club
yuuki kei	112	moyashimon
ahagon umiko	111	new game!
aibo (gorgeous mushroom)	111	original
aikawa chiho	111	yuyushiki
aizawa sakuya	111	hayate no gotoku!
aloupeep (enna alouette)	111	nijisanji, nijisanji en
amulet heart	111	shugo chara!
annelotte (queen's blade)	111	queen's blade, queen's blade rebellion
aoandon	111	onmyoji
aoi nagisa	111	strawberry panic!
arancia	111	original
argo the rat	111	sword art online
aussa (yu-gi-oh!)	111	yu-gi-oh!
axl low	111	guilty gear
belfast (blissful service) (azur lane)	111	azur lane
dark haired kappa	111	touhou
dekomegane	111	original
delta (kage no jitsuryokusha ni naritakute!)	111	kage no jitsuryokusha ni naritakute!
florence (neural cloud)	111	girls' frontline, girls' frontline neural cloud
florence nightingale (chaldea lifesavers) (fate)	111	fate/grand order, fate (series)
fuji aoi	111	aoi ch.
happy (fairy tail)	111	fairy tail
hathaway noa	111	gundam, gundam hathaway's flash
isonade orca	111	indie virtual youtuber
jabberwock (monster girl encyclopedia)	111	monster girl encyclopedia
jervis (azur lane)	111	azur lane
jimihen	111	bocchi the rock!
juliet starling	111	lollipop chainsaw
kagura suzu (.live)	111	.live
kinomoto touya	111	cardcaptor sakura
kriemhild (first ascension) (fate)	111	fate/grand order, fate (series)
laffey ii (azur lane)	111	azur lane
lavolpe (yagisaka seto)	111	original
leafa (terraria) (sao)	111	sword art online
liechtenstein (hetalia)	111	axis powers hetalia
lord's blade ciaran	111	dark souls (series), dark souls i
luciana mazzei	111	world witches series, strike witches: kurenai no majo-tachi
magnezone	111	pokemon
malleus draconia	111	twisted wonderland
mima sachi	111	watashi ga motenai no wa dou kangaetemo omaera ga warui!
minagi koharu	111	slow loop
miniature ranni	111	elden ring
mogami kai ni (kancolle)	111	kantai collection
musubime yui	111	avatar 2.0 project
nekoha shizuku	111	original
okino tsukasa	111	juusan kihei bouei ken
parasect	111	pokemon
plains zebra (kemono friends)	111	kemono friends
poppi (reimu endou)	111	nijisanji, nijisanji en
raiden mei (aeterna purum)	111	honkai (series), honkai impact 3rd
raiden mei (orochi cuirass)	111	honkai (series), honkai impact 3rd
raymond (animal crossing)	111	animal crossing
rokurou rangetsu	111	tales of (series), tales of berseria
sherlock holmes	111	
sphinx (toaru majutsu no index)	111	toaru majutsu no index
svarog (honkai: star rail)	111	honkai: star rail, honkai (series)
tatsumi kon	111	urara meirochou
terapagos	111	pokemon
tino ashberry	111	original
two (tsu (lovesick1964))	111	original
tympole	111	pokemon
winda priestess of gusto	111	yu-gi-oh!
xiao dianshi	111	bilibili
yamanbagiri kunihiro	111	touken ranbu
yuni (nikke)	111	goddess of victory: nikke
akemi (blue archive)	110	blue archive
amethio (pokemon)	110	pokemon, pokemon (anime), pokemon horizons
angelic buster	110	maplestory
blissey	110	pokemon
brionne	110	pokemon
chai xianghua	110	soulcalibur
christie (doa)	110	dead or alive
coffret (heartcatch precure!)	110	heartcatch precure!, precure
corrin (female) (halloween) (fire emblem)	110	fire emblem, fire emblem fates, fire emblem heroes
cyclops (x-men)	110	marvel, x-men
dana iclucia	110	ys, ys viii lacrimosa of dana
geiru toneido	110	ace attorney, phoenix wright: ace attorney - spirit of justice
herlock sholmes	110	ace attorney, the great ace attorney
hiratsuka shizuka	110	yahari ore no seishun lovecome wa machigatteiru.
ichigo hitofuri	110	touken ranbu
isaac clarke	110	dead space
ishida uryuu	110	bleach
isuzu ren	110	magia record: mahou shoujo madoka magica gaiden, mahou shoujo madoka magica
kaburagi kaede	110	tiger & bunny
kiran (female) (fire emblem)	110	fire emblem, fire emblem heroes
kisara (yu-gi-oh!)	110	yu-gi-oh!, yu-gi-oh! duel monsters
lancet-2 (arknights)	110	arknights
luca kaneshiro (1st costume)	110	nijisanji, nijisanji en
maeda shiori	110	
mamarissa	110	hololive, hololive english
manannan mac lir (fate)	110	fate/grand order, fate (series)
medb (swimsuit saber) (second ascension) (fate)	110	fate/grand order, fate (series)
misaki (princess connect!)	110	princess connect!
mori calliope (9th costume)	110	hololive, hololive english
musashi (the purple rabbit's marksmanship) (azur lane)	110	azur lane
nancy lee	110	ninja slayer
nekoyashiki yuki (cat)	110	precure, wonderful precure!
nodoka (hot spring) (blue archive)	110	blue archive
north carolina (the heart's desire) (azur lane)	110	azur lane
okita souji alter (swimsuit saber) (first ascension) (fate)	110	fate/grand order, fate (series)
otoshiro seira	110	aikatsu! (series), aikatsu!
peppy (honkai: star rail)	110	honkai: star rail, honkai (series)
pidgeotto	110	pokemon
poliwrath	110	pokemon
ponto nei	110	nijisanji
princess celestia	110	my little pony, my little pony: friendship is magic
quency (escape queen) (nikke)	110	goddess of victory: nikke
reno (reno bunnino) (azur lane)	110	azur lane
renton thurston	110	eureka seven (series), eureka seven
risotto nero	110	jojo no kimyou na bouken, vento aureo
scrafty	110	pokemon
servine	110	pokemon
sheva alomar	110	resident evil, resident evil 5
shigure (lawson) (kancolle)	110	kantai collection
shikoku metan	110	voicevox
shinada takumi	110	delicious party precure, precure
silence the paradigmatic (arknights)	110	arknights
soldier (tf2)	110	team fortress 2
submarine princess	110	kantai collection
suruga (azur lane)	110	azur lane
sylus (love and deepspace)	110	love and deepspace
tamaki mari	110	sora yori mo tooi basho
tanba akari	110	assault lily
tangrowth	110	pokemon
theresa apocalypse (twilight paladin)	110	honkai (series), honkai impact 3rd
twintail-chan (white-stew)	110	original
ventus (kingdom hearts)	110	kingdom hearts
violence fiend (chainsaw man)	110	chainsaw man
wendy corduroy	110	gravity falls
winter soldier	110	marvel
worker (squid game)	110	squid game
yamiyono moruru	110	nijisanji
yotarou (aoki hagane no arpeggio)	110	aoki hagane no arpeggio
akari (new year) (blue archive)	109	blue archive
arita haruyuki	109	accel world
bebe-tan	109	senran kagura
bismarck (beacon of the iron blood) (azur lane)	109	azur lane
black star	109	soul eater
bremerton (pillowed counseling) (azur lane)	109	azur lane
brown haired glasses elf (houtengeki)	109	original
bullet bill	109	mario (series)
bushidou 2 (sekaiju)	109	sekaiju no meikyuu
callisto (greyeth)	109	original
campo flicker (kemono friends)	109	kemono friends
classy-black-haired girl (hayabusa)	109	original
coco adel	109	rwby
durandal (bright knight: excelsis) (honkai impact)	109	honkai (series), honkai impact 3rd
fleurdelis (yu-gi-oh!)	109	yu-gi-oh!
gold ship (racehorse)	109	umamusume
hayasaka akira	109	super real mahjong
highmore (arknights)	109	arknights
inuzuka kiba	109	naruto (series)
ironmouse (1st costume)	109	vshojo
kagami kira	109	holostars
kaito (vocaloid3)	109	vocaloid
kamioka senri	109	original
kanzaki sumire	109	sakura taisen
kaori (azumanga daioh)	109	azumanga daioh
komachi panko	109	phase connect
kujou riu	109	mahjong soul
liter (nikke)	109	goddess of victory: nikke
luna (epic seven)	109	epic seven
lyse hext	109	final fantasy, final fantasy xiv
m2hb (girls' frontline)	109	girls' frontline
matara kan (1st costume)	109	vshojo
meltryllis (swimsuit lancer) (third ascension) (fate)	109	fate/grand order, fate (series)
minazuki kyouko	109	justice gakuen
mochida arisa	109	idolmaster, idolmaster cinderella girls
nina (breath of fire iii)	109	breath of fire, breath of fire iii
nogami aoi	109	zettai karen children
ortega (pokemon)	109	pokemon, pokemon sv
otta (dungeon meshi)	109	dungeon meshi
pantalone (genshin impact)	109	genshin impact
petra ral	109	shingeki no kyojin
phantom thief (kkmomo67)	109	original
philena ivy	109	pokemon, pokemon (anime)
ptilopsis (elite ii) (arknights)	109	arknights
rein (futagohime)	109	fushigiboshi no futago hime
riko (machikado mazoku)	109	machikado mazoku
sailor v	109	bishoujo senshi sailor moon
saionji sekai	109	school days
sakuya (p&d)	109	puzzle & dragons
seox (granblue fantasy)	109	granblue fantasy
small lady serenity	109	bishoujo senshi sailor moon
sochie heim	109	gundam, turn a gundam
sola-ui nuada-re sophia-ri	109	fate (series), fate/zero
sounds of earth (umamusume)	109	umamusume
tamamura gunzo	109	tokyo afterschool summoners
theresa apocalypse (sakuno rondo)	109	honkai (series), honkai impact 3rd
tsugumi (guilty crown)	109	guilty crown
ume-sensei	109	hidamari sketch
unzen (sojourn through clear seas) (azur lane)	109	azur lane
urianger augurelt	109	final fantasy, final fantasy xiv
weather report	109	jojo no kimyou na bouken, stone ocean
white rock shooter	109	black rock shooter
yashiro kizuku	109	nijisanji
alain (unicorn overlord)	108	unicorn overlord
algerie (white sand paradise) (azur lane)	108	azur lane
ancient destroyer oni	108	kantai collection
aurora (elite ii) (arknights)	108	arknights
black knight (granblue fantasy)	108	granblue fantasy
bolin	108	avatar legends, the legend of korra
cerberus (last origin)	108	last origin
cure rouge	108	precure, yes! precure 5
darumaka	108	pokemon
dukemon	108	digimon
fujiki maka	108	boku no kanojo sensei
fujimaru ritsuka (female) (mage's association uniform)	108	fate/grand order, fate (series)
futo-inu	108	hololive
geomancer (fft)	108	final fantasy, final fantasy tactics
gum (jsr)	108	jet set radio
hassu	108	gridman universe
hyodo rena	108	idolmaster, idolmaster cinderella girls
jiu niangzi	108	reverse:1999
karibuchi takami	108	brave witches, world witches series
konohana lucia	108	rewrite
kyouyama anna	108	shaman king
larvesta	108	pokemon
lessar	108	toaru majutsu no index
lisa silverman	108	persona, persona 2
lucia: pyroath (pgr)	108	punishing: gray raven
lumera (fire emblem)	108	fire emblem, fire emblem engage
madarame harunobu	108	genshiken
may (spring 2021) (pokemon)	108	pokemon, pokemon masters ex
medusa (jashin-chan dropkick)	108	jashin-chan dropkick
morgan le fay (chaldea satellite station) (fate)	108	fate/grand order, fate (series)
motoori shiro	108	tokyo afterschool summoners
muk	108	pokemon
musse egret	108	eiyuu densetsu, sen no kiseki (series)
nargacuga	108	monster hunter (series)
oura rukako	108	nanashi inc.
paladin (sekaiju)	108	sekaiju no meikyuu
paris (fate)	108	fate/grand order, fate (series)
pinsir	108	pokemon
princess (slay the princess)	108	slay the princess
quincy (nu carnival)	108	nu carnival
raito-kun (uenomigi)	108	original
rengoku (fate)	108	fate/grand order, fate (series)
repede (tales)	108	tales of (series), tales of vesperia
rodney (warship girls r)	108	warship girls r
rorisakyubasu-chan (mochiyuki)	108	original
rozaliya olenyeva (fervent tempo)	108	honkai (series), honkai impact 3rd
satellizer el bridget	108	freezing (series)
scary monsters (stand)	108	jojo no kimyou na bouken, steel ball run
schezo wegey	108	puyopuyo
serpo (dandadan)	108	dandadan
shiba tomoshibi	108	assault lily
shiratsuyu (azur lane)	108	azur lane
shishido akari	108	nijisanji
tamaki (princess connect!)	108	princess connect!
touri sei	108	nanashi inc.
tulip (pokemon)	108	pokemon, pokemon sv
uma (magipoka)	108	renkin san-kyuu magical pokaan
vaan (ff12)	108	final fantasy, final fantasy xii
vei (vtuber) (sky empress)	108	vshojo
vf-1s	108	macross
wakaba hinata	108	justice gakuen
whitesmith (ragnarok online)	108	ragnarok online
wind sneaker (elsword)	108	elsword
witchcrafter madame verre	108	yu-gi-oh!
xiaomu	108	
yamada yui	108	asagao to kase-san
yufine (epic seven)	108	epic seven
zombina (monster musume)	108	monster musume no iru nichijou
25-ji rin	107	project sekai, vocaloid
abomasnow	107	pokemon
adora (she-ra)	107	she-ra and the princesses of power
ai hyperion lambda	107	honkai (series), honkai impact 3rd
akaza (kimetsu no yaiba)	107	kimetsu no yaiba
amano tora	107	original
angel dust	107	hazbin hotel
bard (final fantasy)	107	final fantasy
battleship summer princess	107	kantai collection
bellona (azur lane)	107	azur lane
black general	107	zannen onna-kanbu black general-san
blazing cartesia the virtuous	107	yu-gi-oh!
bon (vtuber)	107	indie virtual youtuber
brown kemomimi-chan (krr)	107	original
cecily cambell	107	seiken no blacksmith
cupa (at2.)	107	minecraft, mob talker
cure cosmo	107	precure, star twinkle precure
desco (disgaea)	107	disgaea
duck (duck hunt)	107	duck hunt
engineer nemo (fate)	107	fate/grand order, fate (series)
erina (rabi-ribi)	107	rabi-ribi
executioner (girls' frontline)	107	girls' frontline
father (diva)	107	little nuns (diva)
fubukihime	107	youkai watch
fujimaru ritsuka (female) (summer street)	107	fate/grand order, fate (series)
fusou kai ni (kancolle)	107	kantai collection
glados	107	portal (series)
gorou (darling in the franxx)	107	darling in the franxx
hashiri nio	107	akuma no riddle
heles (summer) (granblue fantasy)	107	granblue fantasy
hikari (arcaea)	107	arcaea
hk416 (midnight evangelion) (girls' frontline)	107	girls' frontline
honjoji akira	107	viper (series)
italia (kancolle)	107	kantai collection
kagari ayaka	107	witch craft works
kaijin hime do-s	107	one-punch man
kisara (tales)	107	tales of (series), tales of arise
kuranami shiki	107	original
kuwabara kazuma	107	yu yu hakusho
lieserl albert einstein	107	honkai (series), honkai impact 3rd
lin (tower of fantasy)	107	tower of fantasy
makinohara shouko	107	seishun buta yarou
mia (world flipper)	107	world flipper
milcery	107	pokemon
mitsuzuri ayako	107	fate (series)
morgan le fay (fate/apocrypha)	107	fate (series), fate/apocrypha
nanu (pokemon)	107	pokemon
narumi tsuyu	107	kantai collection
nemu (ceres fauna)	107	hololive, hololive english
ni-class destroyer	107	kantai collection
nila (telepurte)	107	original
odysseus (fate)	107	fate/grand order, fate (series)
pantheon (league of legends)	107	league of legends
pathfinder (apex legends)	107	apex legends
prinz adalbert (azur lane)	107	azur lane
puni (miku plus)	107	original
raticate	107	pokemon
rey (star wars)	107	star wars
rookidee	107	pokemon
rosa (masterpiece) (arknights)	107	arknights
rose (pokemon)	107	pokemon, pokemon swsh
sachi (sao)	107	sword art online
satou hina (kamisama ni natta hi)	107	kamisama ni natta hi
secre swallowtail	107	black clover
sendou aichi	107	cardfight!! vanguard
seto miyako	107	nijisanji
shanna (fire emblem)	107	fire emblem, fire emblem: the binding blade
shimanto (azur lane)	107	azur lane
silvally	107	pokemon
sirius (rabbit of paradise) (azur lane)	107	azur lane
suminoe shion	107	dolphin wave
sunao (wokada)	107	original
sunohara youhei	107	clannad
tatara kogasa (umbrella)	107	touhou
tokoyami towa (new year)	107	hololive
toucannon	107	pokemon
uka-no-mitama-no-kami (inakon)	107	inari konkon koi iroha.
venonat	107	pokemon
vf-1j	107	macross, choujikuu yousai macross
winston (overwatch)	107	overwatch, overwatch 1
yami sukehiro	107	black clover
yuma kokohead	107	master detective archives: rain code
zapfish	107	splatoon (series)
acrobatic silky (dandadan)	106	dandadan
allen walker	106	d.gray-man
angelise ikaruga misurugi	106	cross ange
aquila (sardegnian shallows and sunshine) (azur lane)	106	azur lane
arisen (dragon's dogma)	106	dragon's dogma (series)
azmaria hendric	106	chrono crusade
barghest (swimsuit archer) (second ascension) (fate)	106	fate/grand order, fate (series)
centiskorch	106	pokemon
colt revolver (girls' frontline)	106	girls' frontline
envy elika (koyashaka)	106	original
eto (tokyo ghoul)	106	tokyo ghoul
europa (fate)	106	fate/grand order, fate (series)
ewen egeburg	106	spy x family
fiorayne (monster hunter)	106	monster hunter (series)
forrest (fire emblem)	106	fire emblem, fire emblem fates
fubuchun	106	hololive
furukawa sanae	106	clannad
g-spring goddess (ishiyumi)	106	original
geegee (granblue fantasy)	106	granblue fantasy
giant armadillo (kemono friends)	106	kemono friends
gourry gabriev	106	slayers
guilmon	106	digimon
gunner (final fantasy)	106	final fantasy, final fantasy x, final fantasy x-2
harper (pokemon)	106	pokemon, pokemon (anime), pokemon sm (anime)
higuruma hiromi	106	jujutsu kaisen
hokaze junko	106	toaru majutsu no index, toaru kagaku no railgun
ilfa (to heart)	106	to heart (series), to heart 2
isuzu (azur lane)	106	azur lane
jekyll and hyde (fate)	106	fate (series)
jeralt reus eisner	106	fire emblem, fire emblem: three houses
josie rizal	106	tekken
kaiboukan no. 30 (kancolle)	106	kantai collection
kamen america	106	kamen america (comic)
kamiki sekai	106	gundam, gundam build fighters, gundam build fighters try
kaya (hazakura hinata)	106	original
kuchiki byakuya	106	bleach
kurari-chan (iyowa)	106	iyowa girls, kyu-kurarin (cevio)
leah (airisubaka)	106	original
liz (kmnz)	106	kmnz
luluco	106	uchuu patrol luluco
magical mirai miku (2020 summer)	106	vocaloid, magical mirai (vocaloid)
maria theresa (granblue fantasy)	106	granblue fantasy
matou sakura (fate/extra)	106	fate (series), fate/extra
medic (sekaiju)	106	sekaiju no meikyuu
mii gunner	106	super smash bros.
minegishi ayano	106	lucky star
momiji (ninja gaiden)	106	
moona hoshinova (casual)	106	hololive, hololive indonesia
murmansk (azur lane)	106	azur lane
nago	106	blazblue
narmaya (valentine) (granblue fantasy)	106	granblue fantasy
noise (nikke)	106	goddess of victory: nikke
ookami mio (another ookami mio)	106	hololive
orsola aquinas	106	toaru majutsu no index
panda meiling (seki (red shine))	106	touhou
ping myu ring (tandohark)	106	
polt	106	monster musume no iru nichijou
poporon (jashin-chan dropkick)	106	jashin-chan dropkick
racing miku (2013)	106	goodsmile racing, vocaloid
revolver knuckle	106	lyrical nanoha, mahou shoujo lyrical nanoha strikers
riasu-chan (ayuma sayu)	106	original
rui (dream c club)	106	dream c club, dream c club (series)
sabin rene figaro	106	final fantasy, final fantasy vi
sakata kintoki (rider) (fate)	106	fate/grand order, fate (series)
sakurai aoi	106	rail wars!
saltwater crocodile (kemono friends)	106	kemono friends
sarashiki tatenashi	106	infinite stratos
shuna (tensei shitara slime datta ken)	106	tensei shitara slime datta ken
takanashi kiara (dirndl)	106	hololive, hololive english
takanashi yomi	106	black rock shooter
takiya makoto	106	kobayashi-san chi no maidragon
tentomon	106	digimon
teucer (genshin impact)	106	genshin impact
tri-brigade kitt	106	yu-gi-oh!
ulala	106	space channel 5
vermillion akiha	106	tsukihime
violet (closers)	106	closers
worker (lethal company)	106	lethal company
yashahime (momotarou densetsu)	106	momotarou densetsu
yu (bosshi)	106	original
add (elsword)	105	elsword
aladdin (magi)	105	magi the labyrinth of magic
archer (summer casual) (fate)	105	fate (series)
banagher links	105	gundam, gundam unicorn
banjo (banjo-kazooie)	105	banjo-kazooie
baobhan sith (exhibition attire) (fate)	105	fate/grand order, fate (series)
bardiche (zanber form) (nanoha)	105	lyrical nanoha
bb cosmo (fate)	105	fate/grand order, fate (series)
beerus	105	dragon ball
bepo	105	one piece
billy herrington	105	
boise (azur lane)	105	azur lane
cai lin (doupo cangqiong)	105	doupo cangqiong
calenda (kemono friends)	105	kemono friends
cellval	105	kemono friends
chaika bogdan	105	hitsugi no chaika
clarine (fire emblem)	105	fire emblem, fire emblem: the binding blade
comandante cappellini (kancolle)	105	kantai collection
crimson lotus moth (genshin impact)	105	genshin impact
daruk	105	the legend of zelda, the legend of zelda: breath of the wild
diesel (nikke)	105	goddess of victory: nikke
enokawa miyu	105	original
fat cat (ff14)	105	final fantasy, final fantasy xiv
flaaffy	105	pokemon
gavis bettel (1st costume)	105	holostars, holostars english
gosegu	105	waktaverse
greymon	105	digimon
hoshizuki suzu	105	kaede to suzu
host (obj shep)	105	original
hyuuga kai ni (kancolle)	105	kantai collection
ichinose haru	105	akuma no riddle
inaba himeko	105	kokoro connect
kazama iroha (street)	105	hololive
kazami youka (yokochou)	105	touhou
kirahoshi kanna	105	dolphin wave
kiri (sub-res)	105	original
kokuriko (blue archive)	105	blue archive
kuchisake-onna	105	
li shuwen (young) (fate)	105	fate (series)
lily bloomerchen	105	soulworker
luke pearce (tears of themis)	105	tears of themis
m99 (girls' frontline)	105	girls' frontline
manbagi rumiko	105	komi-san wa komyushou desu
master asia	105	
mega gallade	105	pokemon
mehrak (genshin impact)	105	genshin impact
mini-ikamusume	105	shinryaku! ikamusume
moon (zelda)	105	the legend of zelda, the legend of zelda: majora's mask
myaku-myaku	105	
nagi seishirou	105	blue lock
nappa	105	dragon ball, dragon ball z
noctowl	105	pokemon
orimura chifuyu	105	infinite stratos
pero (idolmaster cinderella girls)	105	idolmaster, idolmaster cinderella girls
rauru (tears of the kingdom)	105	the legend of zelda, the legend of zelda: tears of the kingdom
renee costa	105	gundam, gundam suisei no majo
romg	105	
santa claus (chainsaw man)	105	chainsaw man
shinazugawa genya	105	kimetsu no yaiba
tadokoro megumi	105	shokugeki no souma
vent (mega man)	105	mega man (series), mega man zx
viichan	105	waktaverse
yuzuki yukari (onn)	105	voiceroid, vocaloid
amagami asahi	104	amagami-san chi no enmusubi
asgore dreemurr	104	
astraea (fate)	104	fate (series), fate/grand order
audie (animal crossing)	104	animal crossing
aurorus	104	pokemon
bismarck (warship girls r)	104	warship girls r
captain price	104	call of duty, call of duty: modern warfare 2
charles babbage (fate)	104	fate/grand order, fate (series)
christina sierra	104	gundam, gundam 00
chronoa	104	dragon ball
cure sparkle	104	healin' good precure, precure
cynthia (sygna suit) (renegade) (pokemon)	104	pokemon, pokemon masters ex
dorothy (hand of destiny) (arknights)	104	arknights
eltolinde (unicorn overlord)	104	unicorn overlord
emile elman	104	spy x family
envy (fma)	104	fullmetal alchemist
eternity (reverse:1999)	104	reverse:1999
f91 gundam	104	gundam, gundam f91
filene (shadowverse)	104	
galvantula	104	pokemon
granbull	104	pokemon
hana macchia	104	nijisanji, nijisanji id
helena kai (kancolle)	104	kantai collection
hero (dq1)	104	dragon quest, dragon quest i
hisuian decidueye	104	pokemon
hoshino (flowery charms) (blue archive)	104	blue archive
houjou (takagi-san)	104	karakai jouzu no takagi-san
juno (overwatch)	104	overwatch
jynx	104	pokemon
kageyama ritsu	104	mob psycho 100
kamikaze (valentine mode) (kancolle)	104	kantai collection
kaname junko	104	mahou shoujo madoka magica
kasuga (sengoku basara)	104	sengoku basara
kris (fire emblem)	104	fire emblem
kukulkan (second ascension) (fate)	104	fate/grand order, fate (series)
kusakabe maron	104	kamikaze kaitou jeanne
lauda neill	104	gundam, gundam suisei no majo
leonhardt (arknights)	104	arknights
little illustrious (azur lane)	104	azur lane
lrl (last origin)	104	last origin
ludmilla (winter owner) (nikke)	104	goddess of victory: nikke
maria (umineko)	104	umineko no naku koro ni
marlone	104	atelier (series), atelier marie
medusa (mythology)	104	
mina tepes	104	dance in the vampire bund
minami rio	104	black survival
misaki sango	104	re:stage!
momoki run	104	a channel
momosuzu nene (cheerleader)	104	hololive
mysterious idol x alter (fate)	104	fate/grand order, fate (series)
nakagawa kanon	104	kami nomi zo shiru sekai
nidoqueen	104	pokemon
ojiro mashirao	104	boku no hero academia
orchid (arknights)	104	arknights
p90 (the girl from b.e.l) (girls' frontline)	104	girls' frontline
pearl drone (splatoon)	104	splatoon (series), splatoon 3, splatoon 3: side order
poo (mother 2)	104	mother (series), mother 2
prototype labiata	104	last origin
quaquaval	104	pokemon
raising heart (accel mode)	104	lyrical nanoha
raven branwen	104	rwby
regirock	104	pokemon
renga (yakihebi)	104	original
rio wezley	104	lyrical nanoha
rolling bubbles	104	powerpuff girls z
saimon tamaki	104	kakyuusei (series), kakyuusei 2
sakaki shizuka	104	shirobako
saotome ako	104	aikatsu! (series), aikatsu stars!
sarutobi asuma	104	naruto (series)
seaking	104	pokemon
spas-12 (midsummer fruit) (girls' frontline)	104	girls' frontline
sumeragi shion	104	gj-bu
takkun (flcl)	104	flcl
tendou kasumi	104	ranma 1/2
teresa (claymore)	104	claymore (series)
the lamb (cult of the lamb)	104	cult of the lamb
usano mimi	104	vocaloid
vera: garnet (pgr)	104	punishing: gray raven
ying swei (azur lane)	104	azur lane
ysayle dangoulain	104	final fantasy, final fantasy xiv
yukishiro mahiro	104	nijisanji
yuu (tiny evil)	104	tiny evil
yuudachi (shogun of snowballs) (azur lane)	104	azur lane
zhongli (lantern rite) (genshin impact)	104	genshin impact
akigumo (comiket mode) (kancolle)	103	kantai collection
alisa boskonovich	103	tekken
amiya (guard) (touch the stars) (arknights)	103	arknights
asahina mafuyu's mother	103	project sekai
barok van zieks	103	ace attorney, the great ace attorney
beruka (fire emblem)	103	fire emblem, fire emblem fates
boudica (third ascension) (fate)	103	fate/grand order, fate (series)
cacnea	103	pokemon
camilla (spring princess) (fire emblem)	103	fire emblem, fire emblem fates
celesteela	103	pokemon
ceobe (summer flowers) (arknights)	103	arknights
empress (dmfd)	103	dragon: marked for death
feebas	103	pokemon
gary oak	103	pokemon
hagino chiaki	103	hinako note
han sooyoung	103	omniscient reader's viewpoint
harada makoto	103	uchuu senkan yamato, uchuu senkan yamato 2199
ichinose uruha (4th costume)	103	vspo!
inubouzaki itsuki	103	yuuki yuuna wa yuusha de aru, yuusha de aru
jedah dohma	103	darkstalkers
jp (street fighter)	103	street fighter, street fighter 6
kakine teitoku	103	toaru majutsu no index
kazemaru (arknights)	103	arknights
kiana kaslana (selenic ripples)	103	honkai (series), honkai impact 3rd
klein (sao)	103	sword art online
kodama izayoi	103	stellula eques
kofji (cookie)	103	cookie (touhou)
kokubunji koyori	103	nurse witch komugi-chan
komadori renge	103	sekai seifuku: bouryaku no zvezda
konami kirie	103	world trigger
konpaku youki (ghost)	103	touhou
kunkun	103	rozen maiden
kurata sayuri	103	kanon
kurosawa rin (aikatsu!)	103	aikatsu! (series), aikatsu!
kuya (nu carnival)	103	nu carnival
le malin (muse) (azur lane)	103	azur lane
leipzig (azur lane)	103	azur lane
mayano top gun (sunlight bouquet) (umamusume)	103	umamusume
medusa (saber) (fate)	103	fate/grand order, fate (series)
miilkywayz	103	indie virtual youtuber
mime jr.	103	pokemon
misaka imouto 10032's cat	103	toaru majutsu no index
mix (aquarion)	103	aquarion (series), aquarion evol
miyake shinobu	103	urusei yatsura
model x (mega man)	103	mega man (series), mega man zx
myrrh (arknights)	103	arknights
naga u-chan	103	original
naitou maia	103	hapymaher
narusawa yui	103	doukyuusei (series), doukyuusei 2
nikola tesla (fate)	103	fate/grand order, fate (series)
octopus devil (chainsaw man)	103	chainsaw man
orihime (tanabata)	103	
orochi (fire emblem)	103	fire emblem, fire emblem fates
oshino meme	103	monogatari (series)
otonashi kyouko	103	maison ikkoku
pecorine (new year) (princess connect!)	103	princess connect!
prairie (mega man)	103	mega man (series), mega man zx
rem galeu	103	isekai maou to shoukan shoujo no dorei majutsu
renown (azur lane)	103	azur lane
rhydon	103	pokemon
rie petoriyacowa	103	agent aika, aika (series)
rin (bunny garden)	103	bunny garden
rulue (puyopuyo)	103	puyopuyo
sakuma rei (ensemble stars!)	103	ensemble stars!
sakuranbou (cookie)	103	cookie (touhou), touhou
sawamura daichi	103	haikyuu!!
selettrice vaalmonica	103	yu-gi-oh!
shiba kuukaku	103	bleach
shionji yuuko	103	kami-sama no memo-chou
sunset shimmer	103	my little pony, my little pony: equestria girls, my little pony: friendship is magic
surskit	103	pokemon
susuwatari	103	
suzumiya haruka	103	
sybilla	103	sennen sensou aigis
tailblue	103	ore twintail ni narimasu
tanezaki atsumi	103	
texas (ambience synesthesia) (arknights)	103	ambience synesthesia, arknights
tiffa adill	103	after war gundam x, gundam
tirpitz (warship girls r)	103	warship girls r
tomoe umari	103	indie virtual youtuber
usada pekora (summer)	103	hololive
watanabe ayasa (jack dempa)	103	original
yagyuu juubei (hyakka ryouran)	103	hyakka ryouran samurai girls
yuna (sao)	103	sword art online
android girl (itou)	102	original
anna williams	102	tekken
asou yuuko	102	mugen senshi valis
athena glory	102	aria (manga)
azuma tokaku	102	akuma no riddle
bache (showy sports star) (azur lane)	102	azur lane
bearer of the curse	102	dark souls (series), dark souls ii
c.i.e.l (first ascension) (fate)	102	fate/grand order, fate (series)
cecile croomy	102	code geass
chang chun (azur lane)	102	azur lane
choi mochimazzui	102	tamako market
cinderella (sinoalice)	102	sinoalice
david king (dead by daylight)	102	dead by daylight
demon (monster girl encyclopedia)	102	monster girl encyclopedia
destiny gundam	102	gundam, gundam seed, gundam seed destiny
deutschland (service time?!) (azur lane)	102	azur lane
ellie (the last of us)	102	the last of us (series)
flamie speeddraw	102	rokka no yuusha
freckles nun (diva)	102	little nuns (diva)
guild girl (goblin slayer!)	102	goblin slayer!
hatsuharu kai ni (kancolle)	102	kantai collection
hattrem	102	pokemon
hirano aya	102	
hyakuya mikaela	102	owari no seraph
ichikawa kana	102	boku no kokoro no yabai yatsu
inu (sakamata chloe)	102	hololive
kaburaki roco	102	nijisanji
kagenui yozuru	102	monogatari (series)
kirara (cat) (genshin impact)	102	genshin impact
knight princess annelotte	102	queen's blade, queen's blade rebellion
kohagura ellen	102	toji no miko
koube shio	102	happy sugar life
kurata tome	102	mob psycho 100
kureha yuna	102	magia record: mahou shoujo madoka magica gaiden, mahou shoujo madoka magica
kurumi (hazakura hinata)	102	original
lanmei	102	original
leto (arknights)	102	arknights
liza (pokemon)	102	pokemon
mito anji	102	guilty gear
morelull	102	pokemon
moro no ichizoku	102	mononoke hime
nakamori aoko	102	magic kaito
nicky blake	102	black survival
nijihara ink	102	moetan
nitocris alter (second ascension) (fate)	102	fate/grand order, fate (series)
peony (fire emblem)	102	fire emblem, fire emblem heroes
pohwaran	102	blade & soul
rabirin (precure)	102	precure, healin' good precure
rashinban musume	102	kantai collection
rob lucci	102	one piece
ryuukyuu	102	boku no hero academia
sakura miko (hololive summer 2019)	102	hololive
seto sun	102	seto no hanayome
shichimiya satone	102	chuunibyou demo koi ga shitai!
shinomiya rina	102	digimon
shirayuki noa	102	tenshi souzou re-boot!
shurelia (ar tonelico)	102	ar tonelico
succubus (disgaea)	102	disgaea
suzuki masaru	102	nijisanji
taketatsu ayana	102	
temari (nekomata okayu)	102	hololive
titania (fire emblem)	102	fire emblem
tsukishima maira	102	mewkledreamy
vestal (azur lane)	102	azur lane
waka (yuuhagi (amaretto-no-natsu))	102	original
yamazaki sousuke	102	free!
yuzuki yukari (vocaloid4)	102	vocaloid, voiceroid
zamasu	102	dragon ball
acheron (izumo) (honkai: star rail)	101	honkai: star rail, honkai (series)
alma elma	101	mon-musu quest!
alolan meowth	101	pokemon
anastasia (swimsuit archer) (second ascension) (fate)	101	fate/grand order, fate (series)
aoki kei	101	idolmaster, idolmaster cinderella girls
aomine daiki	101	kuroko no basuke
aphrodite (hades)	101	hades (series)
ar-57 (girls' frontline)	101	girls' frontline
aradia ravencroft	101	hololive, hololive english
archerko (himura kiseki)	101	fate (series)
axel (kingdom hearts)	101	kingdom hearts
ayase ena	101	yotsubato!
barghest (swimsuit archer) (first ascension) (fate)	101	fate/grand order, fate (series)
bat-eared fox (kemono friends)	101	kemono friends
belfast (the noble attendant) (azur lane)	101	azur lane
bkornblume	101	reverse:1999
cappy (mario)	101	mario (series)
carol (skullgirls)	101	skullgirls
ciel (elsword)	101	elsword
corrin (female) (adrift) (fire emblem)	101	fire emblem
daidouji kira	101	arcana heart
dark link	101	the legend of zelda
deino (pokemon)	101	pokemon
eclipse (brown dust 2)	101	brown dust (series), brown dust 2
elise (league of legends)	101	league of legends
espoir city (umamusume)	101	umamusume
exeggutor	101	pokemon
flametail (sport for all) (arknights)	101	arknights
fletcher (swimsuit mode) (kancolle)	101	kantai collection
furby	101	
ghost devil (chainsaw man)	101	chainsaw man
giroro	101	keroro gunsou
gloom (pokemon)	101	pokemon
glorious (pungent plum) (azur lane)	101	azur lane
godolphin barb (umamusume)	101	umamusume
gonzalez (machita chima)	101	nijisanji
henrietta (zankuro)	101	original
hisuian lilligant	101	pokemon
ichimaru gin	101	bleach
inukai komugi (dog)	101	precure, wonderful precure!
io (code vein)	101	code vein
iris amicitia	101	final fantasy, final fantasy xv
ishikawa yui	101	
kai (blue archive)	101	blue archive
kalifa (one piece)	101	one piece
kishido temma	101	holostars
klein (honkai impact)	101	honkai (series), honkai impact 3rd
kuga yuuma	101	world trigger
lamretta	101	granblue fantasy
lewisia aquablue	101	bombergirl
lich (monster girl encyclopedia)	101	monster girl encyclopedia
lucina (valentine) (fire emblem)	101	fire emblem, fire emblem awakening
lucy loud	101	the loud house
m1911 (girls' frontline)	101	girls' frontline
machiko ryou	101	koufuku graffiti
melleau	101	granblue fantasy
millie parfait (1st costume)	101	nijisanji, nijisanji en
mitsuba greyvalley	101	super robot wars
moby (elsword)	101	elsword
moran (nikke)	101	goddess of victory: nikke
mordred (swimsuit rider) (second ascension) (fate)	101	fate (series)
narmaya (holiday) (granblue fantasy)	101	granblue fantasy
ninamori eri	101	flcl
ning hai (summer hunger) (azur lane)	101	azur lane
nuernberg (azur lane)	101	azur lane
ol-chan (udon)	101	original
paldea mother	101	pokemon, pokemon sv
poniko (lielos)	101	original
remy (elsword)	101	elsword
rimururu	101	samurai spirits
ringorou (idolmaster)	101	idolmaster, idolmaster cinderella girls
rita (sweethex)	101	
rita rossweisse (phantom iron)	101	honkai (series), honkai impact 3rd
rukino saki	101	kakumeiki valvrave
sam porter bridges	101	death stranding
sarah (pokemon)	101	pokemon
sawsbuck	101	pokemon
sekka (kageshio)	101	original
selena: capriccio (pgr)	101	punishing: gray raven
selena: tempest (pgr)	101	punishing: gray raven
seychelles (hetalia)	101	axis powers hetalia
shampoo (cat)	101	ranma 1/2
shiiba tsumugi	101	sanoba witch
shirafuji kyouko	101	working!!
springfield (queen in radiance) (girls' frontline)	101	girls' frontline
stylet	101	frame arms girl
sukeban (sr) (blue archive)	101	blue archive
super sailor saturn	101	bishoujo senshi sailor moon
sylvia sherwood	101	spy x family
synth (iahfy)	101	original
tataru taru	101	final fantasy, final fantasy xiv
ten'i (ikkitousen)	101	ikkitousen
theresis (arknights)	101	arknights
todo erena	101	love live!, love live! school idol project
tonbokiri (touken ranbu)	101	touken ranbu
traptrix rafflesia	101	yu-gi-oh!
tsukisaka sayu	101	re:stage!
tuka luna marceau	101	gate - jieitai ka no chi nite kaku tatakaeri
uki violeta	101	nijisanji, nijisanji en
utaha (cheer squad) (blue archive)	101	blue archive
watanabe akari	101	fuufu ijou koibito miman.
ylgr (fire emblem)	101	fire emblem, fire emblem heroes
yo-class submarine	101	kantai collection
yuuki mizuho	101	kakyuusei, kakyuusei (series)
yuyaki (senran kagura)	101	senran kagura
zeppy (azur lane)	101	azur lane
ak-47 (girls' frontline)	100	girls' frontline
alex (aestheticc-meme)	100	original
alexiel (summer) (granblue fantasy)	100	granblue fantasy
anastasia hoshin	100	re:zero kara hajimeru isekai seikatsu
annie (skullgirls)	100	skullgirls
bardiche (assault form) (nanoha)	100	lyrical nanoha
bluecher (azur lane)	100	azur lane
borsalino (kizaru)	100	one piece
buzzwole	100	pokemon
clift	100	dragon quest, dragon quest iv
commander (girls' frontline) (xiujia yihuizi)	100	girls' frontline
cream (cream)	100	original
cremia	100	the legend of zelda, the legend of zelda: majora's mask
cygnet (retrofit) (azur lane)	100	azur lane
dovakini-chan (nisetanaka)	100	the elder scrolls, the elder scrolls v: skyrim
dtto.	100	
dunsparce	100	pokemon
eguchi sera	100	saki (manga)
eupha (metaphor: refantazio)	100	metaphor: refantazio
evangelyne (wakfu)	100	wakfu
fenrir (last origin)	100	last origin
fulgur ovid	100	nijisanji, nijisanji en
futaba aoi (naomi)	100	original
giant penguin (kemono friends)	100	kemono friends
gliscor	100	pokemon
greedent	100	pokemon
gundam alex	100	gundam, gundam 0080
h'aanit (octopath traveler)	100	octopath traveler
hanabi (senran kagura)	100	senran kagura
hibiki (azur lane)	100	azur lane
hirose sumire	100	saki (manga)
hitotsubashi yurie	100	kamichu!
holstein (cccpo)	100	original
homei (honkai impact)	100	honkai (series)
hoshizaki akari	100	ongeki
hoshizuki kaede	100	kaede to suzu
hound (sekaiju)	100	sekaiju no meikyuu
inazuma (azur lane)	100	azur lane
janine (pokemon)	100	pokemon
jasminka antonenko	100	little witch academia
jesse pinkman	100	breaking bad
juliona trans	100	
kamen rider 1 (shin)	100	kamen rider, shin kamen rider
kashino (fresh and sweet) (azur lane)	100	azur lane
kawasumi ayako	100	
kikunojo (one piece)	100	one piece
kinugawa sana	100	original
koyanskaya (assassin) (third ascension) (fate)	100	fate/grand order, fate (series)
kurumi noah (7th costume)	100	vspo!
kyo kaneko	100	nijisanji, nijisanji en
lead white (tsurunoka)	100	original
lelei la lalena	100	gate - jieitai ka no chi nite kaku tatakaeri
lickitung	100	pokemon
lloyd bannings	100	eiyuu densetsu
lord dearche	100	lyrical nanoha
luna (sailor moon) (human)	100	bishoujo senshi sailor moon
maid-chan (ramchi)	100	original
makarov (girls' frontline)	100	girls' frontline
marshall d. teach	100	one piece
martina crespi	100	world witches series
medicham	100	pokemon
medusa gorgon	100	soul eater
melli (pokemon)	100	pokemon, pokemon legends: arceus
minato mio	100	aikatsu! (series), aikatsu friends!
miriam hildegard von gropius	100	assault lily
misaka shiori	100	kanon
monk (sekaiju)	100	sekaiju no meikyuu
mono (shadow of the colossus)	100	
nergigante	100	monster hunter (series)
nidoran (male)	100	pokemon
norman (yakusoku no neverland)	100	yakusoku no neverland
northern water princess	100	kantai collection
oerba yun fang	100	final fantasy, final fantasy xiii
oozora subaru (new year)	100	hololive
ottilie (spindle (aidenr0))	100	original
pikipek	100	pokemon
primula	100	shuffle!
ramina (baallore)	100	original
ran (urusei yatsura)	100	urusei yatsura
rinne berlinetta	100	lyrical nanoha, vivid strike!
sarya (granblue fantasy)	100	granblue fantasy
shin getter-1	100	getter robo
souryuu (lawson) (kancolle)	100	kantai collection
terra (kingdom hearts)	100	kingdom hearts
themis (ff14)	100	final fantasy, final fantasy xiv
todoroki fuyumi	100	boku no hero academia
tomoe gozen (traveling outfit) (fate)	100	fate/grand order, fate (series)
trung trac (second ascension) (fate)	100	fate (series)
type 97 (peony) (girls' frontline)	100	girls' frontline
web (cookie)	100	cookie (touhou)
yamashita majime	100	shimeji simulation
yulha (nikke)	100	goddess of victory: nikke
yune (ikoku meiro no croisee)	100	ikoku meiro no croisee
zeong	100	
zero (zero kara hajimeru mahou no sho)	100	
